frame,seconds,target_polarity,predicted_polarity,polarity_correct,effective_gate,nearest_anchor_seconds,teacher_error,teacher_iou,rollout_error,rollout_iou,oracle_polarity_rollout_error
0,0.0,0,0,1,0.0,-1.0,0.0,1.0,0.0,1.0,0.0
1,0.03333333333333333,0,0,1,0.0,-1.0,0.0,1.0,0.0,1.0,0.0
2,0.06666666666666667,0,0,1,0.0,-1.0,0.0,1.0,0.0,1.0,0.0
3,0.1,0,0,1,0.0,-1.0,0.0,1.0,0.0,1.0,0.0
4,0.13333333333333333,0,0,1,0.0,-1.0,0.0,1.0,0.0,1.0,0.0
5,0.16666666666666666,0,0,1,0.0,-1.0,0.0,1.0,0.0,1.0,0.0
6,0.2,0,0,1,0.0,-1.0,0.0,1.0,0.0,1.0,0.0
7,0.23333333333333334,0,0,1,0.0,-1.0,0.0,1.0,0.0,1.0,0.0
8,0.26666666666666666,0,0,1,0.0,-1.0,0.0,1.0,0.0,1.0,0.0
9,0.3,0,0,1,0.0,-1.0,0.0,1.0,0.0,1.0,0.0
10,0.3333333333333333,0,0,1,0.0,-1.0,0.0,1.0,0.0,1.0,0.0
11,0.36666666666666664,0,0,1,0.0,-1.0,0.0,1.0,0.0,1.0,0.0
12,0.4,0,0,1,0.0,-1.0,0.0,1.0,0.0,1.0,0.0
13,0.43333333333333335,0,0,1,0.0,-1.0,0.0,1.0,0.0,1.0,0.0
14,0.4666666666666667,0,0,1,0.0,-1.0,0.0,1.0,0.0,1.0,0.0
15,0.5,0,0,1,0.0,-1.0,0.0,1.0,0.0,1.0,0.0
16,0.5333333333333333,0,0,1,0.0,-1.0,0.0,1.0,0.0,1.0,0.0
17,0.5666666666666667,0,0,1,0.0,-1.0,0.0,1.0,0.0,1.0,0.0
18,0.6,0,0,1,0.0,-1.0,0.0,1.0,0.0,1.0,0.0
19,0.6333333333333333,0,0,1,0.0,-1.0,0.0,1.0,0.038874308268229164,0.48056284586588544,0.038874308268229164
20,0.6666666666666666,0,0,1,0.0,-1.0,0.0,1.0,0.142669677734375,0.4286651611328125,0.142669677734375
21,0.7,0,0,1,0.0,-1.0,0.0,1.0,0.2788187662760417,0.3605906168619792,0.2788187662760417
22,0.7333333333333333,0,0,1,0.0,-1.0,0.0,1.0,0.3099873860677083,0.3450063069661458,0.3099873860677083
23,0.7666666666666667,0,0,1,0.0,-1.0,0.0,1.0,0.240478515625,0.3797607421875,0.240478515625
24,0.8,0,0,1,0.0,-1.0,0.0,1.0,0.20125834147135416,0.39937082926432294,0.20125834147135416
25,0.8333333333333334,0,0,1,0.0,-1.0,0.0,1.0,0.14742533365885416,0.42628733317057294,0.14742533365885416
26,0.8666666666666667,0,0,1,0.0,-1.0,0.0,1.0,0.10138448079427083,0.44930775960286456,0.10138448079427083
27,0.9,0,0,1,0.0,-1.0,0.0,1.0,0.12276713053385417,0.43861643473307294,0.12276713053385417
28,0.9333333333333333,0,0,1,0.0,-1.0,0.0,1.0,0.1418914794921875,0.42905426025390625,0.1418914794921875
29,0.9666666666666667,0,0,1,0.0,-1.0,0.0,1.0,0.1637725830078125,0.41811370849609375,0.1637725830078125
30,1.0,0,0,1,0.0,-1.0,0.0,1.0,0.17372639973958334,0.4131368001302083,0.17372639973958334
31,1.0333333333333334,0,0,1,0.0,-1.0,0.0,1.0,0.1769256591796875,0.41153717041015625,0.1769256591796875
32,1.0666666666666667,0,0,1,0.0,-1.0,0.0,1.0,0.1746826171875,0.41265869140625,0.1746826171875
33,1.1,0,0,1,0.0,-1.0,0.0,1.0,0.17425537109375,0.412872314453125,0.17425537109375
34,1.1333333333333333,0,0,1,0.0,-1.0,0.0,1.0,0.1764678955078125,0.41176605224609375,0.1764678955078125
35,1.1666666666666667,0,0,1,0.0,-1.0,0.0,1.0,0.1655731201171875,0.41721343994140625,0.1655731201171875
36,1.2,0,0,1,0.0,-1.0,0.0,1.0,0.14800516764322916,0.42599741617838544,0.14800516764322916
37,1.2333333333333334,0,0,1,0.0,-1.0,0.0,1.0,0.12866719563802084,0.43566640218098956,0.12866719563802084
38,1.2666666666666666,0,0,1,0.0,-1.0,0.0,1.0,0.12436930338541667,0.4378153483072917,0.12436930338541667
39,1.3,0,0,1,0.0,-1.0,0.0,1.0,0.13525899251302084,0.43237050374348956,0.13525899251302084
40,1.3333333333333333,0,0,1,0.0,-1.0,0.0,1.0,0.15610249837239584,0.42194875081380206,0.15610249837239584
41,1.3666666666666667,0,0,1,0.0,-1.0,0.0,1.0,0.18119303385416666,0.4094034830729167,0.18119303385416666
42,1.4,0,0,1,0.0,-1.0,0.0,1.0,0.1974945068359375,0.40125274658203125,0.1974945068359375
43,1.4333333333333333,0,0,1,0.0,-1.0,0.0007883707682291666,0.49960581461588544,0.21844482421875,0.390777587890625,0.21844482421875
44,1.4666666666666666,0,0,1,0.0,-1.0,0.023712158203125,0.5061234932999298,0.2557779947916667,0.3721110026041667,0.2557779947916667
45,1.5,0,0,1,0.0,-1.0,0.0226898193359375,0.7472107045497872,0.2870737711588542,0.35646311442057294,0.2870737711588542
46,1.5333333333333334,0,0,1,0.0,-1.0,0.035573323567708336,0.7255675429128714,0.301727294921875,0.3491363525390625,0.301727294921875
47,1.5666666666666667,0,0,1,0.0,-1.0,0.051111857096354164,0.6582645499480222,0.3027191162109375,0.34864044189453125,0.3027191162109375
48,1.6,0,0,1,0.0,-1.0,0.0526275634765625,0.6548133687503,0.3117523193359375,0.34412384033203125,0.3117523193359375
49,1.6333333333333333,0,0,1,0.0,-1.0,0.0908050537109375,0.5354206191853861,0.3303731282552083,0.3348134358723958,0.3303731282552083
50,1.6666666666666667,0,0,1,0.0,-1.0,0.116058349609375,0.617544966122857,0.4433644612630208,0.27831776936848956,0.4433644612630208
51,1.7,0,0,1,0.0,-1.0,0.0732879638671875,0.809809357645167,0.516387939453125,0.241856581919416,0.516387939453125
52,1.7333333333333334,0,0,1,0.0,-1.0,0.048746744791666664,0.8864272798338433,0.564727783203125,0.21982873239023867,0.564727783203125
53,1.7666666666666666,0,0,1,0.0,-1.0,0.033833821614583336,0.924293181252416,0.5799713134765625,0.21568557337608601,0.5799713134765625
54,1.8,0,0,1,0.0,-1.0,0.0313873291015625,0.9297074450809452,0.5788523356119791,0.21697656286692657,0.5788523356119791
55,1.8333333333333333,0,0,1,0.0,-1.0,0.035863240559895836,0.9168843399833209,0.5650634765625,0.22269639872010508,0.5650634765625
56,1.8666666666666667,0,0,1,0.0,-1.0,0.037495930989583336,0.9069053379590879,0.5446573893229166,0.23113092741073857,0.5446573893229166
57,1.9,0,0,1,0.0,-1.0,0.035649617513020836,0.902915220940744,0.5253346761067709,0.23965359891637347,0.5253346761067709
58,1.9333333333333333,0,0,1,0.0,-1.0,0.030705769856770832,0.9076152397708503,0.5225880940755209,0.2404855609542423,0.5225880940755209
59,1.9666666666666666,0,0,1,0.0,-1.0,0.023712158203125,0.9229244715835123,0.5412343343098959,0.23096580735007174,0.5412343343098959
60,2.0,0,0,1,0.0,-1.0,0.025370279947916668,0.9148065189526343,0.5689595540364584,0.21724278016670612,0.5689595540364584
61,2.033333333333333,0,0,1,0.0,-1.0,0.044169108072916664,0.861627363557103,0.6326802571614584,0.18715333902587922,0.6326802571614584
62,2.066666666666667,0,0,1,0.0,-1.0,0.049601236979166664,0.8596626838719793,0.6998240152994791,0.15969795907399678,0.6998240152994791
63,2.1,0,0,1,0.0,-1.0,0.047393798828125,0.8765301772605492,0.7158559163411459,0.16022891201222797,0.7158559163411459
64,2.1333333333333333,0,0,1,0.0,-1.0,0.048146565755208336,0.8827126517826489,0.7239888509114584,0.15968822526758697,0.7239888509114584
65,2.1666666666666665,0,0,1,0.0,-1.0,0.044672648111979164,0.8961735942280914,0.71636962890625,0.16461976390915117,0.71636962890625
66,2.2,0,0,1,0.0,-1.0,0.039276123046875,0.9117800540064059,0.7064717610677084,0.1679510253482996,0.7064717610677084
67,2.2333333333333334,0,0,1,0.0,-1.0,0.0380401611328125,0.9169967649174312,0.7060546875,0.16395705272219036,0.7060546875
68,2.2666666666666666,0,0,1,0.0,-1.0,0.036916097005208336,0.9212284465005242,0.69659423828125,0.165654841323232,0.69659423828125
69,2.3,0,0,1,0.0,-1.0,0.034108479817708336,0.9284182895131428,0.6689453125,0.18117073098173755,0.6689453125
70,2.3333333333333335,0,0,1,0.0,-1.0,0.034215291341145836,0.9294765820301782,0.6333872477213541,0.20540620297081835,0.6333872477213541
71,2.3666666666666667,0,0,1,0.0,-1.0,0.032536824544270836,0.9337627195792958,0.6179046630859375,0.21555590606205866,0.6179046630859375
72,2.4,0,0,1,0.0,-1.0,0.032750447591145836,0.9341934885488086,0.6181742350260416,0.2077683643453728,0.6181742350260416
73,2.433333333333333,0,0,1,0.0,-1.0,0.027852376302083332,0.944229928863813,0.6183624267578125,0.19720951955769586,0.6183624267578125
74,2.466666666666667,0,0,1,0.0,-1.0,0.0254364013671875,0.9493464742469424,0.6017608642578125,0.2031688562075773,0.6017608642578125
75,2.5,0,0,1,0.0,-1.0,0.022908528645833332,0.9545861036054384,0.5824788411458334,0.21183991825294557,0.5824788411458334
76,2.533333333333333,0,0,1,0.0,-1.0,0.0277252197265625,0.945624958895616,0.5613606770833334,0.2216044865286845,0.5613606770833334
77,2.566666666666667,0,0,1,0.0,-1.0,0.033599853515625,0.9348049906083167,0.5371144612630209,0.23284858071520442,0.5371144612630209
78,2.6,0,0,1,0.0,-1.0,0.025482177734375,0.9502927549363545,0.515167236328125,0.24428718039650366,0.515167236328125
79,2.6333333333333333,0,0,1,0.0,-1.0,0.023137410481770832,0.9547573401104313,0.4962615966796875,0.2540328003994393,0.4962615966796875
80,2.6666666666666665,0,0,1,0.0,-1.0,0.0246429443359375,0.9518276587531123,0.4845072428385417,0.2604967530777327,0.4845072428385417
81,2.7,0,0,1,0.0,-1.0,0.032847086588541664,0.9361821203806033,0.4724171956380208,0.2674181122240445,0.4724171956380208
82,2.7333333333333334,0,0,1,0.0,-1.0,0.038991292317708336,0.924493711427514,0.4633687337239583,0.2727729435633114,0.4633687337239583
83,2.7666666666666666,0,0,1,0.0,-1.0,0.042149861653645836,0.9184152441051512,0.4574635823567708,0.27596301266767337,0.4574635823567708
84,2.8,0,0,1,0.0,-1.0,0.0399932861328125,0.9222558737693651,0.4521942138671875,0.2784775223664745,0.4521942138671875
85,2.8333333333333335,0,0,1,0.0,-1.0,0.033457438151041664,0.9344001751012465,0.4474589029947917,0.2800484131195768,0.4474589029947917
86,2.8666666666666667,0,0,1,0.0,-1.0,0.026051839192708332,0.9484606623147999,0.44451904296875,0.2809551916160895,0.44451904296875
87,2.9,0,0,1,0.0,-1.0,0.023646036783854168,0.9530664521927332,0.4412129720052083,0.28219383106244356,0.4412129720052083
88,2.933333333333333,0,0,1,0.0,-1.0,0.02239990234375,0.955448814105195,0.4388427734375,0.28293226507805863,0.4388427734375
89,2.966666666666667,0,0,1,0.0,-1.0,0.024907430013020832,0.9505435590375242,0.4356689453125,0.2839941202442282,0.4356689453125
90,3.0,0,0,1,0.0,-1.0,0.0260467529296875,0.9482456847226345,0.4307352701822917,0.2856293341158115,0.4307352701822917
91,3.033333333333333,0,0,1,0.0,-1.0,0.024317423502604168,0.9514422926098323,0.4245351155598958,0.2882667963218296,0.4245351155598958
92,3.066666666666667,0,0,1,0.0,-1.0,0.020609537760416668,0.9585653019445366,0.4196726481119792,0.29031338044414234,0.4196726481119792
93,3.1,0,0,1,0.0,-1.0,0.019902547200520832,0.9598519811738369,0.4159138997395833,0.2920632762025668,0.4159138997395833
94,3.1333333333333333,0,0,1,0.0,-1.0,0.019124348958333332,0.96128603720285,0.4118245442708333,0.2940877278645833,0.4118245442708333
95,3.1666666666666665,0,0,1,0.0,-1.0,0.017252604166666668,0.9648957704387621,0.40618896484375,0.296905517578125,0.40618896484375
96,3.2,0,0,1,0.0,-1.0,0.0159454345703125,0.967366139736618,0.3995259602864583,0.30024771816259455,0.3995259602864583
97,3.2333333333333334,0,0,1,0.0,-1.0,0.015635172526041668,0.9678216875599359,0.3929901123046875,0.3035432421637471,0.3929901123046875
98,3.2666666666666666,0,0,1,0.0,-1.0,0.014521280924479166,0.969913417302743,0.3865407307942708,0.3068582983876152,0.3865407307942708
99,3.3,0,0,1,0.0,-1.0,0.013804117838541666,0.9712126448263689,0.380157470703125,0.3101214501382128,0.380157470703125
100,3.3333333333333335,0,0,1,0.0,-1.0,0.011927286783854166,0.9749212725572007,0.3740946451822917,0.3132097450892476,0.3740946451822917
101,3.3666666666666667,0,0,1,0.0,-1.0,0.010467529296875,0.9778251565604218,0.3689168294270833,0.3158331557347681,0.3689168294270833
102,3.4,0,0,1,0.0,-1.0,0.011210123697916666,0.9761545942007281,0.3645680745442708,0.3180241757900059,0.3645680745442708
103,3.433333333333333,0,0,1,0.0,-1.0,0.013493855794270834,0.9712220212164961,0.3603566487630208,0.3200794065743293,0.3603566487630208
104,3.466666666666667,0,0,1,0.0,-1.0,0.0108795166015625,0.9765968365481881,0.3556060791015625,0.3223717979476412,0.3556060791015625
105,3.5,0,0,1,0.0,-1.0,0.011561075846354166,0.9750236809442602,0.3514658610026042,0.3243431573046482,0.3514658610026042
106,3.533333333333333,0,0,1,0.0,-1.0,0.014994303385416666,0.9675570097764878,0.3467254638671875,0.32668243318162127,0.3467254638671875
107,3.566666666666667,0,0,1,0.0,-1.0,0.020390828450520832,0.9558044216607344,0.3396402994791667,0.33021296719845045,0.3396402994791667
108,3.6,0,0,1,0.0,-1.0,0.025980631510416668,0.9435937627816788,0.3339996337890625,0.3330137121635046,0.3339996337890625
109,3.6333333333333333,0,0,1,0.0,-1.0,0.027399698893229168,0.9402144061731184,0.3303426106770833,0.3348355529004174,0.3303426106770833
110,3.6666666666666665,0,0,1,0.0,-1.0,0.028371175130208332,0.9378458367820771,0.329437255859375,0.3352813720703125,0.329437255859375
111,3.7,0,0,1,0.0,-1.0,0.026234944661458332,0.9423068002906572,0.3295796712239583,0.3352101643880208,0.3295796712239583
112,3.7333333333333334,0,0,1,0.0,-1.0,0.021128336588541668,0.9533642243205211,0.3303731282552083,0.3348134358723958,0.3303731282552083
113,3.7666666666666666,0,0,1,0.0,-1.0,0.020838419596354168,0.9540501423480758,0.3305511474609375,0.33472442626953125,0.3305511474609375
114,3.8,0,0,1,0.0,-1.0,0.02044677734375,0.9548553045545938,0.3301900227864583,0.3349049886067708,0.3301900227864583
115,3.8333333333333335,0,0,1,0.0,-1.0,0.020741780598958332,0.9540980194001778,0.327392578125,0.3363037109375,0.327392578125
116,3.8666666666666667,0,0,1,0.0,-1.0,0.0210723876953125,0.9531015761419691,0.322418212890625,0.3387908935546875,0.322418212890625
117,3.9,0,0,1,0.0,-1.0,0.0179901123046875,0.9595173215993839,0.3168996175130208,0.34155019124348956,0.3168996175130208
118,3.933333333333333,0,0,1,0.0,-1.0,0.015446980794270834,0.9648649451226516,0.3134358723958333,0.3432820638020833,0.3134358723958333
119,3.966666666666667,0,0,1,0.0,-1.0,0.014684041341145834,0.9664088318652495,0.3114522298177083,0.3442738850911458,0.3114522298177083
120,4.0,0,0,1,0.0,-1.0,0.01446533203125,0.9668089362039006,0.3097279866536458,0.34513600667317706,0.3097279866536458
121,4.033333333333333,0,0,1,0.0,-1.0,0.015004475911458334,0.9654853987533154,0.3080698649088542,0.34596506754557294,0.3080698649088542
122,4.066666666666666,0,0,1,0.0,-1.0,0.015492757161458334,0.9642726122526724,0.3064219156901042,0.34678904215494794,0.3064219156901042
123,4.1,0,0,1,0.0,-1.0,0.015614827473958334,0.9638371341491625,0.3038177490234375,0.34809112548828125,0.3038177490234375
124,4.133333333333334,0,0,1,0.0,-1.0,0.0128021240234375,0.9700897654529697,0.3000386555989583,0.3499806722005208,0.3000386555989583
125,4.166666666666667,0,0,1,0.0,-1.0,0.011820475260416666,0.9721584827244694,0.2964680989583333,0.3517659505208333,0.2964680989583333
126,4.2,0,0,1,0.0,-1.0,0.010711669921875,0.9745733031132038,0.2931009928385417,0.3534495035807292,0.2931009928385417
127,4.233333333333333,0,0,1,0.0,-1.0,0.008371988932291666,0.9799699184818674,0.2912699381510417,0.3543650309244792,0.2912699381510417
128,4.266666666666667,0,0,1,0.0,-1.0,0.009134928385416666,0.9780798392747722,0.2887929280598958,0.35560353597005206,0.2887929280598958
129,4.3,0,0,1,0.0,-1.0,0.013804117838541666,0.9668241188920397,0.2834523518880208,0.35827382405598956,0.2834523518880208
130,4.333333333333333,0,0,1,0.0,-1.0,0.011260986328125,0.9725146099584367,0.2773996988932292,0.36130015055338544,0.2773996988932292
131,4.366666666666666,0,0,1,0.0,-1.0,0.009145100911458334,0.9774038513147356,0.2749532063802083,0.3625233968098958,0.2749532063802083
132,4.4,0,0,1,0.0,-1.0,0.012369791666666666,0.9694347183585355,0.27301025390625,0.363494873046875,0.27301025390625
133,4.433333333333334,0,0,1,0.0,-1.0,0.016092936197916668,0.9602189348016058,0.2701517740885417,0.3649241129557292,0.2701517740885417
134,4.466666666666667,0,0,1,0.0,-1.0,0.018732706705729168,0.9536352524211889,0.2685801188151042,0.36570994059244794,0.2685801188151042
135,4.5,0,0,1,0.0,-1.0,0.0191802978515625,0.9523853661603454,0.266754150390625,0.3666229248046875,0.266754150390625
136,4.533333333333333,0,0,1,0.0,-1.0,0.019093831380208332,0.9524546829975608,0.265594482421875,0.3672027587890625,0.265594482421875
137,4.566666666666666,0,0,1,0.0,-1.0,0.016886393229166668,0.9577089616573747,0.2646331787109375,0.36768341064453125,0.2646331787109375
138,4.6,0,0,1,0.0,-1.0,0.0155181884765625,0.9609825001758523,0.2640482584635417,0.3679758707682292,0.2640482584635417
139,4.633333333333334,0,0,1,0.0,-1.0,0.01531982421875,0.961407172883588,0.2633921305338542,0.36830393473307294,0.2633921305338542
140,4.666666666666667,0,0,1,0.0,-1.0,0.01556396484375,0.9607749056005852,0.2627817789713542,0.36860911051432294,0.2627817789713542
141,4.7,0,0,1,0.0,-1.0,0.016316731770833332,0.9588309512470774,0.2615254720052083,0.3692372639973958,0.2615254720052083
142,4.733333333333333,0,0,1,0.0,-1.0,0.0176239013671875,0.955442572804499,0.2593587239583333,0.3703206380208333,0.2593587239583333
143,4.766666666666667,0,0,1,0.0,-1.0,0.015599568684895834,0.960239974065713,0.2573649088541667,0.3713175455729167,0.2573649088541667
144,4.8,0,0,1,0.0,-1.0,0.012919108072916666,0.9668411462078148,0.257354736328125,0.3713226318359375,0.257354736328125
145,4.833333333333333,0,0,1,0.0,-1.0,0.012715657552083334,0.9673981963213005,0.2587890625,0.37060546875,0.2587890625
146,4.866666666666666,0,0,1,0.0,-1.0,0.012339274088541666,0.9684244617368628,0.2596028645833333,0.3701985677083333,0.2596028645833333
147,4.9,0,0,1,0.0,-1.0,0.011016845703125,0.9717663146901265,0.2589263916015625,0.37053680419921875,0.2589263916015625
148,4.933333333333334,0,0,1,0.0,-1.0,0.010538736979166666,0.9729310549807503,0.2580057779947917,0.3709971110026042,0.2580057779947917
149,4.966666666666667,0,0,1,0.0,-1.0,0.010096232096354166,0.9739846624163708,0.2566477457682292,0.37167612711588544,0.2566477457682292
150,5.0,0,0,1,0.0,-1.0,0.009821573893229166,0.9745925766377397,0.2550303141276042,0.37248484293619794,0.2550303141276042
151,5.033333333333333,0,0,1,0.0,-1.0,0.009251912434895834,0.9759462149995598,0.2534230550130208,0.37328847249348956,0.2534230550130208
152,5.066666666666666,0,0,1,0.0,-1.0,0.008646647135416666,0.9773934266821951,0.2515818277994792,0.37420908610026044,0.2515818277994792
153,5.1,0,0,1,0.0,-1.0,0.007222493489583333,0.9809874836587418,0.24983723958333334,0.3750813802083333,0.24983723958333334
154,5.133333333333334,0,0,1,0.0,-1.0,0.007349650065104167,0.9805535473422673,0.24782307942708334,0.3760884602864583,0.24782307942708334
155,5.166666666666667,0,0,1,0.0,-1.0,0.008661905924479166,0.9769756785555388,0.24454243977864584,0.37772878011067706,0.24454243977864584
156,5.2,0,0,1,0.0,-1.0,0.00628662109375,0.9830889873241919,0.24178568522135416,0.37910715738932294,0.24178568522135416
157,5.233333333333333,0,0,1,0.0,-1.0,0.006886800130208333,0.981422607008287,0.24170939127604166,0.3791453043619792,0.24170939127604166
158,5.266666666666667,0,0,1,0.0,-1.0,0.0107879638671875,0.9710784316174108,0.241455078125,0.3792724609375,0.241455078125
159,5.3,0,0,1,0.0,-1.0,0.01458740234375,0.9610890173686275,0.2409515380859375,0.37953417249495763,0.2409515380859375
160,5.333333333333333,0,0,1,0.0,-1.0,0.0178070068359375,0.9527172289480375,0.2411041259765625,0.3794678055014651,0.2411041259765625
161,5.366666666666666,0,0,1,0.0,-1.0,0.018976847330729168,0.9497596699849953,0.242034912109375,0.3790319971747083,0.242034912109375
162,5.4,0,0,1,0.0,-1.0,0.0190887451171875,0.9496064475761303,0.243865966796875,0.3781258579512158,0.243865966796875
163,5.433333333333334,0,0,1,0.0,-1.0,0.018086751302083332,0.9523848242419655,0.24574788411458334,0.37713578129494807,0.24574788411458334
164,5.466666666666667,0,0,1,0.0,-1.0,0.015899658203125,0.9581775291743446,0.24735005696614584,0.37633462376626947,0.24735005696614584
165,5.5,0,0,1,0.0,-1.0,0.015462239583333334,0.959450930233885,0.24865214029947916,0.375683524950632,0.24865214029947916
166,5.533333333333333,0,0,1,0.0,-1.0,0.01629638671875,0.9574597949663028,0.2492523193359375,0.37538340927968605,0.2492523193359375
167,5.566666666666666,0,0,1,0.0,-1.0,0.017923990885416668,0.9533370276441617,0.24920145670572916,0.37540884280652187,0.24920145670572916
168,5.6,0,0,1,0.0,-1.0,0.0188446044921875,0.9509777893204343,0.24847920735677084,0.3757699989795918,0.24847920735677084
169,5.633333333333334,0,0,1,0.0,-1.0,0.0169525146484375,0.9556718113467642,0.247894287109375,0.3760624847393788,0.247894287109375
170,5.666666666666667,0,0,1,0.0,-1.0,0.013916015625,0.9634575661807805,0.24904886881510416,0.37547556559244794,0.24904886881510416
171,5.7,0,0,1,0.0,-1.0,0.013921101888020834,0.9636066558484623,0.2515513102213542,0.37422434488932294,0.2515513102213542
172,5.733333333333333,0,0,1,0.0,-1.0,0.014689127604166666,0.9618666797988898,0.2538604736328125,0.37306976318359375,0.2538604736328125
173,5.766666666666667,0,0,1,0.0,-1.0,0.013768513997395834,0.9643647175201926,0.255157470703125,0.3724212646484375,0.255157470703125
174,5.8,0,0,1,0.0,-1.0,0.0126953125,0.9671925400116321,0.2555898030598958,0.37220509847005206,0.2555898030598958
175,5.833333333333333,0,0,1,0.0,-1.0,0.0120849609375,0.9688062347256146,0.2561289469401042,0.37193552652994794,0.2561289469401042
176,5.866666666666666,0,0,1,0.0,-1.0,0.011260986328125,0.9709414551294571,0.2567850748697917,0.3716074625651042,0.2567850748697917
177,5.9,0,0,1,0.0,-1.0,0.010126749674479166,0.9738607346564034,0.25732421875,0.371337890625,0.25732421875
178,5.933333333333334,0,0,1,0.0,-1.0,0.008636474609375,0.9776987706466254,0.2581125895182292,0.37094370524088544,0.2581125895182292
179,5.966666666666667,0,0,1,0.0,-1.0,0.0073089599609375,0.9811156074114339,0.2586263020833333,0.3706868489583333,0.2586263020833333
180,6.0,0,0,1,0.0,-1.0,0.008209228515625,0.9788010148616901,0.2574310302734375,0.37128448486328125,0.2574310302734375
181,6.033333333333333,0,0,1,0.0,-1.0,0.0119476318359375,0.9691128675281362,0.253204345703125,0.3733978271484375,0.253204345703125
182,6.066666666666666,0,0,1,0.0,-1.0,0.009496053059895834,0.9751227367741442,0.2500966389973958,0.37495168050130206,0.2500966389973958
183,6.1,0,0,1,0.0,-1.0,0.00823974609375,0.9782899097211237,0.2501118977864583,0.3749440511067708,0.2501118977864583
184,6.133333333333334,0,0,1,0.0,-1.0,0.010838826497395834,0.9715570081718594,0.24992879231770834,0.3750356038411458,0.24992879231770834
185,6.166666666666667,0,0,1,0.0,-1.0,0.014200846354166666,0.9628665494677251,0.24868265787760416,0.37565867106119794,0.24868265787760416
186,6.2,0,0,1,0.0,-1.0,0.017023722330729168,0.9556098589646538,0.24849955240885416,0.37575022379557294,0.24849955240885416
187,6.233333333333333,0,0,1,0.0,-1.0,0.017649332682291668,0.9539880853678916,0.24805704752604166,0.3759714762369792,0.24805704752604166
188,6.266666666666667,0,0,1,0.0,-1.0,0.016957600911458332,0.955717172907494,0.24816385904947916,0.37591807047526044,0.24816385904947916
189,6.3,0,0,1,0.0,-1.0,0.015350341796875,0.9598346869836676,0.24881998697916666,0.3755900065104167,0.24881998697916666
190,6.333333333333333,0,0,1,0.0,-1.0,0.014129638671875,0.9630108613734938,0.24939982096354166,0.3753000895182292,0.24939982096354166
191,6.366666666666666,0,0,1,0.0,-1.0,0.014241536458333334,0.9627473834589587,0.24960835774739584,0.37519582112630206,0.24960835774739584
192,6.4,0,0,1,0.0,-1.0,0.0138092041015625,0.9638859432040736,0.24988301595052084,0.37505849202473956,0.24988301595052084
193,6.433333333333334,0,0,1,0.0,-1.0,0.015380859375,0.9598807740088993,0.24930826822916666,0.3753458658854167,0.24930826822916666
194,6.466666666666667,0,0,1,0.0,-1.0,0.016204833984375,0.9576601071530189,0.24797566731770834,0.3760121663411458,0.24797566731770834
195,6.5,0,0,1,0.0,-1.0,0.014862060546875,0.9609719503016068,0.24677530924479166,0.3766123453776042,0.24677530924479166
196,6.533333333333333,0,0,1,0.0,-1.0,0.00970458984375,0.97428010727124,0.24779256184895834,0.3761037190755208,0.24779256184895834
197,6.566666666666666,0,0,1,0.0,-1.0,0.0084686279296875,0.9776611391965179,0.2521464029947917,0.3739267985026042,0.2521464029947917
198,6.6,0,0,1,0.0,-1.0,0.0100555419921875,0.9738956758813956,0.2579193115234375,0.37104034423828125,0.2579193115234375
199,6.633333333333334,0,0,1,0.0,-1.0,0.011632283528645834,0.9703746586426938,0.2646484375,0.36767578125,0.2646484375
200,6.666666666666667,0,0,1,0.0,-1.0,0.014287312825520834,0.9643642276657329,0.2723490397135417,0.3638254801432292,0.2723490397135417
201,6.7,0,0,1,0.0,-1.0,0.017242431640625,0.9579597696859228,0.28125,0.359375,0.28125
202,6.733333333333333,0,0,1,0.0,-1.0,0.020599365234375,0.950984993145221,0.2911529541015625,0.35442352294921875,0.2911529541015625
203,6.766666666666667,0,0,1,0.0,-1.0,0.024281819661458332,0.9436388411600476,0.3019561767578125,0.34902191162109375,0.3019561767578125
204,6.8,0,0,1,0.0,-1.0,0.028584798177083332,0.93529380600755,0.3131561279296875,0.34342193603515625,0.3131561279296875
205,6.833333333333333,0,0,1,0.0,-1.0,0.030283610026041668,0.9327581004726986,0.3227640787760417,0.3386179606119792,0.3227640787760417
206,6.866666666666666,0,0,1,0.0,-1.0,0.032740275065104164,0.9283635863068445,0.3292083740234375,0.33539581298828125,0.3292083740234375
207,6.9,0,0,1,0.0,-1.0,0.035776774088541664,0.9225547992238419,0.3319549560546875,0.33402252197265625,0.3319549560546875
208,6.933333333333334,0,0,1,0.0,-1.0,0.031499226888020836,0.9316794743641378,0.3336334228515625,0.33318328857421875,0.3336334228515625
209,6.966666666666667,0,0,1,0.0,-1.0,0.031763712565104164,0.9313028326978912,0.3360443115234375,0.33197784423828125,0.3360443115234375
210,7.0,0,0,1,0.0,-1.0,0.033274332682291664,0.9286567355670255,0.3437906901041667,0.3281046549479167,0.3437906901041667
211,7.033333333333333,0,0,1,0.0,-1.0,0.0389556884765625,0.9179487569593544,0.3531901041666667,0.3234049479166667,0.3531901041666667
212,7.066666666666666,0,0,1,0.0,-1.0,0.04510498046875,0.9066981188211154,0.3628031412760417,0.3185984293619792,0.3628031412760417
213,7.1,0,0,1,0.0,-1.0,0.047607421875,0.9027373607704265,0.370697021484375,0.3146514892578125,0.370697021484375
214,7.133333333333334,0,0,1,0.0,-1.0,0.048482259114583336,0.9016750998133356,0.3753255208333333,0.3123372395833333,0.3753255208333333
215,7.166666666666667,0,0,1,0.0,-1.0,0.046112060546875,0.9064818349505032,0.3757883707682292,0.31210581461588544,0.3757883707682292
216,7.2,0,0,1,0.0,-1.0,0.041875203450520836,0.914588295948787,0.3731638590494792,0.31341807047526044,0.3731638590494792
217,7.233333333333333,0,0,1,0.0,-1.0,0.037384033203125,0.923067674603691,0.36767578125,0.316162109375,0.36767578125
218,7.266666666666667,0,0,1,0.0,-1.0,0.0411224365234375,0.9154404459414547,0.3668009440104167,0.3167554715488153,0.3668009440104167
219,7.3,0,0,1,0.0,-1.0,0.039581298828125,0.9183642862693294,0.3647613525390625,0.31796352392698424,0.3647613525390625
220,7.333333333333333,0,0,1,0.0,-1.0,0.0373382568359375,0.9225476351929521,0.3606160481770833,0.32035335301072054,0.3606160481770833
221,7.366666666666666,0,0,1,0.0,-1.0,0.032658894856770836,0.9315695581530641,0.3558502197265625,0.32295284598965895,0.3558502197265625
222,7.4,0,0,1,0.0,-1.0,0.032160441080729164,0.9319813337505669,0.3464864095052083,0.3275237834906993,0.3464864095052083
223,7.433333333333334,0,0,1,0.0,-1.0,0.028452555338541668,0.9387221135964221,0.3354390462239583,0.3331062728067832,0.3354390462239583
224,7.466666666666667,0,0,1,0.0,-1.0,0.024678548177083332,0.945755001875324,0.325347900390625,0.3382742545079712,0.325347900390625
225,7.5,0,0,1,0.0,-1.0,0.019978841145833332,0.955184087425069,0.31719970703125,0.34258632019666135,0.31719970703125
226,7.533333333333333,0,0,1,0.0,-1.0,0.015558878580729166,0.964504333041044,0.3117879231770833,0.34588005279813844,0.3117879231770833
227,7.566666666666666,0,0,1,0.0,-1.0,0.012095133463541666,0.9721261116413182,0.3100687662760417,0.3475946003454381,0.3100687662760417
228,7.6,0,0,1,0.0,-1.0,0.011464436848958334,0.9735456627228174,0.310150146484375,0.3489303612829414,0.310150146484375
229,7.633333333333334,0,0,1,0.0,-1.0,0.011820475260416666,0.9727687351950052,0.3102213541666667,0.35038342738293066,0.3102213541666667
230,7.666666666666667,0,0,1,0.0,-1.0,0.012120564778645834,0.9721069902479076,0.3100331624348958,0.35180357561898257,0.3100331624348958
231,7.7,0,0,1,0.0,-1.0,0.0120697021484375,0.9722216957424674,0.30908203125,0.35422794541296815,0.30908203125
232,7.733333333333333,0,0,1,0.0,-1.0,0.0119171142578125,0.9725511688810864,0.3077443440755208,0.35674330749621397,0.3077443440755208
233,7.766666666666667,0,0,1,0.0,-1.0,0.011820475260416666,0.9727499463427629,0.3064982096354167,0.3591468846638965,0.3064982096354167
234,7.8,0,0,1,0.0,-1.0,0.011271158854166666,0.9739762336266627,0.3051503499348958,0.3615869739704897,0.3051503499348958
235,7.833333333333333,0,0,1,0.0,-1.0,0.010121663411458334,0.9765648166784339,0.3039194742838542,0.36399207871856437,0.3039194742838542
236,7.866666666666666,0,0,1,0.0,-1.0,0.008890787760416666,0.9793604554212835,0.30267333984375,0.36664344256232806,0.30267333984375
237,7.9,0,0,1,0.0,-1.0,0.007990519205729166,0.981403454932668,0.30084228515625,0.36945786614029563,0.30084228515625
238,7.933333333333334,0,0,1,0.0,-1.0,0.007273356119791667,0.9830280272350451,0.2990519205729167,0.3719666967147548,0.2990519205729167
239,7.966666666666667,0,0,1,0.0,-1.0,0.0064697265625,0.9848561470205662,0.2974090576171875,0.3741281749774528,0.2974090576171875
240,8.0,0,0,1,0.0,-1.0,0.005437215169270833,0.9872195954247869,0.2953745524088542,0.3763502293840361,0.2953745524088542
241,8.033333333333333,0,0,1,0.0,-1.0,0.005126953125,0.987906491408174,0.2935028076171875,0.3781111659151315,0.2935028076171875
242,8.066666666666666,0,0,1,0.0,-1.0,0.0047149658203125,0.9888371624924104,0.2917022705078125,0.3797752381170773,0.2917022705078125
243,8.1,0,0,1,0.0,-1.0,0.003987630208333333,0.9905229377602466,0.2902679443359375,0.38152750642588973,0.2902679443359375
244,8.133333333333333,0,0,1,0.0,-1.0,0.0036468505859375,0.9913118477057881,0.2889912923177083,0.38335826561569014,0.2889912923177083
245,8.166666666666666,0,0,1,0.0,-1.0,0.003326416015625,0.9920591946629285,0.2882130940755208,0.3849091462764106,0.2882130940755208
246,8.2,0,0,1,0.0,-1.0,0.004058837890625,0.990314126755847,0.2884572347005208,0.3851281097604004,0.2884572347005208
247,8.233333333333333,0,0,1,0.0,-1.0,0.004669189453125,0.9888724217253222,0.2888641357421875,0.38541160109143535,0.2888641357421875
248,8.266666666666667,0,0,1,0.0,-1.0,0.00531005859375,0.9873736858128619,0.2896728515625,0.3853542181491783,0.2896728515625
249,8.3,0,0,1,0.0,-1.0,0.005366007486979167,0.9872756598250053,0.29107666015625,0.38508254036143885,0.29107666015625
250,8.333333333333334,0,0,1,0.0,-1.0,0.005742390950520833,0.9864269590857866,0.2925059000651042,0.3849304072470793,0.2925059000651042
251,8.366666666666667,0,0,1,0.0,-1.0,0.006159464518229167,0.9854954715567812,0.2942555745442708,0.38477702212255305,0.2942555745442708
252,8.4,0,0,1,0.0,-1.0,0.006561279296875,0.9846163443887774,0.2961883544921875,0.38416425161663204,0.2961883544921875
253,8.433333333333334,0,0,1,0.0,-1.0,0.007293701171875,0.9829821090576528,0.2988128662109375,0.3825627262202622,0.2988128662109375
254,8.466666666666667,0,0,1,0.0,-1.0,0.007527669270833333,0.9825301744479862,0.3018951416015625,0.3804416283854327,0.3018951416015625
255,8.5,0,0,1,0.0,-1.0,0.007695515950520833,0.9822347434853974,0.3048858642578125,0.37849038153204595,0.3048858642578125
256,8.533333333333333,0,0,1,0.0,-1.0,0.008305867513020834,0.9809394337513959,0.3080240885416667,0.3768560921276732,0.3080240885416667
257,8.566666666666666,0,0,1,0.0,-1.0,0.008880615234375,0.9797498862624558,0.3110605875651042,0.3757458474793583,0.3110605875651042
258,8.6,0,0,1,0.0,-1.0,0.008931477864583334,0.9797475901162764,0.31414794921875,0.37525295834812217,0.31414794921875
259,8.633333333333333,0,0,1,0.0,-1.0,0.009302775065104166,0.9790420148038017,0.3170827229817708,0.37522139927533726,0.3170827229817708
260,8.666666666666666,0,0,1,0.0,-1.0,0.009541829427083334,0.9786427610799344,0.3202260335286458,0.3748566360031782,0.3202260335286458
261,8.7,0,0,1,0.0,-1.0,0.009770711263020834,0.9782681574195358,0.3240559895833333,0.3733939844267642,0.3240559895833333
262,8.733333333333333,0,0,1,0.0,-1.0,0.010014851888020834,0.9778674114417304,0.3280893961588542,0.37142625784591154,0.3280893961588542
263,8.766666666666667,0,0,1,0.0,-1.0,0.010406494140625,0.9771488728527427,0.33197021484375,0.3702089114934528,0.33197021484375
264,8.8,0,0,1,0.0,-1.0,0.010477701822916666,0.9771301861141544,0.3355356852213542,0.36981083719457,0.3355356852213542
265,8.833333333333334,0,0,1,0.0,-1.0,0.010904947916666666,0.9763457309062404,0.3395436604817708,0.3685917671018744,0.3395436604817708
266,8.866666666666667,0,0,1,0.0,-1.0,0.011179606119791666,0.9759031071716624,0.344818115234375,0.3646796570534858,0.344818115234375
267,8.9,0,0,1,0.0,-1.0,0.010823567708333334,0.976788335744607,0.3502858479817708,0.3590914319976522,0.3502858479817708
268,8.933333333333334,0,0,1,0.0,-1.0,0.011561075846354166,0.9753550400670878,0.3561350504557292,0.3525215646668606,0.3561350504557292
269,8.966666666666667,0,0,1,0.0,-1.0,0.011906941731770834,0.974748468532422,0.3616841634114583,0.3465346779892414,0.3616841634114583
270,9.0,0,0,1,0.0,-1.0,0.012186686197916666,0.9742895117620752,0.3669942220052083,0.34187700685557054,0.3669942220052083
271,9.033333333333333,0,0,1,0.0,-1.0,0.0118560791015625,0.9750908747467725,0.3716786702473958,0.33846576824185737,0.3716786702473958
272,9.066666666666666,0,0,1,0.0,-1.0,0.011601765950520834,0.9757108583046776,0.3759511311848958,0.33573760421765353,0.3759511311848958
273,9.1,0,0,1,0.0,-1.0,0.011540730794270834,0.975925465593733,0.3808237711588542,0.3321833725139035,0.3808237711588542
274,9.133333333333333,0,0,1,0.0,-1.0,0.011327107747395834,0.976449470848872,0.3856913248697917,0.3277733470167605,0.3856913248697917
275,9.166666666666666,0,0,1,0.0,-1.0,0.0108642578125,0.9774751719906081,0.3902689615885417,0.3229733200350178,0.3902689615885417
276,9.2,0,0,1,0.0,-1.0,0.0110321044921875,0.9772004589763251,0.3944244384765625,0.31865083114028675,0.3944244384765625
277,9.233333333333333,0,0,1,0.0,-1.0,0.010965983072916666,0.9774024279141424,0.3973490397135417,0.31593790218152945,0.3973490397135417
278,9.266666666666667,0,0,1,0.0,-1.0,0.010538736979166666,0.9783280440963141,0.4005889892578125,0.3130243338681345,0.4005889892578125
279,9.3,0,0,1,0.0,-1.0,0.010233561197916666,0.9789985095020175,0.4037119547526042,0.309986995005679,0.4037119547526042
280,9.333333333333334,0,0,1,0.0,-1.0,0.009379069010416666,0.980772342369109,0.4059804280598958,0.307444830864824,0.4059804280598958
281,9.366666666666667,0,0,1,0.0,-1.0,0.008677164713541666,0.9822284330195883,0.4079233805338542,0.30528615008156,0.4079233805338542
282,9.4,0,0,1,0.0,-1.0,0.0080413818359375,0.9835407127814457,0.4095458984375,0.30311678028190875,0.4095458984375
283,9.433333333333334,0,0,1,0.0,-1.0,0.006947835286458333,0.9857779167531933,0.4105377197265625,0.3016949197051764,0.4105377197265625
284,9.466666666666667,0,0,1,0.0,-1.0,0.005950927734375,0.9878156334762864,0.4112803141276042,0.30060138085057436,0.4112803141276042
285,9.5,0,0,1,0.0,-1.0,0.005091349283854167,0.9895710005902281,0.4116363525390625,0.300114598037567,0.4116363525390625
286,9.533333333333333,0,0,1,0.0,-1.0,0.004465738932291667,0.990848466394966,0.4116058349609375,0.2999623164928171,0.4116058349609375
287,9.566666666666666,0,0,1,0.0,-1.0,0.004048665364583333,0.9916998674853454,0.4114532470703125,0.3000812087132877,0.4114532470703125
288,9.6,0,0,1,0.0,-1.0,0.0036265055338541665,0.9925613824037467,0.4110209147135417,0.30045952106343127,0.4110209147135417
289,9.633333333333333,0,0,1,0.0,-1.0,0.0034027099609375,0.9930190745304036,0.4108683268229167,0.30058845629445546,0.4108683268229167
290,9.666666666666666,0,0,1,0.0,-1.0,0.0032602945963541665,0.9933104340683614,0.4108988444010417,0.3004387942192413,0.4108988444010417
291,9.7,0,0,1,0.0,-1.0,0.0033365885416666665,0.9931547920917154,0.411041259765625,0.3002259453416047,0.411041259765625
292,9.733333333333333,0,0,1,0.0,-1.0,0.0032094319661458335,0.9934155528142272,0.4111277262369792,0.30008680102468965,0.4111277262369792
293,9.766666666666667,0,0,1,0.0,-1.0,0.0031585693359375,0.9935201225824655,0.4110870361328125,0.30020216149716733,0.4110870361328125
294,9.8,0,0,1,0.0,-1.0,0.0032908121744791665,0.9932500720654747,0.4111124674479167,0.3002385171998091,0.4111124674479167
295,9.833333333333334,0,0,1,0.0,-1.0,0.0032857259114583335,0.9932608575356363,0.4112192789713542,0.3001433650019174,0.4112192789713542
296,9.866666666666667,0,0,1,0.0,-1.0,0.0034891764322916665,0.9928455576739138,0.4113667805989583,0.29984367735861794,0.4113667805989583
297,9.9,0,0,1,0.0,-1.0,0.0035298665364583335,0.9927630400973821,0.4118245442708333,0.2994724139724506,0.4118245442708333
298,9.933333333333334,0,0,1,0.0,-1.0,0.0037129720052083335,0.9923897665652868,0.4117177327473958,0.2995872692434121,0.4117177327473958
299,9.966666666666667,0,0,1,0.0,-1.0,0.0037078857421875,0.992400745103198,0.4115193684895833,0.3000715822290693,0.4115193684895833
300,10.0,0,0,1,0.0,-1.0,0.003936767578125,0.9919339216079104,0.4108174641927083,0.30113916689870673,0.4108174641927083
301,10.033333333333333,0,0,1,0.0,-1.0,0.00396728515625,0.9918714294186387,0.4102528889973958,0.3020955031872722,0.4102528889973958
302,10.066666666666666,0,0,1,0.0,-1.0,0.004292805989583333,0.9912070865884748,0.4098765055338542,0.30282469115316624,0.4098765055338542
303,10.1,0,0,1,0.0,-1.0,0.004638671875,0.9905023409949918,0.4097442626953125,0.30314979225962596,0.4097442626953125
304,10.133333333333333,0,0,1,0.0,-1.0,0.0047760009765625,0.9902227932185108,0.4097747802734375,0.3031925930602837,0.4097747802734375
305,10.166666666666666,0,0,1,0.0,-1.0,0.005086263020833333,0.9895910543408117,0.4098409016927083,0.3033342179994143,0.4098409016927083
306,10.2,0,0,1,0.0,-1.0,0.0053253173828125,0.9891060224249576,0.4095509847005208,0.3040454594479723,0.4095509847005208
307,10.233333333333333,0,0,1,0.0,-1.0,0.005681355794270833,0.9883835045246854,0.408447265625,0.3060124669391801,0.408447265625
308,10.266666666666667,0,0,1,0.0,-1.0,0.0062408447265625,0.9872496096858606,0.4079742431640625,0.30728454615927037,0.4079742431640625
309,10.3,0,0,1,0.0,-1.0,0.006769816080729167,0.9861801955048359,0.4084574381510417,0.3071210132550586,0.4084574381510417
310,10.333333333333334,0,0,1,0.0,-1.0,0.00738525390625,0.984939205703646,0.4096781412760417,0.30590039588176926,0.4096781412760417
311,10.366666666666667,0,0,1,0.0,-1.0,0.0082855224609375,0.9831251654673021,0.410369873046875,0.3053078074114653,0.410369873046875
312,10.4,0,0,1,0.0,-1.0,0.009256998697916666,0.9811646733783512,0.409637451171875,0.3069799156096172,0.409637451171875
313,10.433333333333334,0,0,1,0.0,-1.0,0.01068115234375,0.9782984677394706,0.408477783203125,0.3090899025349161,0.408477783203125
314,10.466666666666667,0,0,1,0.0,-1.0,0.011388142903645834,0.9768771057815815,0.4069569905598958,0.31113963776408304,0.4069569905598958
315,10.5,0,0,1,0.0,-1.0,0.0126800537109375,0.9742859098945046,0.4054361979166667,0.3132017676447378,0.4054361979166667
316,10.533333333333333,0,0,1,0.0,-1.0,0.013295491536458334,0.9730383583556081,0.4042409261067708,0.31405875173027265,0.4042409261067708
317,10.566666666666666,0,0,1,0.0,-1.0,0.0144500732421875,0.9707134155916965,0.4021555582682292,0.3161690839476169,0.4021555582682292
318,10.6,0,0,1,0.0,-1.0,0.0139923095703125,0.9715982753659387,0.3980560302734375,0.3209433417769104,0.3980560302734375
319,10.633333333333333,0,0,1,0.0,-1.0,0.0138702392578125,0.9718013177214324,0.3924204508463542,0.3281365130833929,0.3924204508463542
320,10.666666666666666,0,0,1,0.0,-1.0,0.013509114583333334,0.9724743422857298,0.3855845133463542,0.337351631072992,0.3855845133463542
321,10.7,0,0,1,0.0,-1.0,0.014399210611979166,0.970615962671916,0.3782450358072917,0.34726329918351445,0.3782450358072917
322,10.733333333333333,0,0,1,0.0,-1.0,0.014582316080729166,0.9701663369956387,0.3748575846354167,0.3498767599912352,0.3748575846354167
323,10.766666666666667,0,0,1,0.0,-1.0,0.0144195556640625,0.9704193966264425,0.3754933675130208,0.3455502198889355,0.3754933675130208
324,10.8,0,0,1,0.0,-1.0,0.014017740885416666,0.9711770098800634,0.3784535725911458,0.33722584293850316,0.3784535725911458
325,10.833333333333334,0,0,1,0.0,-1.0,0.0131988525390625,0.972775203936655,0.377197265625,0.33306302754614847,0.377197265625
326,10.866666666666667,0,0,1,0.0,-1.0,0.015482584635416666,0.968079215750429,0.3771006266276042,0.3307780152923543,0.3771006266276042
327,10.9,0,0,1,0.0,-1.0,0.015192667643229166,0.968650907071201,0.378631591796875,0.32778596091017603,0.378631591796875
328,10.933333333333334,0,0,1,0.0,-1.0,0.018610636393229168,0.961759948437146,0.381591796875,0.32388531281424754,0.381591796875
329,10.966666666666667,0,0,1,0.0,-1.0,0.026957194010416668,0.9451626798075472,0.3850758870442708,0.31987792901316553,0.3850758870442708
330,11.0,0,0,1,0.0,-1.0,0.0357208251953125,0.9281610233960027,0.3908793131510417,0.3138332474514516,0.3908793131510417
331,11.033333333333333,0,0,1,0.0,-1.0,0.04132080078125,0.9175992470866228,0.3973948160807292,0.30674104023689225,0.3973948160807292
332,11.066666666666666,0,0,1,0.0,-1.0,0.03924560546875,0.9216138603984325,0.3990478515625,0.3024627032640294,0.3990478515625
333,11.1,0,0,1,0.0,-1.0,0.040257771809895836,0.9194568858647,0.3956451416015625,0.3024861772914107,0.3956451416015625
334,11.133333333333333,0,0,1,0.0,-1.0,0.043146769205729164,0.9134648811597159,0.3878936767578125,0.30605316162109375,0.3878936767578125
335,11.166666666666666,0,0,1,0.0,-1.0,0.039525349934895836,0.9199355676508087,0.3813629150390625,0.30931854248046875,0.3813629150390625
336,11.2,0,0,1,0.0,-1.0,0.036005655924479164,0.926344060623043,0.3748016357421875,0.31259918212890625,0.3748016357421875
337,11.233333333333333,0,0,1,0.0,-1.0,0.029825846354166668,0.9382736317097836,0.3711496988932292,0.31442515055338544,0.3711496988932292
338,11.266666666666667,0,0,1,0.0,-1.0,0.0298309326171875,0.9379568891115438,0.36505126953125,0.317474365234375,0.36505126953125
339,11.3,0,0,1,0.0,-1.0,0.031010945638020832,0.9350499826849723,0.3557027180989583,0.3221486409505208,0.3557027180989583
340,11.333333333333334,0,0,1,0.0,-1.0,0.035481770833333336,0.9252683191656285,0.347564697265625,0.3262176513671875,0.347564697265625
341,11.366666666666667,0,0,1,0.0,-1.0,0.042058308919270836,0.9112107600739783,0.339874267578125,0.3300628662109375,0.339874267578125
342,11.4,0,0,1,0.0,-1.0,0.047810872395833336,0.8986655774934951,0.3324127197265625,0.3338684821572035,0.3324127197265625
343,11.433333333333334,0,0,1,0.0,-1.0,0.055140177408854164,0.8826650591642458,0.3246968587239583,0.3405996920448532,0.3246968587239583
344,11.466666666666667,0,0,1,0.0,-1.0,0.059397379557291664,0.8725189310265122,0.3097585042317708,0.35554849630422414,0.3097585042317708
345,11.5,0,0,1,0.0,-1.0,0.057001749674479164,0.8753823095272271,0.2943471272786458,0.3690514854301734,0.2943471272786458
346,11.533333333333333,0,0,1,0.0,-1.0,0.059697469075520836,0.868331701105969,0.2882792154947917,0.3724733770977968,0.2882792154947917
347,11.566666666666666,0,0,1,0.0,-1.0,0.060521443684895836,0.8655486253428236,0.2819773356119792,0.37586748020688976,0.2819773356119792
348,11.6,0,0,1,0.0,-1.0,0.049509684244791664,0.8866758822185765,0.2706247965494792,0.3801222776635446,0.2706247965494792
349,11.633333333333333,0,0,1,0.0,-1.0,0.0461578369140625,0.8908606370793362,0.2565867106119792,0.38482782951435923,0.2565867106119792
350,11.666666666666666,0,0,1,0.0,-1.0,0.0394744873046875,0.9015714923828797,0.23331197102864584,0.3969384505579119,0.23331197102864584
351,11.7,0,0,1,0.0,-1.0,0.031768798828125,0.9144929600523755,0.207672119140625,0.41097798035752053,0.207672119140625
352,11.733333333333333,0,0,1,0.0,-1.0,0.029215494791666668,0.9151992677530519,0.1891632080078125,0.421820629498669,0.1891632080078125
353,11.766666666666667,0,0,1,0.0,-1.0,0.0395355224609375,0.8827890439092709,0.18381245930989584,0.43065261597117643,0.18381245930989584
354,11.8,0,0,1,0.0,-1.0,0.06270345052083333,0.8262825714294835,0.1981353759765625,0.4319726623272841,0.1981353759765625
355,11.833333333333334,0,0,1,0.0,-1.0,0.1229705810546875,0.7275331561530121,0.2774149576822917,0.39253929604977705,0.2774149576822917
356,11.866666666666667,0,0,1,0.0,-1.0,0.15979512532552084,0.6996880894210522,0.3518829345703125,0.3531410732483335,0.3518829345703125
357,11.9,0,0,1,0.0,-1.0,0.2388916015625,0.6075265003746424,0.4456787109375,0.29896108775222296,0.4456787109375
358,11.933333333333334,0,0,1,0.0,-1.0,0.2740885416666667,0.567719112744216,0.4309539794921875,0.30796397403955006,0.4309539794921875
359,11.966666666666667,0,0,1,0.0,-1.0,0.17038981119791666,0.7029185326885276,0.3727773030598958,0.3390272412829662,0.3727773030598958
360,12.0,0,0,1,0.0,-1.0,0.23458353678385416,0.5938077161949056,0.3014577229817708,0.36930357811721465,0.3014577229817708
361,12.033333333333333,0,0,1,0.0,-1.0,0.22891743977864584,0.5586658103946245,0.21754964192708334,0.4098094370257209,0.21754964192708334
362,12.066666666666666,0,0,1,0.0,-1.0,0.14231363932291666,0.6034707542929497,0.10117594401041667,0.4533359731208191,0.10117594401041667
363,12.1,0,0,1,0.0,-1.0,0.09175618489583333,0.49076792468661323,0.025990804036458332,0.4872000839377252,0.025990804036458332
364,12.133333333333333,0,0,1,0.0,-1.0,0.016835530598958332,0.4915822347005208,0.006596883138020833,0.49670155843098956,0.006596883138020833
365,12.166666666666666,0,0,1,0.0,-1.0,0.0007375081380208334,0.49963124593098956,0.005839029947916667,0.4970804850260417,0.005839029947916667
366,12.2,0,0,1,0.0,-1.0,0.005640665690104167,0.5535776430647386,0.010843912760416666,0.4945780436197917,0.010843912760416666
367,12.233333333333333,0,0,1,0.0,-1.0,0.008066813151041666,0.7145359076584488,0.01849365234375,0.490753173828125,0.01849365234375
368,12.266666666666667,0,0,1,0.0,-1.0,0.008814493815104166,0.803825840378311,0.027058919270833332,0.4864705403645833,0.027058919270833332
369,12.3,0,0,1,0.0,-1.0,0.009572347005208334,0.8439410548338518,0.0352325439453125,0.48238372802734375,0.0352325439453125
370,12.333333333333334,0,0,1,0.0,-1.0,0.01318359375,0.832803062474718,0.04254150390625,0.478729248046875,0.04254150390625
371,12.366666666666667,0,0,1,0.0,-1.0,0.016301472981770832,0.8231783644173849,0.046635945638020836,0.47668202718098956,0.046635945638020836
372,12.4,0,0,1,0.0,-1.0,0.0175628662109375,0.8237979719395478,0.049051920572916664,0.4754740397135417,0.049051920572916664
373,12.433333333333334,0,0,1,0.0,-1.0,0.017664591471354168,0.8309388631240043,0.051015218098958336,0.4744923909505208,0.051015218098958336
374,12.466666666666667,0,0,1,0.0,-1.0,0.017400105794270832,0.8396584344114093,0.052541097005208336,0.4737294514973958,0.052541097005208336
375,12.5,0,0,1,0.0,-1.0,0.0170440673828125,0.8483567070140661,0.054468790690104164,0.47276560465494794,0.054468790690104164
376,12.533333333333333,0,0,1,0.0,-1.0,0.016443888346354168,0.8583966716809055,0.056605021158854164,0.47169748942057294,0.056605021158854164
377,12.566666666666666,0,0,1,0.0,-1.0,0.017206827799479168,0.8570448163286153,0.057927449544270836,0.47103627522786456,0.057927449544270836
378,12.6,0,0,1,0.0,-1.0,0.01708984375,0.8602317573946794,0.058430989583333336,0.4707845052083333,0.058430989583333336
379,12.633333333333333,0,0,1,0.0,-1.0,0.0169219970703125,0.8617532565780517,0.057917277018229164,0.47104136149088544,0.057917277018229164
380,12.666666666666666,0,0,1,0.0,-1.0,0.016596476236979168,0.8643703758941964,0.058685302734375,0.4706573486328125,0.058685302734375
381,12.7,0,0,1,0.0,-1.0,0.014139811197916666,0.8848858628609326,0.0606842041015625,0.46965789794921875,0.0606842041015625
382,12.733333333333333,0,0,1,0.0,-1.0,0.013158162434895834,0.8947344341431149,0.062225341796875,0.4688873291015625,0.062225341796875
383,12.766666666666667,0,0,1,0.0,-1.0,0.012624104817708334,0.9004566950436103,0.06322733561197917,0.46838633219401044,0.06322733561197917
384,12.8,0,0,1,0.0,-1.0,0.012725830078125,0.901041830248428,0.06414794921875,0.467926025390625,0.06414794921875
385,12.833333333333334,0,0,1,0.0,-1.0,0.012766520182291666,0.9020624567749969,0.06514994303385417,0.46742502848307294,0.06514994303385417
386,12.866666666666667,0,0,1,0.0,-1.0,0.012415568033854166,0.9056022565298467,0.06579081217447917,0.46710459391276044,0.06579081217447917
387,12.9,0,0,1,0.0,-1.0,0.0117645263671875,0.9107675525882248,0.0662078857421875,0.46689605712890625,0.0662078857421875
388,12.933333333333334,0,0,1,0.0,-1.0,0.010162353515625,0.9224162659826971,0.06653340657552083,0.46673329671223956,0.06653340657552083
389,12.966666666666667,0,0,1,0.0,-1.0,0.009038289388020834,0.9309920914013443,0.067474365234375,0.4662628173828125,0.067474365234375
390,13.0,0,0,1,0.0,-1.0,0.007659912109375,0.941700921612566,0.0684967041015625,0.46575164794921875,0.0684967041015625
391,13.033333333333333,0,0,1,0.0,-1.0,0.006571451822916667,0.950331253136383,0.0692138671875,0.46539306640625,0.0692138671875
392,13.066666666666666,0,0,1,0.0,-1.0,0.005950927734375,0.955228958410236,0.06984456380208333,0.4650777180989583,0.06984456380208333
393,13.1,0,0,1,0.0,-1.0,0.006098429361979167,0.9545460965229366,0.07050577799479167,0.4647471110026042,0.07050577799479167
394,13.133333333333333,0,0,1,0.0,-1.0,0.006968180338541667,0.9487614679220926,0.07098388671875,0.464508056640625,0.07098388671875
395,13.166666666666666,0,0,1,0.0,-1.0,0.008341471354166666,0.9395837927882997,0.07150777180989583,0.46424611409505206,0.07150777180989583
396,13.2,0,0,1,0.0,-1.0,0.0095672607421875,0.9316931487409003,0.0719146728515625,0.46404266357421875,0.0719146728515625
397,13.233333333333333,0,0,1,0.0,-1.0,0.010884602864583334,0.92329406018948,0.07250467936197917,0.46374766031901044,0.07250467936197917
398,13.266666666666667,0,0,1,0.0,-1.0,0.0112457275390625,0.9213819302936365,0.07304890950520833,0.4634755452473958,0.07304890950520833
399,13.3,0,0,1,0.0,-1.0,0.0114593505859375,0.920644288369136,0.07373555501302083,0.46313222249348956,0.07373555501302083
400,13.333333333333334,0,0,1,0.0,-1.0,0.012624104817708334,0.9137562186908931,0.07448323567708333,0.4627583821614583,0.07448323567708333
401,13.366666666666667,0,0,1,0.0,-1.0,0.014134724934895834,0.9050427739252684,0.0753173828125,0.46234130859375,0.0753173828125
402,13.4,0,0,1,0.0,-1.0,0.015065511067708334,0.9000365372413557,0.07608540852864583,0.46195729573567706,0.07608540852864583
403,13.433333333333334,0,0,1,0.0,-1.0,0.015680948893229168,0.8971733266051514,0.076629638671875,0.4616851806640625,0.076629638671875
404,13.466666666666667,0,0,1,0.0,-1.0,0.015513102213541666,0.8988478113057176,0.07710774739583333,0.4614461263020833,0.07710774739583333
405,13.5,0,0,1,0.0,-1.0,0.014948527018229166,0.9027451195336889,0.077484130859375,0.4612579345703125,0.077484130859375
406,13.533333333333333,0,0,1,0.0,-1.0,0.013163248697916666,0.9138895623320009,0.07781982421875,0.461090087890625,0.07781982421875
407,13.566666666666666,0,0,1,0.0,-1.0,0.011500040690104166,0.9244646531589296,0.0782470703125,0.46087646484375,0.0782470703125
408,13.6,0,0,1,0.0,-1.0,0.009913126627604166,0.9346780671860164,0.0787506103515625,0.46062469482421875,0.0787506103515625
409,13.633333333333333,0,0,1,0.0,-1.0,0.0089111328125,0.9413674558495897,0.0795135498046875,0.46024322509765625,0.0795135498046875
410,13.666666666666666,0,0,1,0.0,-1.0,0.008188883463541666,0.9464455326685053,0.08050028483072917,0.45974985758463544,0.08050028483072917
411,13.7,0,0,1,0.0,-1.0,0.0078125,0.9493576081311255,0.0815887451171875,0.45920562744140625,0.0815887451171875
412,13.733333333333333,0,0,1,0.0,-1.0,0.007527669270833333,0.9516352632512062,0.082672119140625,0.4586639404296875,0.082672119140625
413,13.766666666666667,0,0,1,0.0,-1.0,0.007863362630208334,0.95013736956738,0.08374532063802083,0.45812733968098956,0.08374532063802083
414,13.8,0,0,1,0.0,-1.0,0.008153279622395834,0.9488763985388561,0.08466593424479167,0.4576670328776042,0.08466593424479167
415,13.833333333333334,0,0,1,0.0,-1.0,0.008722941080729166,0.9460572481637806,0.0856781005859375,0.45716094970703125,0.0856781005859375
416,13.866666666666667,0,0,1,0.0,-1.0,0.009490966796875,0.9419642604695407,0.08632405598958333,0.4568379720052083,0.08632405598958333
417,13.9,0,0,1,0.0,-1.0,0.010096232096354166,0.9388509574864052,0.08687845865885417,0.45656077067057294,0.08687845865885417
418,13.933333333333334,0,0,1,0.0,-1.0,0.0107574462890625,0.9353985035108978,0.08717854817708333,0.4564107259114583,0.08717854817708333
419,13.966666666666667,0,0,1,0.0,-1.0,0.010798136393229166,0.9354897972912888,0.08761088053385417,0.45619455973307294,0.08761088053385417
420,14.0,0,0,1,0.0,-1.0,0.009984334309895834,0.9404769116517604,0.08840433756510417,0.45579783121744794,0.08840433756510417
421,14.033333333333333,0,0,1,0.0,-1.0,0.009099324544270834,0.9459703544943465,0.08935038248697917,0.45532480875651044,0.08935038248697917
422,14.066666666666666,0,0,1,0.0,-1.0,0.009104410807291666,0.9464777997091259,0.09063212076822917,0.45468393961588544,0.09063212076822917
423,14.1,0,0,1,0.0,-1.0,0.008885701497395834,0.9483474684604081,0.09203084309895833,0.4539845784505208,0.09203084309895833
424,14.133333333333333,0,0,1,0.0,-1.0,0.008310953776041666,0.9521285512133046,0.09302266438802083,0.45348866780598956,0.09302266438802083
425,14.166666666666666,0,0,1,0.0,-1.0,0.007756551106770833,0.9556034517663066,0.09387715657552083,0.45306142171223956,0.09387715657552083
426,14.2,0,0,1,0.0,-1.0,0.0069732666015625,0.9602275201196042,0.09461466471354167,0.4526926676432292,0.09461466471354167
427,14.233333333333333,0,0,1,0.0,-1.0,0.006632486979166667,0.9623355458123233,0.09520975748697917,0.45239512125651044,0.09520975748697917
428,14.266666666666667,0,0,1,0.0,-1.0,0.0064544677734375,0.9634987087220018,0.095672607421875,0.4521636962890625,0.095672607421875
429,14.3,0,0,1,0.0,-1.0,0.006098429361979167,0.9655364042827737,0.0958251953125,0.45208740234375,0.0958251953125
430,14.333333333333334,0,0,1,0.0,-1.0,0.005666097005208333,0.9679469682806429,0.0958404541015625,0.45207977294921875,0.0958404541015625
431,14.366666666666667,0,0,1,0.0,-1.0,0.004903157552083333,0.9719811338440079,0.094512939453125,0.4527435302734375,0.094512939453125
432,14.4,0,0,1,0.0,-1.0,0.006306966145833333,0.9636708897748054,0.09271748860677083,0.45364125569661456,0.09271748860677083
433,14.433333333333334,0,0,1,0.0,-1.0,0.007405598958333333,0.9569012808618027,0.09108479817708333,0.4544576009114583,0.09108479817708333
434,14.466666666666667,0,0,1,0.0,-1.0,0.007832845052083334,0.9542297617938396,0.09148661295572917,0.45425669352213544,0.09148661295572917
435,14.5,0,0,1,0.0,-1.0,0.008015950520833334,0.9535928282012067,0.09278361002604167,0.4536081949869792,0.09278361002604167
436,14.533333333333333,0,0,1,0.0,-1.0,0.007080078125,0.959168650349639,0.09330240885416667,0.4533487955729167,0.09330240885416667
437,14.566666666666666,0,0,1,0.0,-1.0,0.005930582682291667,0.9655728383059171,0.09265645345052083,0.45367177327473956,0.09265645345052083
438,14.6,0,0,1,0.0,-1.0,0.0050811767578125,0.9701547322406872,0.09166463216145833,0.4541676839192708,0.09166463216145833
439,14.633333333333333,0,0,1,0.0,-1.0,0.0109100341796875,0.9386746369585395,0.09533182779947917,0.454727857405864,0.09533182779947917
440,14.666666666666666,0,0,1,0.0,-1.0,0.038823445638020836,0.8301672660457542,0.12696329752604166,0.438735084600901,0.12696329752604166
441,14.7,0,0,1,0.0,-1.0,0.07976277669270833,0.7585849880134918,0.19968668619791666,0.4016314455283854,0.19968668619791666
442,14.733333333333333,0,0,1,0.0,-1.0,0.11574808756510417,0.7408444960025926,0.3014577229817708,0.3502199083935455,0.3014577229817708
443,14.766666666666667,0,0,1,0.0,-1.0,0.15366109212239584,0.7029321400080921,0.3274129231770833,0.33717913731282984,0.3274129231770833
444,14.8,1,1,1,0.0,-1.0,0.1174468994140625,0.758660966342598,0.2714029947916667,0.3655878719409764,0.2714029947916667
445,14.833333333333334,1,1,1,0.0,-1.0,0.001312255859375,0.9966861924039152,0.2720794677734375,0.3656584244934694,0.2720794677734375
446,14.866666666666667,1,1,1,0.0,-1.0,0.0012461344401041667,0.9968526831467337,0.2727152506510417,0.36634384559253486,0.2727152506510417
447,14.9,1,1,1,0.0,-1.0,0.0013224283854166667,0.9966599673124267,0.273590087890625,0.36686199333085123,0.273590087890625
448,14.933333333333334,1,1,1,0.0,-1.0,0.0013020833333333333,0.9967120614660206,0.27471923828125,0.3668679266950823,0.27471923828125
449,14.966666666666667,1,1,1,0.0,-1.0,0.0012257893880208333,0.9969047352780722,0.2764790852864583,0.36547347923278095,0.2764790852864583
450,15.0,1,1,1,0.0,-1.0,0.0011850992838541667,0.9970074022018931,0.27752685546875,0.36412586845446243,0.27752685546875
451,15.033333333333333,1,1,1,0.0,-1.0,0.0012257893880208333,0.9969049896302187,0.2791849772135417,0.36326858216936597,0.2791849772135417
452,15.066666666666666,1,1,1,0.0,-1.0,0.0012105305989583333,0.9969435352474427,0.2815297444661458,0.3622242624845731,0.2815297444661458
453,15.1,1,1,1,0.0,-1.0,0.001220703125,0.9969178261617804,0.2859547932942708,0.3603919490042184,0.2859547932942708
454,15.133333333333333,1,1,1,0.0,-1.0,0.0012308756510416667,0.9968920801817898,0.2936960856119792,0.35728708345566196,0.2936960856119792
455,15.166666666666666,1,1,1,0.0,-1.0,0.0012766520182291667,0.9967762106557929,0.305694580078125,0.3526418999076492,0.305694580078125
456,15.2,1,1,1,0.0,-1.0,0.0013326009114583333,0.996634722426993,0.3361307779947917,0.34189856334160573,0.3361307779947917
457,15.233333333333333,1,1,1,0.0,-1.0,0.0013224283854166667,0.9966604773859192,0.3463389078776042,0.34028592271483526,0.3463389078776042
458,15.266666666666667,1,1,1,0.0,-1.0,0.17548116048177084,0.672012159054302,0.5032806396484375,0.2653608253925421,0.5032806396484375
459,15.3,1,1,1,0.0,-1.0,0.1918487548828125,0.6699031860907412,0.4903106689453125,0.30401798769065336,0.4903106689453125
460,15.333333333333334,1,1,1,0.0,-1.0,0.12395731608072917,0.7782335289273804,0.4943186442057292,0.32081992155608946,0.4943186442057292
461,15.366666666666667,1,1,1,0.0,-1.0,0.12554931640625,0.7768810740871481,0.5132802327473959,0.31473314284306164,0.5132802327473959
462,15.4,1,1,1,0.0,-1.0,0.15964253743489584,0.7246047604056238,0.5055491129557291,0.32045468452060644,0.5055491129557291
463,15.433333333333334,1,1,1,0.0,-1.0,0.16489664713541666,0.7163551536963517,0.4949493408203125,0.33330903313670335,0.4949493408203125
464,15.466666666666667,1,1,1,0.0,-1.0,0.19195048014322916,0.6766261865992333,0.470489501953125,0.3549888468861942,0.470489501953125
465,15.5,1,1,1,0.0,-1.0,0.1850738525390625,0.6867361375284089,0.4459279378255208,0.37697200978617396,0.4459279378255208
466,15.533333333333333,1,1,1,0.0,-1.0,0.16329447428385416,0.7188504720868139,0.4343210856119792,0.3874933111097323,0.4343210856119792
467,15.566666666666666,1,1,1,0.0,-1.0,0.1244964599609375,0.7785712830335891,0.4612986246744792,0.3568694697165614,0.4612986246744792
468,15.6,1,1,1,0.0,-1.0,0.087890625,0.8381295430081288,0.4766591389973958,0.3437399110028939,0.4766591389973958
469,15.633333333333333,1,1,1,0.0,-1.0,0.06396484375,0.8789742199680743,0.4915822347005208,0.32884315533061337,0.4915822347005208
470,15.666666666666666,1,1,1,0.0,-1.0,0.044530232747395836,0.9140842699621411,0.4837646484375,0.3417222922669162,0.4837646484375
471,15.7,1,1,1,0.0,-1.0,0.07139078776041667,0.8665358284069405,0.4700113932291667,0.3584002193366157,0.4700113932291667
472,15.733333333333333,1,1,1,0.0,-1.0,0.07863871256510417,0.8540419276689792,0.443084716796875,0.3856849536106747,0.443084716796875
473,15.766666666666667,1,1,1,0.0,-1.0,0.0845489501953125,0.8422283102380044,0.4192911783854167,0.4090996879553299,0.4192911783854167
474,15.8,1,1,1,0.0,-1.0,0.07998148600260417,0.8464560905140075,0.4255320231119792,0.40287141200297993,0.4255320231119792
475,15.833333333333334,1,1,1,0.0,-1.0,0.09892781575520833,0.8069218216536094,0.4612274169921875,0.3681939718853553,0.4612274169921875
476,15.866666666666667,1,1,1,0.0,-1.0,0.11725362141927083,0.7643247678933061,0.5176035563151041,0.3166144713465262,0.5176035563151041
477,15.9,1,1,1,0.0,-1.0,0.14995320638020834,0.6998739667091334,0.5865071614583334,0.2596527439059686,0.5865071614583334
478,15.933333333333334,1,1,1,0.0,-1.0,0.19778951009114584,0.6266832496376261,0.6351216634114584,0.22214755849316956,0.6351216634114584
479,15.966666666666667,1,1,1,0.0,-1.0,0.22428385416666666,0.592335913709765,0.681915283203125,0.18874885704970773,0.681915283203125
480,16.0,1,1,1,0.0,-1.0,0.23714192708333334,0.5815289991866346,0.7016042073567709,0.1753399368985196,0.7016042073567709
481,16.033333333333335,1,1,1,0.0,-1.0,0.20411173502604166,0.640020412465131,0.6794535319010416,0.18797310927926658,0.6794535319010416
482,16.066666666666666,1,1,1,0.0,-1.0,0.16393534342447916,0.7101271122940696,0.6463521321614584,0.2038936489121857,0.6463521321614584
483,16.1,1,1,1,0.0,-1.0,0.12297566731770833,0.7793691451387142,0.5918680826822916,0.23133128376987241,0.5918680826822916
484,16.133333333333333,1,1,1,0.0,-1.0,0.08834330240885417,0.8376269864653434,0.5592498779296875,0.24471181699102995,0.5592498779296875
485,16.166666666666668,1,1,1,0.0,-1.0,0.080474853515625,0.8508266375735456,0.5356648763020834,0.25414050078127653,0.5356648763020834
486,16.2,1,1,1,0.0,-1.0,0.06330362955729167,0.8801888032685852,0.5147603352864584,0.262579701224515,0.5147603352864584
487,16.233333333333334,1,1,1,0.0,-1.0,0.048746744791666664,0.9058346391933766,0.5041758219401041,0.26619036841353905,0.5041758219401041
488,16.266666666666666,1,1,1,0.0,-1.0,0.034876505533854164,0.9313024039249267,0.4995829264322917,0.26737195037266753,0.4995829264322917
489,16.3,1,1,1,0.0,-1.0,0.026163736979166668,0.9478558984175711,0.4981587727864583,0.26745305483172616,0.4981587727864583
490,16.333333333333332,1,1,1,0.0,-1.0,0.021692911783854168,0.9565347984858855,0.5017903645833334,0.26457983070332486,0.5017903645833334
491,16.366666666666667,1,1,1,0.0,-1.0,0.021448771158854168,0.9571025959055406,0.5038197835286459,0.2626908470698933,0.5038197835286459
492,16.4,1,1,1,0.0,-1.0,0.022923787434895832,0.9544398801998288,0.507904052734375,0.25931953785192013,0.507904052734375
493,16.433333333333334,1,1,1,0.0,-1.0,0.025461832682291668,0.9498332633865814,0.5119425455729166,0.2555317002804241,0.5119425455729166
494,16.466666666666665,1,1,1,0.0,-1.0,0.0251617431640625,0.9506718637794909,0.5168609619140625,0.2511474659750174,0.5168609619140625
495,16.5,1,1,1,0.0,-1.0,0.021128336588541668,0.9585450942913865,0.521240234375,0.2472835705840496,0.521240234375
496,16.533333333333335,1,1,1,0.0,-1.0,0.017374674479166668,0.9658303931206608,0.5271046956380209,0.24314031333474373,0.5271046956380209
497,16.566666666666666,1,1,1,0.0,-1.0,0.01458740234375,0.9712443089221249,0.5332895914713541,0.23923992322078325,0.5332895914713541
498,16.6,1,1,1,0.0,-1.0,0.011260986328125,0.9777275651733701,0.5377146402994791,0.23640397052877685,0.5377146402994791
499,16.633333333333333,1,1,1,0.0,-1.0,0.009816487630208334,0.9805553046961804,0.5376230875651041,0.23614049431531275,0.5376230875651041
500,16.666666666666668,1,1,1,0.0,-1.0,0.0120086669921875,0.9762656101298126,0.5375111897786459,0.23588315503252927,0.5375111897786459
501,16.7,1,1,1,0.0,-1.0,0.011906941731770834,0.976464925879415,0.5404612223307291,0.23410024034313046,0.5404612223307291
502,16.733333333333334,1,1,1,0.0,-1.0,0.011861165364583334,0.9765537266523121,0.5453287760416666,0.23152635012975833,0.5453287760416666
503,16.766666666666666,1,1,1,0.0,-1.0,0.012303670247395834,0.9756886964565508,0.5503031412760416,0.22877375817315102,0.5503031412760416
504,16.8,1,1,1,0.0,-1.0,0.012898763020833334,0.9745270038541154,0.5546061197916666,0.22637856683969074,0.5546061197916666
505,16.833333333333332,1,1,1,0.0,-1.0,0.013463338216145834,0.9734259356037329,0.5558217366536459,0.22556636665473923,0.5558217366536459
506,16.866666666666667,1,1,1,0.0,-1.0,0.013671875,0.973018486245993,0.5552164713541666,0.22572309290818546,0.5552164713541666
507,16.9,1,1,1,0.0,-1.0,0.0153350830078125,0.9697827741464419,0.5550435384114584,0.22569493675509422,0.5550435384114584
508,16.933333333333334,1,1,1,0.0,-1.0,0.018407185872395832,0.9638282831212687,0.5566457112630209,0.2247296193886637,0.5566457112630209
509,16.966666666666665,1,1,1,0.0,-1.0,0.024317423502604168,0.952463640227595,0.5622660319010416,0.22161798515513476,0.5622660319010416
510,17.0,1,1,1,0.0,-1.0,0.0296173095703125,0.9423538403707912,0.5686289469401041,0.21818259407458773,0.5686289469401041
511,17.033333333333335,1,1,1,0.0,-1.0,0.031392415364583336,0.938956245464202,0.57415771484375,0.21567694592173475,0.57415771484375
512,17.066666666666666,1,1,1,0.0,-1.0,0.0336456298828125,0.934678311119298,0.5770772298177084,0.2147326447959103,0.5770772298177084
513,17.1,1,1,1,0.0,-1.0,0.033238728841145836,0.9354212040295944,0.5783284505208334,0.21421413125935646,0.5783284505208334
514,17.133333333333333,1,1,1,0.0,-1.0,0.037083943684895836,0.9282600643714763,0.5706431070963541,0.21833329313059743,0.5706431070963541
515,17.166666666666668,1,1,1,0.0,-1.0,0.040608723958333336,0.9218290904422117,0.5566457112630209,0.22581516027142634,0.5566457112630209
516,17.2,1,1,1,0.0,-1.0,0.044026692708333336,0.9156377101499503,0.5412139892578125,0.2335181285202495,0.5412139892578125
517,17.233333333333334,1,1,1,0.0,-1.0,0.043401082356770836,0.9167995113896276,0.5250498453776041,0.24225571088212222,0.5250498453776041
518,17.266666666666666,1,1,1,0.0,-1.0,0.038731892903645836,0.9253168568430735,0.5127003987630209,0.24824999477295315,0.5127003987630209
519,17.3,1,1,1,0.0,-1.0,0.0382843017578125,0.925934919787107,0.5007425944010416,0.25410491087986964,0.5007425944010416
520,17.333333333333332,1,1,1,0.0,-1.0,0.042119344075520836,0.9184159689984067,0.4862162272135417,0.2612043938946623,0.4862162272135417
521,17.366666666666667,1,1,1,0.0,-1.0,0.042165120442708336,0.9177238885364234,0.470123291015625,0.26878960897396004,0.470123291015625
522,17.4,1,1,1,0.0,-1.0,0.0457916259765625,0.9100112922606853,0.4496663411458333,0.27907506352853934,0.4496663411458333
523,17.433333333333334,1,1,1,0.0,-1.0,0.049372355143229164,0.9019402843810513,0.4272867838541667,0.29067871233357395,0.4272867838541667
524,17.466666666666665,1,1,1,0.0,-1.0,0.053700764973958336,0.8920470213813172,0.4066416422526042,0.3012948851631639,0.4066416422526042
525,17.5,1,1,1,0.0,-1.0,0.0611114501953125,0.875504026580387,0.3852996826171875,0.3108988523949289,0.3852996826171875
526,17.533333333333335,1,1,1,0.0,-1.0,0.07314046223958333,0.8503412577603833,0.370086669921875,0.32154470105892063,0.370086669921875
527,17.566666666666666,1,1,1,0.0,-1.0,0.08058675130208333,0.8366027582783022,0.36529541015625,0.3303814319044234,0.36529541015625
528,17.6,1,1,1,0.0,-1.0,0.07822163899739583,0.8423541882631821,0.3706563313802083,0.3279458451820368,0.3706563313802083
529,17.633333333333333,1,1,1,0.0,-1.0,0.08570353190104167,0.8286580217791337,0.3650461832682292,0.33122175270485177,0.3650461832682292
530,17.666666666666668,1,1,1,0.0,-1.0,0.08263651529947917,0.8327923349468955,0.3547770182291667,0.33762738751766325,0.3547770182291667
531,17.7,1,1,1,0.0,-1.0,0.08852640787760417,0.8181242227844654,0.3369191487630208,0.3462382276229874,0.3369191487630208
532,17.733333333333334,1,1,1,0.0,-1.0,0.08752950032552083,0.8134905100137064,0.3164316813151042,0.3541447533459532,0.3164316813151042
533,17.766666666666666,1,1,1,0.0,-1.0,0.08170064290364583,0.816622075320806,0.29254150390625,0.3646142456926629,0.29254150390625
534,17.8,1,1,1,0.0,-1.0,0.071044921875,0.8298693405475516,0.2698211669921875,0.37525448591161686,0.2698211669921875
535,17.833333333333332,1,1,1,0.0,-1.0,0.061182657877604164,0.8437049302475794,0.2506052652994792,0.3833554722183125,0.2506052652994792
536,17.866666666666667,1,1,1,0.0,-1.0,0.054051717122395836,0.8538476533633459,0.23491414388020834,0.390221035720787,0.23491414388020834
537,17.9,1,1,1,0.0,-1.0,0.04791259765625,0.8634166050277448,0.2226715087890625,0.39507284504543333,0.2226715087890625
538,17.933333333333334,1,1,1,0.0,-1.0,0.043675740559895836,0.8688385815375463,0.21074422200520834,0.3995213199296463,0.21074422200520834
539,17.966666666666665,1,1,1,0.0,-1.0,0.038258870442708336,0.8780678499182288,0.198455810546875,0.40429009093219687,0.198455810546875
540,18.0,1,1,1,0.0,-1.0,0.0339202880859375,0.884772168615308,0.18509928385416666,0.41039046573173626,0.18509928385416666
541,18.033333333333335,1,1,1,0.0,-1.0,0.031840006510416664,0.8850424653097488,0.17151896158854166,0.4157753042392799,0.17151896158854166
542,18.066666666666666,1,1,1,0.0,-1.0,0.029978434244791668,0.8849613955177426,0.15847269694010416,0.4214354205759561,0.15847269694010416
543,18.1,1,1,1,0.0,-1.0,0.0281524658203125,0.8845024145427014,0.14534505208333334,0.42773818213691245,0.14534505208333334
544,18.133333333333333,1,1,1,0.0,-1.0,0.026255289713541668,0.884706076055789,0.132843017578125,0.43374768615469683,0.132843017578125
545,18.166666666666668,1,1,1,0.0,-1.0,0.024988810221354168,0.8828013826664127,0.121246337890625,0.4395214538560291,0.121246337890625
546,18.2,1,1,1,0.0,-1.0,0.0233306884765625,0.8820992003683257,0.111053466796875,0.44449588319189764,0.111053466796875
547,18.233333333333334,1,1,1,0.0,-1.0,0.021046956380208332,0.8853374720158025,0.10210673014322917,0.44894663492838544,0.10210673014322917
548,18.266666666666666,1,1,1,0.0,-1.0,0.0190277099609375,0.8886221089279107,0.09427388509114583,0.45286305745442706,0.09427388509114583
549,18.3,1,1,1,0.0,-1.0,0.017613728841145832,0.8891324808578172,0.08701578776041667,0.4564921061197917,0.08701578776041667
550,18.333333333333332,1,1,1,0.0,-1.0,0.0161285400390625,0.8912291150007752,0.08043924967447917,0.45978037516276044,0.08043924967447917
551,18.366666666666667,1,1,1,0.0,-1.0,0.0144805908203125,0.8956087843434326,0.07460530598958333,0.4626973470052083,0.07460530598958333
552,18.4,1,1,1,0.0,-1.0,0.012725830078125,0.9022823118743075,0.06934611002604167,0.4653269449869792,0.06934611002604167
553,18.433333333333334,1,1,1,0.0,-1.0,0.011464436848958334,0.9068574308825473,0.0644378662109375,0.46778106689453125,0.0644378662109375
554,18.466666666666665,1,1,1,0.0,-1.0,0.0098876953125,0.9150924210597435,0.060719807942708336,0.4696400960286458,0.060719807942708336
555,18.5,1,1,1,0.0,-1.0,0.008153279622395834,0.9257935820476013,0.057596842447916664,0.4712015787760417,0.057596842447916664
556,18.533333333333335,1,1,1,0.0,-1.0,0.0080108642578125,0.9236463771558132,0.055414835611979164,0.47229258219401044,0.055414835611979164
557,18.566666666666666,1,1,1,0.0,-1.0,0.0075225830078125,0.9259752349387074,0.0538330078125,0.47308349609375,0.0538330078125
558,18.6,1,1,1,0.0,-1.0,0.006388346354166667,0.934764324624486,0.052235921223958336,0.4738820393880208,0.052235921223958336
559,18.633333333333333,1,1,1,0.0,-1.0,0.005401611328125,0.9431438521338544,0.051381429036458336,0.4743092854817708,0.051381429036458336
560,18.666666666666668,1,1,1,0.0,-1.0,0.0046539306640625,0.9500080605684295,0.050938924153645836,0.47453053792317706,0.050938924153645836
561,18.7,1,1,1,0.0,-1.0,0.004048665364583333,0.9560179284647646,0.050771077473958336,0.4746144612630208,0.050771077473958336
562,18.733333333333334,1,1,1,0.0,-1.0,0.003941853841145833,0.9571009086306719,0.050898234049479164,0.47455088297526044,0.050898234049479164
563,18.766666666666666,1,1,1,0.0,-1.0,0.00390625,0.9573517234195084,0.051116943359375,0.4744415283203125,0.051116943359375
564,18.8,1,1,1,0.0,-1.0,0.0041046142578125,0.9552852110965465,0.051483154296875,0.4742584228515625,0.051483154296875
565,18.833333333333332,1,1,1,0.0,-1.0,0.00390625,0.9573688471746077,0.051946004231770836,0.47402699788411456,0.051946004231770836
566,18.866666666666667,1,1,1,0.0,-1.0,0.004170735677083333,0.9546830633450571,0.052337646484375,0.4738311767578125,0.052337646484375
567,18.9,1,1,1,0.0,-1.0,0.004262288411458333,0.9537716235006266,0.052581787109375,0.4737091064453125,0.052581787109375
568,18.933333333333334,1,1,1,0.0,-1.0,0.004241943359375,0.9538911017441067,0.052642822265625,0.4736785888671875,0.052642822265625
569,18.966666666666665,1,1,1,0.0,-1.0,0.004770914713541667,0.9483234048578024,0.05279541015625,0.473602294921875,0.05279541015625
570,19.0,1,1,1,0.0,-1.0,0.004984537760416667,0.9460208564697256,0.053517659505208336,0.4732411702473958,0.053517659505208336
571,19.033333333333335,1,1,1,0.0,-1.0,0.00469970703125,0.949346562335983,0.054234822591145836,0.47288258870442706,0.054234822591145836
572,19.066666666666666,1,1,1,0.0,-1.0,0.005162556966145833,0.9448071259915547,0.055135091145833336,0.4724324544270833,0.055135091145833336
573,19.1,1,1,1,0.0,-1.0,0.005106608072916667,0.9455919177949084,0.05596923828125,0.472015380859375,0.05596923828125
574,19.133333333333333,1,1,1,0.0,-1.0,0.0047454833984375,0.9493196664401233,0.056925455729166664,0.4715372721354167,0.056925455729166664
575,19.166666666666668,1,1,1,0.0,-1.0,0.005116780598958333,0.9453500087017879,0.058115641276041664,0.4709421793619792,0.058115641276041664
576,19.2,1,1,1,0.0,-1.0,0.0052337646484375,0.9442483972877032,0.059748331705729164,0.47012583414713544,0.059748331705729164
577,19.233333333333334,1,1,1,0.0,-1.0,0.0053558349609375,0.9431705097081082,0.061258951822916664,0.4693705240885417,0.061258951822916664
578,19.266666666666666,1,1,1,0.0,-1.0,0.005350748697916667,0.9431580941534279,0.06261698404947917,0.46869150797526044,0.06261698404947917
579,19.3,1,1,1,0.0,-1.0,0.0052032470703125,0.9446112786242605,0.06403605143229167,0.4679819742838542,0.06403605143229167
580,19.333333333333332,1,1,1,0.0,-1.0,0.004608154296875,0.9503576584338026,0.065673828125,0.4671630859375,0.065673828125
581,19.366666666666667,1,1,1,0.0,-1.0,0.004231770833333333,0.9542348262359799,0.06775410970052083,0.46612294514973956,0.06775410970052083
582,19.4,1,1,1,0.0,-1.0,0.004338582356770833,0.9530752864718958,0.06880696614583333,0.4655965169270833,0.06880696614583333
583,19.433333333333334,1,1,1,0.0,-1.0,0.003992716471354167,0.9567981311221219,0.0688018798828125,0.4656726254036506,0.0688018798828125
584,19.466666666666665,1,1,1,0.0,-1.0,0.0040435791015625,0.9563995906759662,0.0687408447265625,0.46570320891207,0.0687408447265625
585,19.5,1,1,1,0.0,-1.0,0.004002888997395833,0.9570508676242084,0.06853230794270833,0.46584462389523695,0.06853230794270833
586,19.533333333333335,1,1,1,0.0,-1.0,0.004018147786458333,0.9571152046313571,0.06787618001302083,0.4661737685174065,0.06787618001302083
587,19.566666666666666,1,1,1,0.0,-1.0,0.0036875406901041665,0.9605812724949911,0.06578572591145833,0.46718410608609423,0.06578572591145833
588,19.6,1,1,1,0.0,-1.0,0.0037943522135416665,0.9595191130959655,0.06441752115885417,0.46786985706369755,0.06441752115885417
589,19.633333333333333,1,1,1,0.0,-1.0,0.003972371419270833,0.957719563586785,0.0637359619140625,0.4682114842179047,0.0637359619140625
590,19.666666666666668,1,1,1,0.0,-1.0,0.004109700520833333,0.9565507346941216,0.06293741861979167,0.4686117721219726,0.06293741861979167
591,19.7,1,1,1,0.0,-1.0,0.004277547200520833,0.9548203638199417,0.0620880126953125,0.46907837007402126,0.0620880126953125
592,19.733333333333334,1,1,1,0.0,-1.0,0.004425048828125,0.9534564608483966,0.061559041341145836,0.4693027767122988,0.061559041341145836
593,19.766666666666666,1,1,1,0.0,-1.0,0.004399617513020833,0.9539809431662647,0.060648600260416664,0.4697592418027879,0.060648600260416664
594,19.8,1,1,1,0.0,-1.0,0.004704793294270833,0.9510752932438904,0.059727986653645836,0.47022084549171517,0.059727986653645836
595,19.833333333333332,1,1,1,0.0,-1.0,0.0050811767578125,0.947372572466799,0.059092203776041664,0.4704538981119792,0.059092203776041664
596,19.866666666666667,1,1,1,0.0,-1.0,0.006098429361979167,0.9376075500878822,0.058781941731770836,0.47060902913411456,0.058781941731770836
597,19.9,1,1,1,0.0,-1.0,0.006383260091145833,0.9348526846163296,0.0585784912109375,0.47071075439453125,0.0585784912109375
598,19.933333333333334,1,1,1,0.0,-1.0,0.006591796875,0.9328627120936248,0.058573404947916664,0.4707132975260417,0.058573404947916664
599,19.966666666666665,1,1,1,0.0,-1.0,0.006317138671875,0.9353284213788662,0.058222452799479164,0.47088877360026044,0.058222452799479164
600,20.0,1,1,1,0.0,-1.0,0.006418863932291667,0.934293511880222,0.058095296223958336,0.4709523518880208,0.058095296223958336
601,20.033333333333335,1,1,1,0.0,-1.0,0.006596883138020833,0.9325664145410024,0.058329264322916664,0.4708353678385417,0.058329264322916664
602,20.066666666666666,1,1,1,0.0,-1.0,0.006174723307291667,0.9365307098588889,0.059153238932291664,0.4704233805338542,0.059153238932291664
603,20.1,1,1,1,0.0,-1.0,0.006251017252604167,0.936017074392252,0.059702555338541664,0.4701487223307292,0.059702555338541664
604,20.133333333333333,1,1,1,0.0,-1.0,0.0060272216796875,0.9379414633692535,0.059865315755208336,0.4700673421223958,0.059865315755208336
605,20.166666666666668,1,1,1,0.0,-1.0,0.005828857421875,0.9400790937267098,0.0594329833984375,0.47028350830078125,0.0594329833984375
606,20.2,1,1,1,0.0,-1.0,0.005772908528645833,0.9404133784328136,0.058675130208333336,0.4706624348958333,0.058675130208333336
607,20.233333333333334,1,1,1,0.0,-1.0,0.005442301432291667,0.9433920631588222,0.057993570963541664,0.4710032145182292,0.057993570963541664
608,20.266666666666666,1,1,1,0.0,-1.0,0.004923502604166667,0.9484137217317863,0.057759602864583336,0.4711201985677083,0.057759602864583336
609,20.3,1,1,1,0.0,-1.0,0.004343668619791667,0.9542593578379299,0.057612101236979164,0.47119394938151044,0.057612101236979164
610,20.333333333333332,1,1,1,0.0,-1.0,0.0038401285807291665,0.9592540826793046,0.057428995768229164,0.47128550211588544,0.057428995768229164
611,20.366666666666667,1,1,1,0.0,-1.0,0.003936767578125,0.9581922934990457,0.057383219401041664,0.4713083902994792,0.057383219401041664
612,20.4,1,1,1,0.0,-1.0,0.0036163330078125,0.9615796457667546,0.057317097981770836,0.47134145100911456,0.057317097981770836
613,20.433333333333334,1,1,1,0.0,-1.0,0.0035349527994791665,0.9622380218417511,0.057159423828125,0.4714202880859375,0.057159423828125
614,20.466666666666665,1,1,1,0.0,-1.0,0.0036671956380208335,0.9607139305095183,0.057276407877604164,0.47136179606119794,0.057276407877604164
615,20.5,1,1,1,0.0,-1.0,0.0042266845703125,0.9550265094957456,0.057393391927083336,0.4713033040364583,0.057393391927083336
616,20.533333333333335,1,1,1,0.0,-1.0,0.005091349283854167,0.946424233023706,0.057708740234375,0.4711456298828125,0.057708740234375
617,20.566666666666666,1,1,1,0.0,-1.0,0.005376180013020833,0.9439302156153144,0.058146158854166664,0.4709269205729167,0.058146158854166664
618,20.6,1,1,1,0.0,-1.0,0.00537109375,0.9444022511802792,0.058553059895833336,0.4707234700520833,0.058553059895833336
619,20.633333333333333,1,1,1,0.0,-1.0,0.0052642822265625,0.945512736287607,0.058736165364583336,0.4706319173177083,0.058736165364583336
620,20.666666666666668,1,1,1,0.0,-1.0,0.005777994791666667,0.9403552681878269,0.058614095052083336,0.4706929524739583,0.058614095052083336
621,20.7,1,1,1,0.0,-1.0,0.0059051513671875,0.9389509035361001,0.05853271484375,0.470733642578125,0.05853271484375
622,20.733333333333334,1,1,1,0.0,-1.0,0.0062408447265625,0.9355363932960846,0.05816650390625,0.470916748046875,0.05816650390625
623,20.766666666666666,1,1,1,0.0,-1.0,0.006230672200520833,0.9356839438178424,0.057490030924479164,0.47125498453776044,0.057490030924479164
624,20.8,1,1,1,0.0,-1.0,0.006815592447916667,0.9298534462944392,0.056783040364583336,0.4716084798177083,0.056783040364583336
625,20.833333333333332,1,1,1,0.0,-1.0,0.0071868896484375,0.925949908221171,0.0563812255859375,0.47180938720703125,0.0563812255859375
626,20.866666666666667,1,1,1,0.0,-1.0,0.006891886393229167,0.9289013137598743,0.055852254231770836,0.47207387288411456,0.055852254231770836
627,20.9,1,1,1,0.0,-1.0,0.0072021484375,0.9255895006963659,0.055913289388020836,0.47204335530598956,0.055913289388020836
628,20.933333333333334,1,1,1,0.0,-1.0,0.007161458333333333,0.9259817716253171,0.055943806966145836,0.47202809651692706,0.055943806966145836
629,20.966666666666665,1,1,1,0.0,-1.0,0.006998697916666667,0.9271676279833114,0.055852254231770836,0.47207387288411456,0.055852254231770836
630,21.0,1,1,1,0.0,-1.0,0.006968180338541667,0.9270122985806961,0.0559844970703125,0.47200775146484375,0.0559844970703125
631,21.033333333333335,1,1,1,0.0,-1.0,0.007232666015625,0.9246835429600635,0.056396484375,0.4718017578125,0.056396484375
632,21.066666666666666,1,1,1,0.0,-1.0,0.00732421875,0.9243216458550055,0.056910196940104164,0.47154490152994794,0.056910196940104164
633,21.1,1,1,1,0.0,-1.0,0.007954915364583334,0.9185688484616441,0.056950887044270836,0.47152455647786456,0.056950887044270836
634,21.133333333333333,1,1,1,0.0,-1.0,0.007670084635416667,0.921291990676057,0.0572357177734375,0.47138214111328125,0.0572357177734375
635,21.166666666666668,1,1,1,0.0,-1.0,0.006968180338541667,0.9281754891163667,0.0574493408203125,0.47127532958984375,0.0574493408203125
636,21.2,1,1,1,0.0,-1.0,0.005777994791666667,0.9396659776947405,0.057891845703125,0.4710540771484375,0.057891845703125
637,21.233333333333334,1,1,1,0.0,-1.0,0.0047760009765625,0.9495716219378063,0.058375040690104164,0.47081247965494794,0.058375040690104164
638,21.266666666666666,1,1,1,0.0,-1.0,0.00433349609375,0.9539037439484866,0.058466593424479164,0.47076670328776044,0.058466593424479164
639,21.3,1,1,1,0.0,-1.0,0.0038248697916666665,0.9589160429512846,0.058034261067708336,0.4709828694661458,0.058034261067708336
640,21.333333333333332,1,1,1,0.0,-1.0,0.016871134440104168,0.8442301459176105,0.062189737955729164,0.46890513102213544,0.062189737955729164
641,21.366666666666667,1,1,1,0.0,-1.0,0.0186614990234375,0.8395080484424546,0.06493123372395833,0.4675733814768312,0.06493123372395833
642,21.4,1,1,1,0.0,-1.0,0.019602457682291668,0.8401153580800871,0.06815592447916667,0.4659220377604167,0.06815592447916667
643,21.433333333333334,1,1,1,0.0,-1.0,0.020721435546875,0.8395620127599747,0.07148234049479167,0.4642588297526042,0.07148234049479167
644,21.466666666666665,1,1,1,0.0,-1.0,0.022404988606770832,0.835635763080868,0.07550557454427083,0.46224721272786456,0.07550557454427083
645,21.5,1,1,1,0.0,-1.0,0.023651123046875,0.835506792093097,0.07966105143229167,0.4601694742838542,0.07966105143229167
646,21.533333333333335,1,1,1,0.0,-1.0,0.0242156982421875,0.839211897400354,0.08401997884114583,0.45799001057942706,0.08401997884114583
647,21.566666666666666,1,1,1,0.0,-1.0,0.023732503255208332,0.8492179878571946,0.088470458984375,0.4557647705078125,0.088470458984375
648,21.6,1,1,1,0.0,-1.0,0.0218505859375,0.8654270272349129,0.09208170572916667,0.4539591471354167,0.09208170572916667
649,21.633333333333333,1,1,1,0.0,-1.0,0.020289103190104168,0.8777015747576038,0.0944366455078125,0.45278167724609375,0.0944366455078125
650,21.666666666666668,1,1,1,0.0,-1.0,0.0177764892578125,0.893469757374077,0.09559122721354167,0.4522043863932292,0.09559122721354167
651,21.7,1,1,1,0.0,-1.0,0.016718546549479168,0.9003666142087267,0.0964813232421875,0.451811559678685,0.0964813232421875
652,21.733333333333334,1,1,1,0.0,-1.0,0.014617919921875,0.9126417780990084,0.09685770670572917,0.45157114664713544,0.09685770670572917
653,21.766666666666666,1,1,1,0.0,-1.0,0.014180501302083334,0.9153785012957203,0.0971527099609375,0.45142364501953125,0.0971527099609375
654,21.8,1,1,1,0.0,-1.0,0.012629191080729166,0.9242857350456497,0.09706624348958333,0.4514668782552083,0.09706624348958333
655,21.833333333333332,1,1,1,0.0,-1.0,0.0132598876953125,0.9207469278864477,0.0965576171875,0.45172119140625,0.0965576171875
656,21.866666666666667,1,1,1,0.0,-1.0,0.013605753580729166,0.9185527761200971,0.0960845947265625,0.45195770263671875,0.0960845947265625
657,21.9,1,1,1,0.0,-1.0,0.0142364501953125,0.914705996436254,0.09489949544270833,0.4525502522786458,0.09489949544270833
658,21.933333333333334,1,1,1,0.0,-1.0,0.0158843994140625,0.9043463028862535,0.0919647216796875,0.45538479616304595,0.0919647216796875
659,21.966666666666665,1,1,1,0.0,-1.0,0.0400543212890625,0.7984211953691093,0.10821024576822917,0.4479993745910454,0.10821024576822917
660,22.0,1,1,1,0.0,-1.0,0.043284098307291664,0.8044287872403282,0.11623636881510417,0.4444367270666571,0.11623636881510417
661,22.033333333333335,1,1,1,0.0,-1.0,0.039754231770833336,0.827608130159044,0.12346394856770833,0.44077025889879723,0.12346394856770833
662,22.066666666666666,1,1,1,0.0,-1.0,0.039637247721354164,0.8368484060151564,0.132080078125,0.4375464933974091,0.132080078125
663,22.1,1,1,1,0.0,-1.0,0.039769490559895836,0.8463868039967787,0.14432779947916666,0.4329229000596331,0.14432779947916666
664,22.133333333333333,1,1,1,0.0,-1.0,0.038548787434895836,0.8601033993094418,0.15703837076822916,0.4256608532591266,0.15703837076822916
665,22.166666666666668,1,1,1,0.0,-1.0,0.0346832275390625,0.8756404448176256,0.15581258138020834,0.4247226811072883,0.15581258138020834
666,22.2,1,1,1,0.0,-1.0,0.004414876302083333,0.982623730061601,0.15524800618489584,0.42496752278761435,0.15524800618489584
667,22.233333333333334,1,1,1,0.0,-1.0,0.004786173502604167,0.9811316990062092,0.15564473470052084,0.42476225999907424,0.15564473470052084
668,22.266666666666666,1,1,1,0.0,-1.0,0.004964192708333333,0.9804487076372744,0.15582784016927084,0.4246832852098493,0.15582784016927084
669,22.3,1,1,1,0.0,-1.0,0.005518595377604167,0.9783435237278013,0.1564483642578125,0.4243936285368772,0.1564483642578125
670,22.333333333333332,1,1,1,0.0,-1.0,0.005711873372395833,0.9776446740418492,0.1565093994140625,0.42425228333523396,0.1565093994140625
671,22.366666666666667,1,1,1,0.0,-1.0,0.005589803059895833,0.9781292984050503,0.1567535400390625,0.4240478267714867,0.1567535400390625
672,22.4,1,1,1,0.0,-1.0,0.005528767903645833,0.9784004127811757,0.1571807861328125,0.4236398067854807,0.1571807861328125
673,22.433333333333334,1,1,1,0.0,-1.0,0.005518595377604167,0.9784718737526052,0.1573638916015625,0.42338935992518384,0.1573638916015625
674,22.466666666666665,1,1,1,0.0,-1.0,0.005528767903645833,0.9784585530243115,0.15798441569010416,0.4229305080889762,0.15798441569010416
675,22.5,1,1,1,0.0,-1.0,0.005772908528645833,0.9775450105378968,0.15854899088541666,0.42251693217797853,0.15854899088541666
676,22.533333333333335,1,1,1,0.0,-1.0,0.005828857421875,0.9773682840416524,0.15892537434895834,0.4223552522343807,0.15892537434895834
677,22.566666666666666,1,1,1,0.0,-1.0,0.006113688151041667,0.976307991181488,0.15926106770833334,0.4222142748950735,0.15926106770833334
678,22.6,1,1,1,0.0,-1.0,0.005793253580729167,0.9775946801705976,0.159515380859375,0.42231516715901496,0.159515380859375
679,22.633333333333333,1,1,1,0.0,-1.0,0.005274454752604167,0.9796416471052007,0.15990702311197916,0.42235968637995597,0.15990702311197916
680,22.666666666666668,1,1,1,0.0,-1.0,0.005193074544270833,0.9799833584572963,0.16015625,0.42264460216292565,0.16015625
681,22.7,1,1,1,0.0,-1.0,0.005259195963541667,0.9797700913502596,0.16066487630208334,0.4228076932011495,0.16066487630208334
682,22.733333333333334,1,1,1,0.0,-1.0,0.005101521809895833,0.9804233804905974,0.16097005208333334,0.4230282126482312,0.16097005208333334
683,22.766666666666666,1,1,1,0.0,-1.0,0.004903157552083333,0.9812250790589281,0.16133626302083334,0.4231541841355756,0.16133626302083334
684,22.8,1,1,1,0.0,-1.0,0.0049896240234375,0.9809492667884645,0.1612091064453125,0.42355326260824194,0.1612091064453125
685,22.833333333333332,1,1,1,0.0,-1.0,0.00494384765625,0.9811532515010262,0.16080729166666666,0.424354551173731,0.16080729166666666
686,22.866666666666667,1,1,1,0.0,-1.0,0.004597981770833333,0.9824692370493855,0.16029866536458334,0.4257578518370542,0.16029866536458334
687,22.9,1,1,1,0.0,-1.0,0.004781087239583333,0.9817970847096259,0.16005961100260416,0.4276461628498505,0.16005961100260416
688,22.933333333333334,1,1,1,0.0,-1.0,0.004842122395833333,0.981577231854619,0.15997314453125,0.42957488903991303,0.15997314453125
689,22.966666666666665,1,1,1,0.0,-1.0,0.004582722981770833,0.9825828854794898,0.16051737467447916,0.43140798161980487,0.16051737467447916
690,23.0,1,1,1,0.0,-1.0,0.004221598307291667,0.9839624464686894,0.16073099772135416,0.43306701214562104,0.16073099772135416
691,23.033333333333335,1,1,1,0.0,-1.0,0.004145304361979167,0.9842851337380369,0.16115824381510416,0.4341334221532797,0.16115824381510416
692,23.066666666666666,1,1,1,0.0,-1.0,0.0041351318359375,0.9843535822150894,0.16138203938802084,0.43570857644753075,0.16138203938802084
693,23.1,1,1,1,0.0,-1.0,0.004343668619791667,0.9836050848417176,0.16187032063802084,0.43734449884479737,0.16187032063802084
694,23.133333333333333,1,1,1,0.0,-1.0,0.004603068033854167,0.9826757129028698,0.16243998209635416,0.43997501495054847,0.16243998209635416
695,23.166666666666668,1,1,1,0.0,-1.0,0.0044097900390625,0.9834386425394124,0.16364542643229166,0.4437904468298608,0.16364542643229166
696,23.2,1,1,1,0.0,-1.0,0.004831949869791667,0.9819109307969254,0.16602071126302084,0.4463301709865106,0.16602071126302084
697,23.233333333333334,1,1,1,0.0,-1.0,0.004842122395833333,0.9819072855545821,0.16890462239583334,0.4479764166016302,0.16890462239583334
698,23.266666666666666,1,1,1,0.0,-1.0,0.005350748697916667,0.980066145362611,0.17087809244791666,0.44925724873054845,0.17087809244791666
699,23.3,1,1,1,0.0,-1.0,0.005254109700520833,0.9804727602686478,0.17236328125,0.45108457378760797,0.17236328125
700,23.333333333333332,1,1,1,0.0,-1.0,0.00531005859375,0.9803449726598641,0.172607421875,0.4528019264533952,0.172607421875
701,23.366666666666667,1,1,1,0.0,-1.0,0.005788167317708333,0.9786688726171339,0.17286173502604166,0.4552370459581624,0.17286173502604166
702,23.4,1,1,1,0.0,-1.0,0.0052490234375,0.9806861971060261,0.1733856201171875,0.4573148916597309,0.1733856201171875
703,23.433333333333334,1,1,1,0.0,-1.0,0.005279541015625,0.9806162799587717,0.175506591796875,0.45990308870560614,0.175506591796875
704,23.466666666666665,1,1,1,0.0,-1.0,0.004974365234375,0.9817573222326752,0.17827860514322916,0.460653892311797,0.17827860514322916
705,23.5,1,1,1,0.0,-1.0,0.004999796549479167,0.9816497914531058,0.17898050944010416,0.46314872531287027,0.17898050944010416
706,23.533333333333335,1,1,1,0.0,-1.0,0.0049591064453125,0.9818031264280052,0.17783101399739584,0.4652199447723291,0.17783101399739584
707,23.566666666666666,1,1,1,0.0,-1.0,0.005025227864583333,0.9815988145058143,0.17399088541666666,0.4683041728132783,0.17399088541666666
708,23.6,1,1,1,0.0,-1.0,0.005193074544270833,0.9810263356772015,0.171112060546875,0.4707624737878541,0.171112060546875
709,23.633333333333333,1,1,1,0.0,-1.0,0.005030314127604167,0.981653539867037,0.16994222005208334,0.47225237414830334,0.16994222005208334
710,23.666666666666668,1,1,1,0.0,-1.0,0.004689534505208333,0.9829153673717523,0.17084757486979166,0.4735055457505292,0.17084757486979166
711,23.7,1,1,1,0.0,-1.0,0.004750569661458333,0.9827388450629466,0.1735992431640625,0.4742564601631588,0.1735992431640625
712,23.733333333333334,1,1,1,0.0,-1.0,0.004694620768229167,0.9829812587419855,0.17710367838541666,0.4749640217910664,0.17710367838541666
713,23.766666666666666,1,1,1,0.0,-1.0,0.004913330078125,0.9822545678662322,0.17946879069010416,0.4751300854170435,0.17946879069010416
714,23.8,1,1,1,0.0,-1.0,0.0047760009765625,0.9827903090389927,0.179351806640625,0.47606708766687533,0.179351806640625
715,23.833333333333332,1,1,1,0.0,-1.0,0.004831949869791667,0.9826306105513294,0.17907206217447916,0.4772299094674818,0.17907206217447916
716,23.866666666666667,1,1,1,0.0,-1.0,0.0044708251953125,0.9839647769195143,0.177978515625,0.47794779826767,0.177978515625
717,23.9,1,1,1,0.0,-1.0,0.004185994466145833,0.9850110272028783,0.17786153157552084,0.4782698065334873,0.17786153157552084
718,23.933333333333334,1,1,1,0.0,-1.0,0.003946940104166667,0.9858930278785643,0.17859903971354166,0.4786561792665555,0.17859903971354166
719,23.966666666666665,1,1,1,0.0,-1.0,0.004480997721354167,0.9840183922225969,0.18033854166666666,0.4804069064112139,0.18033854166666666
720,24.0,1,1,1,0.0,-1.0,0.0048065185546875,0.9828878152515531,0.18314615885416666,0.4810788719139521,0.18314615885416666
721,24.033333333333335,1,1,1,0.0,-1.0,0.0051116943359375,0.9818382381235331,0.18387349446614584,0.48165679584001597,0.18387349446614584
722,24.066666666666666,1,1,1,0.0,-1.0,0.005366007486979167,0.9809666581613525,0.18263753255208334,0.48254609773547125,0.18263753255208334
723,24.1,1,1,1,0.0,-1.0,0.005304972330729167,0.9812398325895348,0.17967732747395834,0.4836553919236099,0.17967732747395834
724,24.133333333333333,1,1,1,0.0,-1.0,0.005320231119791667,0.9812394443447008,0.17622884114583334,0.4855700059806926,0.17622884114583334
725,24.166666666666668,1,1,1,0.0,-1.0,0.005101521809895833,0.9820379282744122,0.1733551025390625,0.4875158047251839,0.1733551025390625
726,24.2,1,1,1,0.0,-1.0,0.0053253173828125,0.9813077169965936,0.17205810546875,0.48940088568791884,0.17205810546875
727,24.233333333333334,1,1,1,0.0,-1.0,0.0053253173828125,0.9813584927928739,0.17255655924479166,0.49088788724739024,0.17255655924479166
728,24.266666666666666,1,1,1,0.0,-1.0,0.005498250325520833,0.9808179285000964,0.17436726888020834,0.4908989682763041,0.17436726888020834
729,24.3,1,1,1,0.0,-1.0,0.005228678385416667,0.9818047553926155,0.175933837890625,0.4908923872837665,0.175933837890625
730,24.333333333333332,1,1,1,0.0,-1.0,0.00537109375,0.9813739387446367,0.1759490966796875,0.4905414757424934,0.1759490966796875
731,24.366666666666667,1,1,1,0.0,-1.0,0.005157470703125,0.9821636121727525,0.1744842529296875,0.49116321805467317,0.1744842529296875
732,24.4,1,1,1,0.0,-1.0,0.00506591796875,0.9825338961750611,0.17308553059895834,0.49171125104204944,0.17308553059895834
733,24.433333333333334,1,1,1,0.0,-1.0,0.0052947998046875,0.9818065743355181,0.17246500651041666,0.491476621669965,0.17246500651041666
734,24.466666666666665,1,1,1,0.0,-1.0,0.005126953125,0.9824109904124947,0.17238871256510416,0.4912486144687252,0.17238871256510416
735,24.5,1,1,1,0.0,-1.0,0.005320231119791667,0.9817902287914938,0.17334493001302084,0.4905100958574268,0.17334493001302084
736,24.533333333333335,1,1,1,0.0,-1.0,0.005533854166666667,0.9811130599741533,0.17499796549479166,0.48944938912973235,0.17499796549479166
737,24.566666666666666,1,1,1,0.0,-1.0,0.005096435546875,0.9826311906985097,0.17637125651041666,0.4882153751095824,0.17637125651041666
738,24.6,1,1,1,0.0,-1.0,0.0055694580078125,0.9810827476530986,0.1767730712890625,0.48703867421830555,0.1767730712890625
739,24.633333333333333,1,1,1,0.0,-1.0,0.005299886067708333,0.9820440141812741,0.17681376139322916,0.48645593052097075,0.17681376139322916
740,24.666666666666668,1,1,1,0.0,-1.0,0.005167643229166667,0.982534824703002,0.17632039388020834,0.4864240624396806,0.17632039388020834
741,24.7,1,1,1,0.0,-1.0,0.005452473958333333,0.9816166551419947,0.17621866861979166,0.4861014448495882,0.17621866861979166
742,24.733333333333334,1,1,1,0.0,-1.0,0.005243937174479167,0.9823592007795376,0.1759033203125,0.4864798256814108,0.1759033203125
743,24.766666666666666,1,1,1,0.0,-1.0,0.004430135091145833,0.9851104766078673,0.17613728841145834,0.4864589859092211,0.17613728841145834
744,24.8,1,1,1,0.0,-1.0,0.0115814208984375,0.9618836524027053,0.17833964029947916,0.48446238255636015,0.17833964029947916
745,24.833333333333332,1,1,1,0.0,-1.0,0.0151824951171875,0.9505642812337443,0.18187967936197916,0.47973894102987497,0.18187967936197916
746,24.866666666666667,1,1,1,0.0,-1.0,0.0191192626953125,0.9380866030478469,0.1857147216796875,0.4724978386716376,0.1857147216796875
747,24.9,1,1,1,0.0,-1.0,0.0229034423828125,0.9257026314457286,0.187652587890625,0.46522274366991423,0.187652587890625
748,24.933333333333334,1,1,1,0.0,-1.0,0.027008056640625,0.9118017857966914,0.18902079264322916,0.4552195081395862,0.18902079264322916
749,24.966666666666665,1,1,1,0.0,-1.0,0.031697591145833336,0.8953571007777984,0.18780517578125,0.4455801573210303,0.18780517578125
750,25.0,1,1,1,0.0,-1.0,0.036112467447916664,0.8785086580906953,0.1833953857421875,0.4389342475789749,0.1833953857421875
751,25.033333333333335,1,1,1,0.0,-1.0,0.041356404622395836,0.856469851791074,0.17818705240885416,0.43035796573441454,0.17818705240885416
752,25.066666666666666,1,1,1,0.0,-1.0,0.044947306315104164,0.8369658367913964,0.17878214518229166,0.41450060706572917,0.17878214518229166
753,25.1,1,1,1,0.0,-1.0,0.036977132161458336,0.8593747525621627,0.18311055501302084,0.41182925334277615,0.18311055501302084
754,25.133333333333333,1,1,1,0.0,-1.0,0.0404815673828125,0.849911625567052,0.19025166829427084,0.40772936700696055,0.19025166829427084
755,25.166666666666668,1,1,1,0.0,-1.0,0.043635050455729164,0.8436788823317405,0.19977823893229166,0.401305478434935,0.19977823893229166
756,25.2,1,1,1,0.0,-1.0,0.036778767903645836,0.8710625414059955,0.20860799153645834,0.3962550151733582,0.20860799153645834
757,25.233333333333334,1,1,1,0.0,-1.0,0.031621297200520836,0.8932561347065638,0.21739705403645834,0.39245759302567335,0.21739705403645834
758,25.266666666666666,1,1,1,0.0,-1.0,0.033721923828125,0.8926772620446835,0.22614542643229166,0.38851152098191,0.22614542643229166
759,25.3,1,1,1,0.0,-1.0,0.038787841796875,0.8842127217034235,0.23565165201822916,0.38445562325571264,0.23565165201822916
760,25.333333333333332,1,1,1,0.0,-1.0,0.047271728515625,0.8686342220381054,0.249267578125,0.37776411429398327,0.249267578125
761,25.366666666666667,1,1,1,0.0,-1.0,0.0521697998046875,0.8637267029957891,0.2623443603515625,0.37283369903327895,0.2623443603515625
762,25.4,1,1,1,0.0,-1.0,0.054148356119791664,0.8646564503548168,0.2715708414713542,0.3692536253214028,0.2715708414713542
763,25.433333333333334,1,1,1,0.0,-1.0,0.051844278971354164,0.8728729566170632,0.272979736328125,0.3709125516360478,0.272979736328125
764,25.466666666666665,1,1,1,0.0,-1.0,0.046468098958333336,0.8860341168460735,0.2684834798177083,0.37668259546200156,0.2684834798177083
765,25.5,1,1,1,0.0,-1.0,0.0395965576171875,0.9001496025110189,0.24858601888020834,0.39082312189384605,0.24858601888020834
766,25.533333333333335,1,1,1,0.0,-1.0,0.047541300455729164,0.8757746760381069,0.22620137532552084,0.4051472191879554,0.22620137532552084
767,25.566666666666666,1,1,1,0.0,-1.0,0.061152140299479164,0.8325754806482794,0.20096333821614584,0.42069622705119664,0.20096333821614584
768,25.6,1,1,1,0.0,-1.0,0.07806905110677083,0.7723589158579043,0.17632548014322916,0.4317685991287049,0.17632548014322916
769,25.633333333333333,1,1,1,0.0,-1.0,0.08269246419270833,0.7440350001168241,0.17322285970052084,0.4320507314669812,0.17322285970052084
770,25.666666666666668,1,1,1,0.0,-1.0,0.0242462158203125,0.9104182127448713,0.164642333984375,0.438353186671111,0.164642333984375
771,25.7,1,1,1,0.0,-1.0,0.0146331787109375,0.9428292201393393,0.165252685546875,0.43880373512460774,0.165252685546875
772,25.733333333333334,1,1,1,0.0,-1.0,0.010075887044270834,0.9597646464031973,0.16646830240885416,0.43869953796739114,0.16646830240885416
773,25.766666666666666,1,1,1,0.0,-1.0,0.0077667236328125,0.9685089674539984,0.17125447591145834,0.43756646652284403,0.17125447591145834
774,25.8,1,1,1,0.0,-1.0,0.009633382161458334,0.960814818983138,0.1759033203125,0.4369780615803984,0.1759033203125
775,25.833333333333332,1,1,1,0.0,-1.0,0.012644449869791666,0.9485829871278608,0.18500264485677084,0.43305864254605214,0.18500264485677084
776,25.866666666666667,1,1,1,0.0,-1.0,0.015233357747395834,0.9379747137062509,0.1900482177734375,0.43177154173945653,0.1900482177734375
777,25.9,1,1,1,0.0,-1.0,0.0170745849609375,0.9302281807241628,0.1938018798828125,0.42975546454009234,0.1938018798828125
778,25.933333333333334,1,1,1,0.0,-1.0,0.018030802408854168,0.9258292835562089,0.19954427083333334,0.42724583117491605,0.19954427083333334
779,25.966666666666665,1,1,1,0.0,-1.0,0.018880208333333332,0.9218269513315387,0.1990509033203125,0.4262114592186517,0.1990509033203125
780,26.0,1,1,1,0.0,-1.0,0.0185089111328125,0.9224165536581985,0.20074971516927084,0.4243775208795962,0.20074971516927084
781,26.033333333333335,1,1,1,0.0,-1.0,0.016810099283854168,0.9282200542461376,0.19909159342447916,0.4237145438069125,0.19909159342447916
782,26.066666666666666,1,1,1,0.0,-1.0,0.014546712239583334,0.9367253683260696,0.20032755533854166,0.4226510073585921,0.20032755533854166
783,26.1,1,1,1,0.0,-1.0,0.011683146158854166,0.9483081643019222,0.20352681477864584,0.41899426629666975,0.20352681477864584
784,26.133333333333333,1,1,1,0.0,-1.0,0.011464436848958334,0.9489835794308377,0.20398457845052084,0.41645223031415823,0.20398457845052084
785,26.166666666666668,1,1,1,0.0,-1.0,0.010782877604166666,0.9518328850185993,0.21110026041666666,0.4110786332626373,0.21110026041666666
786,26.2,1,1,1,0.0,-1.0,0.010203043619791666,0.9544778495249957,0.2162628173828125,0.40761669969311365,0.2162628173828125
787,26.233333333333334,1,1,1,0.0,-1.0,0.009821573893229166,0.9563471999086849,0.22794596354166666,0.4022978929562547,0.22794596354166666
788,26.266666666666666,1,1,1,0.0,-1.0,0.014851888020833334,0.9358452373703818,0.235992431640625,0.3992393200966152,0.235992431640625
789,26.3,1,1,1,0.0,-1.0,0.024286905924479168,0.8994728620179702,0.249267578125,0.39399686427177,0.249267578125
790,26.333333333333332,1,1,1,0.0,-1.0,0.019800821940104168,0.9176795668030681,0.2617899576822917,0.3892469138404169,0.2617899576822917
791,26.366666666666667,1,1,1,0.0,-1.0,0.027440388997395832,0.8890113916240168,0.2669474283854167,0.38814692988729194,0.2669474283854167
792,26.4,1,1,1,0.0,-1.0,0.0272674560546875,0.889508027655946,0.2720133463541667,0.38662553267241534,0.2720133463541667
793,26.433333333333334,1,1,1,0.0,-1.0,0.027765909830729168,0.8875772298529303,0.2666676839192708,0.3904517414671987,0.2666676839192708
794,26.466666666666665,1,1,1,0.0,-1.0,0.027262369791666668,0.889525266857065,0.2566884358723958,0.39634715789388936,0.2566884358723958
795,26.5,1,1,1,0.0,-1.0,0.02838134765625,0.8855006921173982,0.24270121256510416,0.40494050513164637,0.24270121256510416
796,26.533333333333335,1,1,1,0.0,-1.0,0.10733540852864583,0.6594281627049208,0.248382568359375,0.4033536685799453,0.248382568359375
797,26.566666666666666,1,1,1,0.0,-1.0,0.12015787760416667,0.6389093273124147,0.2498321533203125,0.4002104734767023,0.2498321533203125
798,26.6,1,1,1,0.0,-1.0,0.12082926432291667,0.6386404408883853,0.2599385579427083,0.39060437090551714,0.2599385579427083
799,26.633333333333333,1,1,1,0.0,-1.0,0.1025390625,0.6713047698481771,0.2553761800130208,0.3912530339354501,0.2553761800130208
800,26.666666666666668,1,1,1,0.0,-1.0,0.10003153483072917,0.5769293262907281,0.18529256184895834,0.41782053199360697,0.18529256184895834
801,26.7,1,1,1,0.0,-1.0,0.033284505208333336,0.6275547975688619,0.17590840657552084,0.41205980606834297,0.17590840657552084
802,26.733333333333334,1,1,1,0.0,-1.0,0.013142903645833334,0.7449738498076344,0.18310038248697916,0.40844980875651044,0.18310038248697916
803,26.766666666666666,1,1,1,0.0,-1.0,0.013621012369791666,0.7382456314467094,0.18418375651041666,0.4079081217447917,0.18418375651041666
804,26.8,1,1,1,0.0,-1.0,0.01043701171875,0.7808239254933507,0.18393452962239584,0.40803273518880206,0.18393452962239584
805,26.833333333333332,1,1,1,0.0,-1.0,0.011128743489583334,0.761597656434982,0.18084208170572916,0.40957895914713544,0.18084208170572916
806,26.866666666666667,1,1,1,0.0,-1.0,0.010594685872395834,0.7705577620608836,0.17865498860677084,0.41067250569661456,0.17865498860677084
807,26.9,1,1,1,0.0,-1.0,0.009730021158854166,0.7912944157993785,0.1781005859375,0.41094970703125,0.1781005859375
808,26.933333333333334,1,1,1,0.0,-1.0,0.009348551432291666,0.8015780189915966,0.17559814453125,0.412200927734375,0.17559814453125
809,26.966666666666665,1,1,1,0.0,-1.0,0.008005777994791666,0.824884746578247,0.1773223876953125,0.41133880615234375,0.1773223876953125
810,27.0,1,1,1,0.0,-1.0,0.008870442708333334,0.8078099984737511,0.16861470540364584,0.41569264729817706,0.16861470540364584
811,27.033333333333335,1,1,1,0.0,-1.0,0.0092620849609375,0.8009568496817374,0.16094970703125,0.419525146484375,0.16094970703125
812,27.066666666666666,1,1,1,0.0,-1.0,0.008768717447916666,0.8097337498791806,0.1501922607421875,0.42490386962890625,0.1501922607421875
813,27.1,1,1,1,0.0,-1.0,0.008356730143229166,0.8159991896937798,0.13726298014322916,0.43136850992838544,0.13726298014322916
814,27.133333333333333,1,1,1,0.0,-1.0,0.00848388671875,0.8130401929106672,0.12897237141927084,0.43551381429036456,0.12897237141927084
815,27.166666666666668,1,1,1,0.0,-1.0,0.008565266927083334,0.8081692538980962,0.12624104817708334,0.4368794759114583,0.12624104817708334
816,27.2,1,1,1,0.0,-1.0,0.009297688802083334,0.7911786623701025,0.12984720865885416,0.43507639567057294,0.12984720865885416
817,27.233333333333334,1,1,1,0.0,-1.0,0.0098876953125,0.7821115367483948,0.139068603515625,0.4304656982421875,0.139068603515625
818,27.266666666666666,1,1,1,0.0,-1.0,0.025548299153645832,0.6649319684656992,0.17197163899739584,0.4194888025884193,0.17197163899739584
819,27.3,1,1,1,0.0,-1.0,0.178131103515625,0.48173806976354805,0.3223724365234375,0.38036498052285367,0.3223724365234375
820,27.333333333333332,1,1,1,0.0,-1.0,0.3487650553385417,0.4642607249088755,0.6158854166666666,0.22562284610289168,0.6158854166666666
821,27.366666666666667,1,1,1,0.0,-1.0,0.3153940836588542,0.4783035474134753,0.7140655517578125,0.16138666889976666,0.7140655517578125
822,27.4,1,1,1,0.0,-1.0,0.15183512369791666,0.48927862033397274,0.681304931640625,0.16563155261857043,0.681304931640625
823,27.433333333333334,1,1,1,0.0,-1.0,0.017908732096354168,0.7262832143828235,0.6703236897786459,0.17042045450056897,0.6703236897786459
824,27.466666666666665,1,1,1,0.0,-1.0,0.009562174479166666,0.8125429160910695,0.66326904296875,0.17422966346426375,0.66326904296875
825,27.5,1,1,1,0.0,-1.0,0.010213216145833334,0.8074913856432948,0.6578267415364584,0.17742917014927514,0.6578267415364584
826,27.533333333333335,1,1,1,0.0,-1.0,0.011815388997395834,0.7869877279314822,0.6349945068359375,0.19013532389237467,0.6349945068359375
827,27.566666666666666,1,1,1,0.0,-1.0,0.013768513997395834,0.7672271788494689,0.6381174723307291,0.1897148269677967,0.6381174723307291
828,27.6,1,1,1,0.0,-1.0,0.013661702473958334,0.7806747775714205,0.6118265787760416,0.2046872001151654,0.6118265787760416
829,27.633333333333333,1,1,1,0.0,-1.0,0.010889689127604166,0.8235413373837394,0.6107279459635416,0.2048956815826272,0.6107279459635416
830,27.666666666666668,1,1,1,0.0,-1.0,0.0103302001953125,0.8257317302352032,0.5733591715494791,0.22415977869219866,0.5733591715494791
831,27.7,1,1,1,0.0,-1.0,0.009816487630208334,0.8169259449989168,0.5617319742838541,0.2289017301957479,0.5617319742838541
832,27.733333333333334,1,1,1,0.0,-1.0,0.010294596354166666,0.7880348506747216,0.5110371907552084,0.2542312900410537,0.5110371907552084
833,27.766666666666666,1,1,1,0.0,-1.0,0.0113067626953125,0.762274304325248,0.4833730061848958,0.2674064776787285,0.4833730061848958
834,27.8,1,1,1,0.0,-1.0,0.013203938802083334,0.731834870042892,0.4358622233072917,0.2900195900411191,0.4358622233072917
835,27.833333333333332,1,1,1,0.0,-1.0,0.013392130533854166,0.7236727378251738,0.4051564534505208,0.30300135090478697,0.4051564534505208
836,27.866666666666667,1,1,1,0.0,-1.0,0.011530558268229166,0.7543689901312488,0.395782470703125,0.30570047157280184,0.395782470703125
837,27.9,1,1,1,0.0,-1.0,0.012613932291666666,0.7374709505286006,0.3876139322916667,0.3084801443746362,0.3876139322916667
838,27.933333333333334,1,1,1,0.0,-1.0,0.011881510416666666,0.7446279177377937,0.3892110188802083,0.3081386924706081,0.3892110188802083
839,27.966666666666665,1,1,1,0.0,-1.0,0.010009765625,0.781939671415635,0.3944905598958333,0.3073767308152594,0.3944905598958333
840,28.0,1,1,1,0.0,-1.0,0.012980143229166666,0.7533872893594097,0.4081624348958333,0.30280988102783346,0.4081624348958333
841,28.033333333333335,1,1,1,0.0,-1.0,0.018564860026041668,0.7170005359926297,0.4425099690755208,0.288629002285198,0.4425099690755208
842,28.066666666666666,1,1,1,0.0,-1.0,0.021169026692708332,0.7471381282324829,0.4991404215494792,0.26154071201059853,0.4991404215494792
843,28.1,1,1,1,0.0,-1.0,0.042561848958333336,0.6851844866715859,0.5588226318359375,0.23974596502186896,0.5588226318359375
844,28.133333333333333,1,1,1,0.0,-1.0,0.1084136962890625,0.5030290736164266,0.55426025390625,0.24961467067371948,0.55426025390625
845,28.166666666666668,1,1,1,0.0,-1.0,0.14124552408854166,0.45437856721629266,0.5588480631510416,0.2510312138890005,0.5588480631510416
846,28.2,1,1,1,0.0,-1.0,0.1322021484375,0.46770619433653843,0.5572611490885416,0.245339238486936,0.5572611490885416
847,28.233333333333334,1,1,1,0.0,-1.0,0.059427897135416664,0.6764833019481222,0.5097605387369791,0.2772816491908261,0.5097605387369791
848,28.266666666666666,1,1,1,0.0,-1.0,0.055328369140625,0.706550649803745,0.4709981282552083,0.3036853754427044,0.4709981282552083
849,28.3,1,1,1,0.0,-1.0,0.057093302408854164,0.7056668889251703,0.4483489990234375,0.31580893954427336,0.4483489990234375
850,28.333333333333332,1,1,1,0.0,-1.0,0.0543975830078125,0.7168931059401742,0.4363505045572917,0.3220444761750571,0.4363505045572917
851,28.366666666666667,1,1,1,0.0,-1.0,0.04638671875,0.7474930290158289,0.438385009765625,0.3244271703985736,0.438385009765625
852,28.4,1,1,1,0.0,-1.0,0.038335164388020836,0.785319323246163,0.4404856363932292,0.3299139502409118,0.4404856363932292
853,28.433333333333334,1,1,1,0.0,-1.0,0.02423095703125,0.8537453498322138,0.471649169921875,0.3107678045082463,0.471649169921875
854,28.466666666666665,1,1,1,0.0,-1.0,0.021062215169270832,0.8628005221580534,0.5048573811848959,0.2874201631994087,0.5048573811848959
855,28.5,1,1,1,0.0,-1.0,0.018925984700520832,0.8643720795266253,0.53350830078125,0.2673137016074565,0.53350830078125
856,28.533333333333335,1,1,1,0.0,-1.0,0.017181396484375,0.8653599506740947,0.560028076171875,0.24924172960516275,0.560028076171875
857,28.566666666666666,1,1,1,0.0,-1.0,0.0165863037109375,0.8639605553926684,0.5670064290364584,0.2443867013517541,0.5670064290364584
858,28.6,1,1,1,0.0,-1.0,0.01776123046875,0.8527486357399945,0.5855662027994791,0.23289618130874334,0.5855662027994791
859,28.633333333333333,1,1,1,0.0,-1.0,0.0177764892578125,0.8495132743277142,0.6000010172526041,0.22365006321142583,0.6000010172526041
860,28.666666666666668,1,1,1,0.0,-1.0,0.015411376953125,0.8655710767030165,0.6160074869791666,0.21426716227225862,0.6160074869791666
861,28.7,1,1,1,0.0,-1.0,0.014948527018229166,0.8700508616710868,0.6197052001953125,0.21214194892307367,0.6197052001953125
862,28.733333333333334,1,1,1,0.0,-1.0,0.015777587890625,0.8657488387132892,0.6064809163411459,0.21987595388402828,0.6064809163411459
863,28.766666666666666,1,1,1,0.0,-1.0,0.015818277994791668,0.8679054018635777,0.5907491048177084,0.2287475917403355,0.5907491048177084
864,28.8,1,1,1,0.0,-1.0,0.016042073567708332,0.8692653793805276,0.5767974853515625,0.23637846324942122,0.5767974853515625
865,28.833333333333332,1,1,1,0.0,-1.0,0.017181396484375,0.8653785266352872,0.5678914388020834,0.24135918663962908,0.5678914388020834
866,28.866666666666667,1,1,1,0.0,-1.0,0.017827351888020832,0.8665065526161075,0.5916951497395834,0.22804818730056942,0.5916951497395834
867,28.9,1,1,1,0.0,-1.0,0.0184783935546875,0.8680011987091487,0.6119893391927084,0.21726708620616111,0.6119893391927084
868,28.933333333333334,1,1,1,0.0,-1.0,0.018300374348958332,0.8739945750039783,0.6452891031901041,0.19874778048983854,0.6452891031901041
869,28.966666666666665,1,1,1,0.0,-1.0,0.017181396484375,0.8842392176704692,0.658905029296875,0.19110910787175844,0.658905029296875
870,29.0,1,1,1,0.0,-1.0,0.017140706380208332,0.8871048606692493,0.6697540283203125,0.18445603022110976,0.6697540283203125
871,29.033333333333335,1,1,1,0.0,-1.0,0.016652425130208332,0.89202786906292,0.6793162027994791,0.17832044009488116,0.6793162027994791
872,29.066666666666666,1,1,1,0.0,-1.0,0.012914021809895834,0.9154192984717249,0.6783040364583334,0.17915893504078068,0.6783040364583334
873,29.1,1,1,1,0.0,-1.0,0.010732014973958334,0.9300858143091839,0.6834259033203125,0.17645095094246754,0.6834259033203125
874,29.133333333333333,1,1,1,0.0,-1.0,0.010111490885416666,0.9355986754533869,0.6719818115234375,0.18420681081505402,0.6719818115234375
875,29.166666666666668,1,1,1,0.0,-1.0,0.009424845377604166,0.9414624204376238,0.6529947916666666,0.1953606636860457,0.6529947916666666
876,29.2,1,1,1,0.0,-1.0,0.0102081298828125,0.9389898178200988,0.6402435302734375,0.20190886849405842,0.6402435302734375
877,29.233333333333334,1,1,1,0.0,-1.0,0.005559285481770833,0.9671258482974767,0.6063283284505209,0.2213579379814019,0.6063283284505209
878,29.266666666666666,1,1,1,0.0,-1.0,0.005289713541666667,0.9696107156649383,0.5892384847005209,0.22987217482669892,0.5892384847005209
879,29.3,1,1,1,0.0,-1.0,0.0052337646484375,0.9709419184213204,0.5623677571614584,0.2462384495226641,0.5623677571614584
880,29.333333333333332,1,1,1,0.0,-1.0,0.0079498291015625,0.9579647680324395,0.5572764078776041,0.2511083117630812,0.5572764078776041
881,29.366666666666667,1,1,1,0.0,-1.0,0.0089263916015625,0.9547705344837647,0.5676523844401041,0.24713339748458485,0.5676523844401041
882,29.4,1,1,1,0.0,-1.0,0.009424845377604166,0.9541648737121324,0.5764872233072916,0.24389276292908452,0.5764872233072916
883,29.433333333333334,1,1,1,0.0,-1.0,0.011332194010416666,0.9474212888109145,0.5850423177083334,0.24063139606336031,0.5850423177083334
884,29.466666666666665,1,1,1,0.0,-1.0,0.011118570963541666,0.9501428139392456,0.595794677734375,0.2334503694091107,0.595794677734375
885,29.5,1,1,1,0.0,-1.0,0.011652628580729166,0.9491691302031414,0.6021677652994791,0.23046002475424657,0.6021677652994791
886,29.533333333333335,1,1,1,0.0,-1.0,0.013173421223958334,0.9441057529408112,0.614654541015625,0.22274121677928752,0.614654541015625
887,29.566666666666666,1,1,1,0.0,-1.0,0.016988118489583332,0.9309152432054413,0.6021677652994791,0.2321518888217703,0.6021677652994791
888,29.6,1,1,1,0.0,-1.0,0.017771402994791668,0.9302182218544286,0.5928192138671875,0.23948832978173518,0.5928192138671875
889,29.633333333333333,1,1,1,0.0,-1.0,0.0176544189453125,0.9324181769473325,0.5796763102213541,0.24621518981555712,0.5796763102213541
890,29.666666666666668,1,1,1,0.0,-1.0,0.016642252604166668,0.937416418893402,0.5638376871744791,0.25651949083457587,0.5638376871744791
891,29.7,1,1,1,0.0,-1.0,0.014556884765625,0.9459110413139065,0.5479634602864584,0.26428221877348623,0.5479634602864584
892,29.733333333333334,1,1,1,0.0,-1.0,0.013829549153645834,0.9493459964521214,0.5329132080078125,0.27595411657861235,0.5329132080078125
893,29.766666666666666,1,1,1,0.0,-1.0,0.011667887369791666,0.95762669745921,0.5326944986979166,0.27754073635348153,0.5326944986979166
894,29.8,1,1,1,0.0,-1.0,0.0128326416015625,0.953999256701366,0.5310262044270834,0.279993128445074,0.5310262044270834
895,29.833333333333332,1,1,1,0.0,-1.0,0.013285319010416666,0.9528880286728629,0.5346628824869791,0.27950603926056744,0.5346628824869791
896,29.866666666666667,1,1,1,0.0,-1.0,0.014277140299479166,0.9498446201195985,0.5287272135416666,0.281658661014406,0.5287272135416666
897,29.9,1,1,1,0.0,-1.0,0.014699300130208334,0.9485084311186298,0.5292460123697916,0.2784417098483263,0.5292460123697916
898,29.933333333333334,1,1,1,0.0,-1.0,0.0153961181640625,0.9460011727277691,0.5250193277994791,0.27992028143542874,0.5250193277994791
899,29.966666666666665,1,1,1,0.0,-1.0,0.015996297200520832,0.9437552655085295,0.5215301513671875,0.28337558861083945,0.5215301513671875
900,30.0,1,1,1,0.0,-1.0,0.017191569010416668,0.9396027630513251,0.531280517578125,0.2800609642410994,0.531280517578125
901,30.033333333333335,1,1,1,0.0,-1.0,0.017608642578125,0.9383660344317708,0.5316162109375,0.28294738540598047,0.5316162109375
902,30.066666666666666,1,1,1,0.0,-1.0,0.018025716145833332,0.9372409069385673,0.5264078776041666,0.2883176810349027,0.5264078776041666
903,30.1,1,1,1,0.0,-1.0,0.018793741861979168,0.934897721296736,0.518798828125,0.2919105264944067,0.518798828125
904,30.133333333333333,1,1,1,0.0,-1.0,0.0198516845703125,0.9315931103139465,0.5055898030598959,0.2980960246770056,0.5055898030598959
905,30.166666666666668,1,1,1,0.0,-1.0,0.020863850911458332,0.9284685582137708,0.4875284830729167,0.31137851638783254,0.4875284830729167
906,30.2,1,1,1,0.0,-1.0,0.022267659505208332,0.9240808345487762,0.4737345377604167,0.3244238154584587,0.4737345377604167
907,30.233333333333334,1,1,1,0.0,-1.0,0.023228963216145832,0.9210547698653129,0.4621429443359375,0.33608901170605265,0.4621429443359375
908,30.266666666666666,1,1,1,0.0,-1.0,0.0238494873046875,0.9191746394913689,0.4468638102213542,0.3487288594627946,0.4468638102213542
909,30.3,1,1,1,0.0,-1.0,0.023890177408854168,0.9190119787661497,0.4366861979166667,0.3526559019788339,0.4366861979166667
910,30.333333333333332,1,1,1,0.0,-1.0,0.022023518880208332,0.9245862923750306,0.4279327392578125,0.35483844731031483,0.4279327392578125
911,30.366666666666667,1,1,1,0.0,-1.0,0.022247314453125,0.9231716310639182,0.4175821940104167,0.3665747255327283,0.4175821940104167
912,30.4,1,1,1,0.0,-1.0,0.020406087239583332,0.9285399398805168,0.41424560546875,0.37474349740823865,0.41424560546875
913,30.433333333333334,1,1,1,0.0,-1.0,0.0168914794921875,0.9399328852006374,0.4209035237630208,0.36938598156857494,0.4209035237630208
914,30.466666666666665,1,1,1,0.0,-1.0,0.016413370768229168,0.9412015630045355,0.4211832682291667,0.3672009354055025,0.4211832682291667
915,30.5,1,1,1,0.0,-1.0,0.015904744466145832,0.9425659657718899,0.4199066162109375,0.36278482480179275,0.4199066162109375
916,30.533333333333335,1,1,1,0.0,-1.0,0.014149983723958334,0.9481426356861635,0.4163614908854167,0.35968278134776255,0.4163614908854167
917,30.566666666666666,1,1,1,0.0,-1.0,0.012563069661458334,0.9537405351456808,0.4083150227864583,0.365856626610997,0.4083150227864583
918,30.6,1,1,1,0.0,-1.0,0.012822469075520834,0.9530542479091164,0.3986155192057292,0.37749767048735416,0.3986155192057292
919,30.633333333333333,1,1,1,0.0,-1.0,0.015172322591145834,0.9451174652574861,0.399688720703125,0.3808439550310099,0.399688720703125
920,30.666666666666668,1,1,1,0.0,-1.0,0.017125447591145832,0.9387938049214832,0.4009043375651042,0.38030865562294275,0.4009043375651042
921,30.7,1,1,1,0.0,-1.0,0.016138712565104168,0.9426788999906783,0.3874766031901042,0.38860752174914653,0.3874766031901042
922,30.733333333333334,1,1,1,0.0,-1.0,0.015141805013020834,0.946387419861351,0.3760579427083333,0.39633034623926533,0.3760579427083333
923,30.766666666666666,1,1,1,0.0,-1.0,0.014068603515625,0.9501874830343797,0.3619333902994792,0.40872368913781026,0.3619333902994792
924,30.8,1,1,1,0.0,-1.0,0.014139811197916666,0.9496884327243316,0.3574879964192708,0.4143775267901579,0.3574879964192708
925,30.833333333333332,1,1,1,0.0,-1.0,0.013437906901041666,0.9518634955759511,0.3518422444661458,0.42005303966525653,0.3518422444661458
926,30.866666666666667,1,1,1,0.0,-1.0,0.0133056640625,0.9522414615242999,0.3477274576822917,0.42063446769141816,0.3477274576822917
927,30.9,1,1,1,0.0,-1.0,0.013458251953125,0.9516881028533477,0.3337809244791667,0.4318994461475616,0.3337809244791667
928,30.933333333333334,1,1,1,0.0,-1.0,0.012654622395833334,0.9543992063298876,0.3165791829427083,0.4455212896306215,0.3165791829427083
929,30.966666666666665,1,1,1,0.0,-1.0,0.012049357096354166,0.9564257999951365,0.3041330973307292,0.4536614458357631,0.3041330973307292
930,31.0,1,1,1,0.0,-1.0,0.01080322265625,0.9607123050728665,0.3102620442708333,0.4458434617360302,0.3102620442708333
931,31.033333333333335,1,1,1,0.0,-1.0,0.008494059244791666,0.9689729436895811,0.31219482421875,0.44785364661173854,0.31219482421875
932,31.066666666666666,1,1,1,0.0,-1.0,0.006805419921875,0.9750629470945276,0.3113352457682292,0.45275949724199205,0.3113352457682292
933,31.1,1,1,1,0.0,-1.0,0.005716959635416667,0.9790290282264257,0.315765380859375,0.4480530063242753,0.315765380859375
934,31.133333333333333,1,1,1,0.0,-1.0,0.005009969075520833,0.9817568550673392,0.3113199869791667,0.4481301286799955,0.3113199869791667
935,31.166666666666668,1,1,1,0.0,-1.0,0.006011962890625,0.9784941010596063,0.3004913330078125,0.45752885656866976,0.3004913330078125
936,31.2,1,1,1,0.0,-1.0,0.007242838541666667,0.9745487154787927,0.2801767985026042,0.4820787136508239,0.2801767985026042
937,31.233333333333334,1,1,1,0.0,-1.0,0.009236653645833334,0.968188576616214,0.2783101399739583,0.4858921691610743,0.2783101399739583
938,31.266666666666666,1,1,1,0.0,-1.0,0.009897867838541666,0.9665962213698368,0.2780609130859375,0.4841197639257485,0.2780609130859375
939,31.3,1,1,1,0.0,-1.0,0.0100250244140625,0.9670147547638606,0.2714182535807292,0.4935338067280125,0.2714182535807292
940,31.333333333333332,1,1,1,0.0,-1.0,0.011708577473958334,0.9626272713084191,0.2680460611979167,0.5041079258289823,0.2680460611979167
941,31.366666666666667,1,1,1,0.0,-1.0,0.0135650634765625,0.9578903818899867,0.2658233642578125,0.5095246617322322,0.2658233642578125
942,31.4,1,1,1,0.0,-1.0,0.015070597330729166,0.9541821386602884,0.2587025960286458,0.5169373834014029,0.2587025960286458
943,31.433333333333334,1,1,1,0.0,-1.0,0.015655517578125,0.9530033239710574,0.2534281412760417,0.521236855658328,0.2534281412760417
944,31.466666666666665,1,1,1,0.0,-1.0,0.014409383138020834,0.9569745366524653,0.2501780192057292,0.5219739277850632,0.2501780192057292
945,31.5,1,1,1,0.0,-1.0,0.012440999348958334,0.9630111481839391,0.2555338541666667,0.5169124871639819,0.2555338541666667
946,31.533333333333335,1,1,1,0.0,-1.0,0.010467529296875,0.9689637808656348,0.24658711751302084,0.5278140717843102,0.24658711751302084
947,31.566666666666666,1,1,1,0.0,-1.0,0.008931477864583334,0.9736212381832188,0.2461395263671875,0.5307749528590419,0.2461395263671875
948,31.6,1,1,1,0.0,-1.0,0.0095977783203125,0.9719032976260915,0.2472686767578125,0.530422488702843,0.2472686767578125
949,31.633333333333333,1,1,1,0.0,-1.0,0.0109100341796875,0.9683042810272543,0.24620564778645834,0.5310208957133069,0.24620564778645834
950,31.666666666666668,1,1,1,0.0,-1.0,0.011835734049479166,0.965676954770734,0.23755900065104166,0.5425016559364872,0.23755900065104166
951,31.7,1,1,1,0.0,-1.0,0.010218302408854166,0.970244613751683,0.24227396647135416,0.5361783810562823,0.24227396647135416
952,31.733333333333334,1,1,1,0.0,-1.0,0.009058634440104166,0.9737281514969525,0.2524973551432292,0.5264515603788119,0.2524973551432292
953,31.766666666666666,1,1,1,0.0,-1.0,0.013081868489583334,0.9629516318940357,0.2560831705729167,0.524232959643245,0.2560831705729167
954,31.8,1,1,1,0.0,-1.0,0.015935262044270832,0.9559472040658684,0.2608439127604167,0.523161757291717,0.2608439127604167
955,31.833333333333332,1,1,1,0.0,-1.0,0.016321818033854168,0.9557274838601919,0.2763519287109375,0.5054888585338394,0.2763519287109375
956,31.866666666666667,1,1,1,0.0,-1.0,0.015533447265625,0.9584491900249721,0.28436279296875,0.49542155338891763,0.28436279296875
957,31.9,1,1,1,0.0,-1.0,0.015080769856770834,0.9601341720555893,0.2841339111328125,0.4988817139239379,0.2841339111328125
958,31.933333333333334,1,1,1,0.0,-1.0,0.013880411783854166,0.9635477168805746,0.289215087890625,0.4949487223089998,0.289215087890625
959,31.966666666666665,1,1,1,0.0,-1.0,0.01312255859375,0.965670204602787,0.299957275390625,0.48225540260570354,0.299957275390625
960,32.0,1,1,1,0.0,-1.0,0.014277140299479166,0.9627406220876017,0.2996927897135417,0.4827426144484338,0.2996927897135417
961,32.03333333333333,1,1,1,0.0,-1.0,0.017369588216145832,0.9547577895055647,0.291412353515625,0.4950050865003832,0.291412353515625
962,32.06666666666667,1,1,1,0.0,-1.0,0.02410888671875,0.937480654843684,0.2883148193359375,0.49951487742665174,0.2883148193359375
963,32.1,1,1,1,0.0,-1.0,0.029581705729166668,0.9228972097464659,0.2790934244791667,0.5096632636829527,0.2790934244791667
964,32.13333333333333,1,1,1,0.0,-1.0,0.0275421142578125,0.9268010747658892,0.2670033772786458,0.524145969165724,0.2670033772786458
965,32.166666666666664,1,1,1,0.0,-1.0,0.019688924153645832,0.9464620027691633,0.2611846923828125,0.5297959018497894,0.2611846923828125
966,32.2,1,1,1,0.0,-1.0,0.018503824869791668,0.9497360396761618,0.2647654215494792,0.5234905686674836,0.2647654215494792
967,32.233333333333334,1,1,1,0.0,-1.0,0.019083658854166668,0.9487830918146151,0.2568766276041667,0.5336483263475025,0.2568766276041667
968,32.266666666666666,1,1,1,0.0,-1.0,0.018742879231770832,0.9503570171963227,0.2552235921223958,0.5378358965569205,0.2552235921223958
969,32.3,1,1,1,0.0,-1.0,0.019063313802083332,0.9503040914214725,0.2543080647786458,0.5393364567415615,0.2543080647786458
970,32.333333333333336,1,1,1,0.0,-1.0,0.017603556315104168,0.9543963065726717,0.2596537272135417,0.5315966608331564,0.2596537272135417
971,32.36666666666667,1,1,1,0.0,-1.0,0.0155181884765625,0.9596254806785266,0.255523681640625,0.5362995448562462,0.255523681640625
972,32.4,1,1,1,0.0,-1.0,0.016169230143229168,0.9574647687259795,0.2557118733723958,0.5361590902028275,0.2557118733723958
973,32.43333333333333,1,1,1,0.0,-1.0,0.015207926432291666,0.9592009397137631,0.2639363606770833,0.5249288737750586,0.2639363606770833
974,32.46666666666667,1,1,1,0.0,-1.0,0.013280232747395834,0.9636501527626649,0.2703908284505208,0.5178745179503085,0.2703908284505208
975,32.5,1,1,1,0.0,-1.0,0.012054443359375,0.9665325744604985,0.277069091796875,0.5141635784824845,0.277069091796875
976,32.53333333333333,1,1,1,0.0,-1.0,0.0101776123046875,0.9713320756811095,0.2856394449869792,0.5071807096106733,0.2856394449869792
977,32.56666666666667,1,1,1,0.0,-1.0,0.007715861002604167,0.9779468213825933,0.3018391927083333,0.48979836002398036,0.3018391927083333
978,32.6,1,1,1,0.0,-1.0,0.005711873372395833,0.9835951979368693,0.3174947102864583,0.47239088789606154,0.3174947102864583
979,32.63333333333333,1,1,1,0.0,-1.0,0.006571451822916667,0.9813091626472804,0.3244374593098958,0.46550872928315723,0.3244374593098958
980,32.666666666666664,1,1,1,0.0,-1.0,0.007207234700520833,0.9797756321028857,0.335113525390625,0.4558055312686301,0.335113525390625
981,32.7,1,1,1,0.0,-1.0,0.0084381103515625,0.9766932415472154,0.3509572347005208,0.4409915596676114,0.3509572347005208
982,32.733333333333334,1,1,1,0.0,-1.0,0.0102081298828125,0.9722810060339075,0.3574930826822917,0.4362531716571727,0.3574930826822917
983,32.766666666666666,1,1,1,0.0,-1.0,0.010350545247395834,0.9722584548199479,0.3586578369140625,0.4371551783017513,0.3586578369140625
984,32.8,1,1,1,0.0,-1.0,0.010650634765625,0.9717639468571071,0.368988037109375,0.4276517440851032,0.368988037109375
985,32.833333333333336,1,1,1,0.0,-1.0,0.013092041015625,0.9658144942760931,0.3775583902994792,0.41979007395654516,0.3775583902994792
986,32.86666666666667,1,1,1,0.0,-1.0,0.015284220377604166,0.9606240385705489,0.3769378662109375,0.42141545293780347,0.3769378662109375
987,32.9,1,1,1,0.0,-1.0,0.017384847005208332,0.9557221346296252,0.3733723958333333,0.42703076287181263,0.3733723958333333
988,32.93333333333333,1,1,1,0.0,-1.0,0.019917805989583332,0.9496204972103008,0.369049072265625,0.4332386239873419,0.369049072265625
989,32.96666666666667,1,1,1,0.0,-1.0,0.021998087565104168,0.9442386016616722,0.365814208984375,0.437693954473515,0.365814208984375
990,33.0,1,1,1,0.0,-1.0,0.0209503173828125,0.9462734280437105,0.3638407389322917,0.44038494970318487,0.3638407389322917
991,33.03333333333333,1,1,1,0.0,-1.0,0.020172119140625,0.9478869210000909,0.3659413655598958,0.43883835901545765,0.3659413655598958
992,33.06666666666667,1,1,1,0.0,-1.0,0.0246429443359375,0.9367601215572792,0.3724263509114583,0.43266365039825766,0.3724263509114583
993,33.1,1,1,1,0.0,-1.0,0.028071085611979168,0.9284489400595348,0.3756612141927083,0.4294152046202335,0.3756612141927083
994,33.13333333333333,1,1,1,0.0,-1.0,0.030222574869791668,0.9232083493737033,0.3773244222005208,0.42714260171692564,0.3773244222005208
995,33.166666666666664,1,1,1,0.0,-1.0,0.0306243896484375,0.9220419660802676,0.38067626953125,0.4219093070796155,0.38067626953125
996,33.2,1,1,1,0.0,-1.0,0.028452555338541668,0.9268943792373726,0.3812662760416667,0.41671711508874765,0.3812662760416667
997,33.233333333333334,1,1,1,0.0,-1.0,0.025187174479166668,0.9344713491293061,0.3780670166015625,0.41261007008551887,0.3780670166015625
998,33.266666666666666,1,1,1,0.0,-1.0,0.023061116536458332,0.9394463475444603,0.3760477701822917,0.404437003897397,0.3760477701822917
999,33.3,1,1,1,0.0,-1.0,0.020879109700520832,0.9446742717813646,0.3712361653645833,0.4016859006611928,0.3712361653645833
1000,33.333333333333336,1,1,1,0.0,-1.0,0.019073486328125,0.9490088845607543,0.3645070393880208,0.4072471073992921,0.3645070393880208
1001,33.36666666666667,1,1,1,0.0,-1.0,0.0205078125,0.9451897343437474,0.3558349609375,0.4199437959704616,0.3558349609375
1002,33.4,1,1,1,0.0,-1.0,0.024139404296875,0.9359799044899413,0.3428090413411458,0.4419238447681363,0.3428090413411458
1003,33.43333333333333,1,1,1,0.0,-1.0,0.026301066080729168,0.9309122206151981,0.3293609619140625,0.4641912263731609,0.3293609619140625
1004,33.46666666666667,1,1,1,0.0,-1.0,0.025665283203125,0.9334252028548647,0.3209991455078125,0.4780496238749311,0.3209991455078125
1005,33.5,1,1,1,0.0,-1.0,0.0288543701171875,0.9269931175639865,0.3167877197265625,0.48547824143547,0.3167877197265625
1006,33.53333333333333,1,1,1,0.0,-1.0,0.031412760416666664,0.9225747028526681,0.316436767578125,0.48810130936166085,0.316436767578125
1007,33.56666666666667,1,1,1,0.0,-1.0,0.032328287760416664,0.9220853755662648,0.31915283203125,0.4876995306075187,0.31915283203125
1008,33.6,1,1,1,0.0,-1.0,0.031606038411458336,0.9252059363050762,0.3238423665364583,0.48467307794665654,0.3238423665364583
1009,33.63333333333333,1,1,1,0.0,-1.0,0.02606201171875,0.9387903416639187,0.3326059977213542,0.47324990901856157,0.3326059977213542
1010,33.666666666666664,1,1,1,0.0,-1.0,0.021026611328125,0.9509281911823,0.3396657307942708,0.4613957389464908,0.3396657307942708
1011,33.7,1,1,1,0.0,-1.0,0.0227813720703125,0.9475963448208438,0.3384552001953125,0.4605884818205329,0.3384552001953125
1012,33.733333333333334,1,1,1,0.0,-1.0,0.023579915364583332,0.9463127446701819,0.3331654866536458,0.46777703060162723,0.3331654866536458
1013,33.766666666666666,1,1,1,0.0,-1.0,0.020177205403645832,0.9540994673824154,0.3274129231770833,0.48009921735343064,0.3274129231770833
1014,33.8,1,1,1,0.0,-1.0,0.023447672526041668,0.9469749335105928,0.3137664794921875,0.503319754714062,0.3137664794921875
1015,33.833333333333336,1,1,1,0.0,-1.0,0.026453653971354168,0.940225274284205,0.307861328125,0.5146626619369187,0.307861328125
1016,33.86666666666667,1,1,1,0.0,-1.0,0.031819661458333336,0.9284821861553976,0.3117777506510417,0.5121728230139244,0.3117777506510417
1017,33.9,1,1,1,0.0,-1.0,0.045832316080729164,0.8996876318532325,0.311370849609375,0.5137217819962565,0.311370849609375
1018,33.93333333333333,1,1,1,0.0,-1.0,0.046117146809895836,0.9009939459117228,0.3083241780598958,0.519417654587258,0.3083241780598958
1019,33.96666666666667,1,1,1,0.0,-1.0,0.052134195963541664,0.891511057351118,0.3107503255208333,0.5199450228711279,0.3107503255208333
1020,34.0,1,1,1,0.0,-1.0,0.06560770670572917,0.8688730302703607,0.3242594401041667,0.5074049880809763,0.3242594401041667
1021,34.03333333333333,1,1,1,0.0,-1.0,0.0638885498046875,0.874614706482334,0.3358052571614583,0.49560595196409024,0.3358052571614583
1022,34.06666666666667,1,1,1,0.0,-1.0,0.056844075520833336,0.8889440278612006,0.3491719563802083,0.4810814522620801,0.3491719563802083
1023,34.1,1,1,1,0.0,-1.0,0.046412150065104164,0.9092887832781137,0.3636576334635417,0.465672639039912,0.3636576334635417
1024,34.13333333333333,1,1,1,0.0,-1.0,0.035125732421875,0.9311444569727083,0.36822509765625,0.4611011814947227,0.36822509765625
1025,34.166666666666664,1,1,1,0.0,-1.0,0.028401692708333332,0.944164319538509,0.367218017578125,0.4625361607012587,0.367218017578125
1026,34.2,1,1,1,0.0,-1.0,0.032399495442708336,0.9366474730327439,0.3623606363932292,0.46802501019265286,0.3623606363932292
1027,34.233333333333334,1,1,1,0.0,-1.0,0.037511189778645836,0.9271092121071879,0.360198974609375,0.47031983749575745,0.360198974609375
1028,34.266666666666666,1,1,1,0.0,-1.0,0.0369720458984375,0.9282235985764974,0.35919189453125,0.471244413498044,0.35919189453125
1029,34.3,1,1,1,0.0,-1.0,0.028630574544270832,0.9440182724289636,0.3598581949869792,0.4704228630768413,0.3598581949869792
1030,34.333333333333336,1,1,1,0.0,-1.0,0.012242635091145834,0.9756877034682987,0.3597208658854167,0.47022026137790995,0.3597208658854167
1031,34.36666666666667,1,1,1,0.0,-1.0,0.019719441731770832,0.9611751003660822,0.3635508219401042,0.46462580694941114,0.3635508219401042
1032,34.4,1,1,1,0.0,-1.0,0.02069091796875,0.9593506123781512,0.3747151692708333,0.44924763414017577,0.3747151692708333
1033,34.43333333333333,1,1,1,0.0,-1.0,0.021906534830729168,0.957054455344101,0.3794708251953125,0.44045581514657406,0.3794708251953125
1034,34.46666666666667,1,1,1,0.0,-1.0,0.023478190104166668,0.9540771842503505,0.3710428873697917,0.44679850613973776,0.3710428873697917
1035,34.5,1,1,1,0.0,-1.0,0.016972859700520832,0.966603564460963,0.3513946533203125,0.46842344679920234,0.3513946533203125
1036,34.53333333333333,1,1,1,0.0,-1.0,0.016637166341145832,0.967262328798667,0.3282572428385417,0.4947940698797334,0.3282572428385417
1037,34.56666666666667,1,1,1,0.0,-1.0,0.023335774739583332,0.954389272896274,0.32147216796875,0.5007049364421882,0.32147216796875
1038,34.6,1,1,1,0.0,-1.0,0.024149576822916668,0.9528381704778108,0.3365478515625,0.4811801297325688,0.3365478515625
1039,34.63333333333333,1,1,1,0.0,-1.0,0.023859659830729168,0.953390832712284,0.3426615397135417,0.47650290291238173,0.3426615397135417
1040,34.666666666666664,1,1,1,0.0,-1.0,0.0255889892578125,0.9500906857045015,0.3383992513020833,0.48591256396800575,0.3383992513020833
1041,34.7,1,1,1,0.0,-1.0,0.028361002604166668,0.9448024794424712,0.3366597493489583,0.49101633735384054,0.3366597493489583
1042,34.733333333333334,1,1,1,0.0,-1.0,0.0189361572265625,0.9627591135801059,0.3299916585286458,0.4998244009006867,0.3299916585286458
1043,34.766666666666666,1,1,1,0.0,-1.0,0.021708170572916668,0.9574047420100256,0.32464599609375,0.505229954451057,0.32464599609375
1044,34.8,1,1,1,0.0,-1.0,0.0302276611328125,0.9412148379394675,0.3310597737630208,0.4965367685338632,0.3310597737630208
1045,34.833333333333336,1,1,1,0.0,-1.0,0.028996785481770832,0.9435605367914359,0.3456064860026042,0.47923968719952215,0.3456064860026042
1046,34.86666666666667,1,1,1,0.0,-1.0,0.025883992513020832,0.9494678693624116,0.3555246988932292,0.4684305187376061,0.3555246988932292
1047,34.9,1,1,1,0.0,-1.0,0.027760823567708332,0.9458945486515582,0.3602650960286458,0.463622724928872,0.3602650960286458
1048,34.93333333333333,1,1,1,0.0,-1.0,0.025792439778645832,0.9495993206986839,0.36767578125,0.45618201109243905,0.36767578125
1049,34.96666666666667,1,1,1,0.0,-1.0,0.016510009765625,0.9674093502404406,0.3779042561848958,0.4453091322512536,0.3779042561848958
1050,35.0,1,1,1,0.0,-1.0,0.039118448893229164,0.9244175576621081,0.392822265625,0.4296802073968277,0.392822265625
1051,35.03333333333333,1,1,1,0.0,-1.0,0.04498291015625,0.9134838905674494,0.4130299886067708,0.40931054722372023,0.4130299886067708
1052,35.06666666666667,1,1,1,0.0,-1.0,0.03656005859375,0.9288788655339169,0.435699462890625,0.38768657059229683,0.435699462890625
1053,35.1,1,1,1,0.0,-1.0,0.037353515625,0.9269068348669953,0.4578603108723958,0.3675836168813185,0.4578603108723958
1054,35.13333333333333,1,1,1,0.0,-1.0,0.041615804036458336,0.9179947271155451,0.4811503092447917,0.34764847463372006,0.4811503092447917
1055,35.166666666666664,1,1,1,0.0,-1.0,0.0435638427734375,0.9127556060709386,0.502899169921875,0.3297378638912043,0.502899169921875
1056,35.2,1,1,1,0.0,-1.0,0.06256103515625,0.8743279257282547,0.5194600423177084,0.31612962009477963,0.5194600423177084
1057,35.233333333333334,1,1,1,0.0,-1.0,0.07928466796875,0.8391763230839875,0.5264536539713541,0.3101061827010614,0.5264536539713541
1058,35.266666666666666,1,1,1,0.0,-1.0,0.08582560221354167,0.8211099655750901,0.5428619384765625,0.2952873140115324,0.5428619384765625
1059,35.3,1,1,1,0.0,-1.0,0.0911865234375,0.8025816838417815,0.5537770589192709,0.2845703705073073,0.5537770589192709
1060,35.333333333333336,1,1,1,0.0,-1.0,0.1027374267578125,0.7675091580409475,0.5391998291015625,0.29456703588579725,0.5391998291015625
1061,35.36666666666667,1,1,1,0.0,-1.0,0.0914459228515625,0.7735959508268913,0.5348663330078125,0.2955926704002944,0.5348663330078125
1062,35.4,1,1,1,0.0,-1.0,0.045684814453125,0.8676646044445891,0.5352223714192709,0.2933019098673786,0.5352223714192709
1063,35.43333333333333,1,1,1,0.0,-1.0,0.06717427571614583,0.8021667320999903,0.524993896484375,0.30059690725259514,0.524993896484375
1064,35.46666666666667,1,1,1,0.0,-1.0,0.06683349609375,0.7943876151225981,0.5195515950520834,0.3040626776665685,0.5195515950520834
1065,35.5,1,1,1,0.0,-1.0,0.057423909505208336,0.8155700322037034,0.5152994791666666,0.30789851951266756,0.5152994791666666
1066,35.53333333333333,1,1,1,0.0,-1.0,0.057164510091145836,0.8176581709805136,0.5248362223307291,0.30079907516812004,0.5248362223307291
1067,35.56666666666667,1,1,1,0.0,-1.0,0.053502400716145836,0.8299662415803261,0.5422465006510416,0.2867975618863666,0.5422465006510416
1068,35.6,1,1,1,0.0,-1.0,0.025970458984375,0.9114734420025348,0.5562693277994791,0.2755602842295036,0.5562693277994791
1069,35.63333333333333,1,1,1,0.0,-1.0,0.0582275390625,0.8201478113801208,0.5356648763020834,0.29459531192411914,0.5356648763020834
1070,35.666666666666664,1,1,1,0.0,-1.0,0.09389241536458333,0.7407520195288626,0.5074106852213541,0.3194670891024857,0.5074106852213541
1071,35.7,1,1,1,0.0,-1.0,0.09356180826822917,0.7456362615055923,0.4919942220052083,0.3326728284205297,0.4919942220052083
1072,35.733333333333334,1,1,1,0.0,-1.0,0.08158365885416667,0.7753411926587395,0.4778951009114583,0.3452289971548802,0.4778951009114583
1073,35.766666666666666,1,1,1,0.0,-1.0,0.0933837890625,0.7514061824370153,0.4673868815104167,0.35529095422560864,0.4673868815104167
1074,35.8,1,1,1,0.0,-1.0,0.057240804036458336,0.8352230967401728,0.480010986328125,0.34302108305387025,0.480010986328125
1075,35.833333333333336,1,1,1,0.0,-1.0,0.0885162353515625,0.75963691258913,0.4821980794270833,0.3432765719791207,0.4821980794270833
1076,35.86666666666667,1,1,1,0.0,-1.0,0.11290995279947917,0.7101678166334809,0.5038045247395834,0.32465357645284376,0.5038045247395834
1077,35.9,1,1,1,0.0,-1.0,0.10600789388020833,0.7209129980703153,0.5289459228515625,0.3031187300368241,0.5289459228515625
1078,35.93333333333333,1,1,1,0.0,-1.0,0.053736368815104164,0.8396871987089116,0.5451304117838541,0.28911957604435196,0.5451304117838541
1079,35.96666666666667,1,1,1,0.0,-1.0,0.025604248046875,0.9172233541100674,0.5499165852864584,0.28539339001263003,0.5499165852864584
1080,36.0,1,1,1,0.0,-1.0,0.0198974609375,0.9340646682475053,0.5557352701822916,0.2811377232733867,0.5557352701822916
1081,36.03333333333333,1,1,1,0.0,-1.0,0.02484130859375,0.9181571359057213,0.568389892578125,0.2714610736922016,0.568389892578125
1082,36.06666666666667,1,1,1,0.0,-1.0,0.013671875,0.9533040496636009,0.5823822021484375,0.26100285399440215,0.5823822021484375
1083,36.1,1,1,1,0.0,-1.0,0.0247802734375,0.9186232561855239,0.5872344970703125,0.25825694678050615,0.5872344970703125
1084,36.13333333333333,1,1,1,0.0,-1.0,0.041997273763020836,0.8724565302004239,0.5829111735026041,0.2626131492608483,0.5829111735026041
1085,36.166666666666664,1,1,1,0.0,-1.0,0.050043741861979164,0.8569028064796007,0.57855224609375,0.2666566826369464,0.57855224609375
1086,36.2,1,1,1,0.0,-1.0,0.047780354817708336,0.8670032017013896,0.583740234375,0.2627295941636567,0.583740234375
1087,36.233333333333334,1,1,1,0.0,-1.0,0.0358734130859375,0.8982511049797242,0.5979359944661459,0.2515430708003978,0.5979359944661459
1088,36.266666666666666,1,1,1,0.0,-1.0,0.021728515625,0.9351939898728475,0.615814208984375,0.2376855951366762,0.615814208984375
1089,36.3,1,1,1,0.0,-1.0,0.033701578776041664,0.8987813809641332,0.6348368326822916,0.22329328153844336,0.6348368326822916
1090,36.333333333333336,1,1,1,0.0,-1.0,0.047922770182291664,0.8577770814563449,0.652496337890625,0.21027533557226535,0.652496337890625
1091,36.36666666666667,1,1,1,0.0,-1.0,0.0543975830078125,0.8405750435596406,0.6658376057942709,0.2005956095024926,0.6658376057942709
1092,36.4,1,1,1,0.0,-1.0,0.09371439615885417,0.760630636886128,0.6842142740885416,0.18666672871508871,0.6842142740885416
1093,36.43333333333333,1,1,1,0.0,-1.0,0.095703125,0.7825285207941394,0.6553090413411459,0.2043232356937919,0.6553090413411459
1094,36.46666666666667,1,1,1,0.0,-1.0,0.09383138020833333,0.8050327742101229,0.6522420247395834,0.20128893567458872,0.6522420247395834
1095,36.5,1,1,1,0.0,-1.0,0.08198038736979167,0.8369864237603717,0.63427734375,0.20910616432995052,0.63427734375
1096,36.53333333333333,1,1,1,0.0,-1.0,0.069488525390625,0.864232588621937,0.6153717041015625,0.21839432528587432,0.6153717041015625
1097,36.56666666666667,1,1,1,0.0,-1.0,0.057795206705729164,0.8878226661116302,0.5901743570963541,0.23314023695069014,0.5901743570963541
1098,36.6,1,1,1,0.0,-1.0,0.0506134033203125,0.9021552322193549,0.5633595784505209,0.2510290305188891,0.5633595784505209
1099,36.63333333333333,1,1,1,0.0,-1.0,0.068511962890625,0.870004220342609,0.5344187418619791,0.27679184644854177,0.5344187418619791
1100,36.666666666666664,1,1,1,0.0,-1.0,0.07228597005208333,0.8623707552220468,0.5159759521484375,0.2956318443476015,0.5159759521484375
1101,36.7,1,1,1,0.0,-1.0,0.07006327311197917,0.8649371892369904,0.5129801432291666,0.3003507652310481,0.5129801432291666
1102,36.733333333333334,1,1,1,0.0,-1.0,0.0709381103515625,0.8619099820064173,0.5230560302734375,0.29336978632938504,0.5230560302734375
1103,36.766666666666666,1,1,1,0.0,-1.0,0.0680084228515625,0.8656966343127854,0.5389302571614584,0.2812889948874785,0.5389302571614584
1104,36.8,1,1,1,0.0,-1.0,0.06409708658854167,0.871317707118347,0.55255126953125,0.27126753376987,0.55255126953125
1105,36.833333333333336,1,1,1,0.0,-1.0,0.0592193603515625,0.8788619333680503,0.5659637451171875,0.26155075303307956,0.5659637451171875
1106,36.86666666666667,1,1,1,0.0,-1.0,0.054036458333333336,0.887354081427375,0.5773773193359375,0.2534171829997177,0.5773773193359375
1107,36.9,1,1,1,0.0,-1.0,0.050069173177083336,0.893982614660364,0.58795166015625,0.24566026201503594,0.58795166015625
1108,36.93333333333333,1,1,1,0.0,-1.0,0.050455729166666664,0.892017787545879,0.5993194580078125,0.23768407929440669,0.5993194580078125
1109,36.96666666666667,1,1,1,0.0,-1.0,0.047983805338541664,0.8961380678403951,0.6039581298828125,0.23417964394281193,0.6039581298828125
1110,37.0,1,1,1,0.0,-1.0,0.048863728841145836,0.8941633682571077,0.6063079833984375,0.23211826834734728,0.6063079833984375
1111,37.03333333333333,1,1,1,0.0,-1.0,0.047922770182291664,0.8960729441103256,0.6085408528645834,0.23029323745117908,0.6085408528645834
1112,37.06666666666667,1,1,1,0.0,-1.0,0.043680826822916664,0.9045277478845992,0.612030029296875,0.2276750425932557,0.612030029296875
1113,37.1,1,1,1,0.0,-1.0,0.036549886067708336,0.9191348955985377,0.6154378255208334,0.2252672850573969,0.6154378255208334
1114,37.13333333333333,1,1,1,0.0,-1.0,0.029622395833333332,0.9336116772387089,0.6179656982421875,0.22367074461365158,0.6179656982421875
1115,37.166666666666664,1,1,1,0.0,-1.0,0.0266571044921875,0.9397081743614588,0.6192423502604166,0.22312402740114134,0.6192423502604166
1116,37.2,1,1,1,0.0,-1.0,0.025604248046875,0.9416755407944779,0.6195627848307291,0.22339456811967331,0.6195627848307291
1117,37.233333333333334,1,1,1,0.0,-1.0,0.026362101236979168,0.9396583485202488,0.6210835774739584,0.22285528136108584,0.6210835774739584
1118,37.266666666666666,1,1,1,0.0,-1.0,0.0254364013671875,0.9413026066621246,0.6215362548828125,0.22322820086748135,0.6215362548828125
1119,37.3,1,1,1,0.0,-1.0,0.022801717122395832,0.9468020938533985,0.6226348876953125,0.22306968030501811,0.6226348876953125
1120,37.333333333333336,1,1,1,0.0,-1.0,0.0189056396484375,0.9553494604634707,0.6236826578776041,0.22279464580599864,0.6236826578776041
1121,37.36666666666667,1,1,1,0.0,-1.0,0.011403401692708334,0.9726543693639562,0.6238555908203125,0.22292336786857564,0.6238555908203125
1122,37.4,1,1,1,0.0,-1.0,0.010904947916666666,0.9737993537789142,0.6233317057291666,0.22321873740754197,0.6233317057291666
1123,37.43333333333333,1,1,1,0.0,-1.0,0.009877522786458334,0.9762555870812213,0.6242116292317709,0.22226936524808832,0.6242116292317709
1124,37.46666666666667,1,1,1,0.0,-1.0,0.0086517333984375,0.979195317318899,0.6259765625,0.22059862978972317,0.6259765625
1125,37.5,1,1,1,0.0,-1.0,0.009511311848958334,0.9772056800830248,0.6270853678385416,0.21942129915716313,0.6270853678385416
1126,37.53333333333333,1,1,1,0.0,-1.0,0.009546915690104166,0.9771841590679518,0.6269276936848959,0.21929123385590094,0.6269276936848959
1127,37.56666666666667,1,1,1,0.0,-1.0,0.008936564127604166,0.978678920427833,0.6256205240885416,0.220139612371252,0.6256205240885416
1128,37.6,1,1,1,0.0,-1.0,0.007787068684895833,0.981438618616288,0.6243743896484375,0.2210354597482183,0.6243743896484375
1129,37.63333333333333,1,1,1,0.0,-1.0,0.006632486979166667,0.9841956086906294,0.6232401529947916,0.2218638806688161,0.6232401529947916
1130,37.666666666666664,1,1,1,0.0,-1.0,0.005849202473958333,0.9860579227134091,0.6227773030598959,0.22224522742352337,0.6227773030598959
1131,37.7,1,1,1,0.0,-1.0,0.013036092122395834,0.9692329095825407,0.6226704915364584,0.22240459314931837,0.6226704915364584
1132,37.733333333333334,1,1,1,0.0,-1.0,0.02337646484375,0.9454209648517236,0.625579833984375,0.22062099646708824,0.625579833984375
1133,37.766666666666666,1,1,1,0.0,-1.0,0.015650431315104168,0.9628353972345813,0.627899169921875,0.2192513620130884,0.627899169921875
1134,37.8,1,1,1,0.0,-1.0,0.013173421223958334,0.9685376024781208,0.6267547607421875,0.2200159453017393,0.6267547607421875
1135,37.833333333333336,1,1,1,0.0,-1.0,0.01861572265625,0.9560128778761661,0.6250254313151041,0.22099020055364477,0.6250254313151041
1136,37.86666666666667,1,1,1,0.0,-1.0,0.023640950520833332,0.9447750525135863,0.6237945556640625,0.2215029796329692,0.6237945556640625
1137,37.9,1,1,1,0.0,-1.0,0.026448567708333332,0.9387695117911687,0.622314453125,0.2220754546437812,0.622314453125
1138,37.93333333333333,1,1,1,0.0,-1.0,0.025639851888020832,0.9408562524108299,0.6224517822265625,0.22148547774398275,0.6224517822265625
1139,37.96666666666667,1,1,1,0.0,-1.0,0.0226287841796875,0.9477469088897028,0.6227823893229166,0.22088113838112147,0.6227823893229166
1140,38.0,1,1,1,0.0,-1.0,0.018076578776041668,0.9580663202191417,0.6240285237630209,0.21970307515134044,0.6240285237630209
1141,38.03333333333333,1,1,1,0.0,-1.0,0.0163421630859375,0.9619873298082882,0.6255035400390625,0.21852665076208933,0.6255035400390625
1142,38.06666666666667,1,1,1,0.0,-1.0,0.015711466471354168,0.9633365181605182,0.6275787353515625,0.21703649272880515,0.6275787353515625
1143,38.1,1,1,1,0.0,-1.0,0.0164642333984375,0.9614796697066308,0.6302032470703125,0.21519649362635185,0.6302032470703125
1144,38.13333333333333,1,1,1,0.0,-1.0,0.020289103190104168,0.9525791923550793,0.6341552734375,0.21243304149031306,0.6341552734375
1145,38.166666666666664,1,1,1,0.0,-1.0,0.025909423828125,0.93950054359369,0.6393381754557291,0.2089630221477361,0.6393381754557291
1146,38.2,1,1,1,0.0,-1.0,0.02044677734375,0.9515193138625639,0.6439768473307291,0.20590898152703668,0.6439768473307291
1147,38.233333333333334,1,1,1,0.0,-1.0,0.01165771484375,0.9718663756171506,0.6460520426432291,0.20455158683906302,0.6460520426432291
1148,38.266666666666666,1,1,1,0.0,-1.0,0.013387044270833334,0.9677471954496107,0.6451670328776041,0.20507286077295894,0.6451670328776041
1149,38.3,1,1,1,0.0,-1.0,0.0135955810546875,0.9673158131871163,0.6441090901692709,0.2057201911140571,0.6441090901692709
1150,38.333333333333336,1,1,1,0.0,-1.0,0.0128936767578125,0.969029707910108,0.6426035563151041,0.2066113799427144,0.6426035563151041
1151,38.36666666666667,1,1,1,0.0,-1.0,0.015599568684895834,0.9628246100170306,0.6410624186197916,0.2074150567166024,0.6410624186197916
1152,38.4,1,1,1,0.0,-1.0,0.016443888346354168,0.9610298971630273,0.6398162841796875,0.2078840876301432,0.6398162841796875
1153,38.43333333333333,1,1,1,0.0,-1.0,0.016504923502604168,0.9610722685091473,0.6394805908203125,0.20764108391718386,0.6394805908203125
1154,38.46666666666667,1,1,1,0.0,-1.0,0.014638264973958334,0.9655221934685725,0.6391448974609375,0.20740149623993587,0.6391448974609375
1155,38.5,1,1,1,0.0,-1.0,0.011896769205729166,0.9719597300422218,0.6389973958333334,0.20712544674227248,0.6389973958333334
1156,38.53333333333333,1,1,1,0.0,-1.0,0.009053548177083334,0.9786144352404671,0.6388346354166666,0.20699749504125436,0.6388346354166666
1157,38.56666666666667,1,1,1,0.0,-1.0,0.017283121744791668,0.9596773953008746,0.6384480794270834,0.207131271134431,0.6384480794270834
1158,38.6,1,1,1,0.0,-1.0,0.034449259440104164,0.9212017907543095,0.6429290771484375,0.20426962325079334,0.6429290771484375
1159,38.63333333333333,1,1,1,0.0,-1.0,0.024927775065104168,0.9416807307020736,0.6493072509765625,0.20031610409346334,0.6493072509765625
1160,38.666666666666664,1,1,1,0.0,-1.0,0.012705485026041666,0.9695765799876466,0.6501922607421875,0.19975957013854317,0.6501922607421875
1161,38.7,1,1,1,0.0,-1.0,0.012980143229166666,0.9689700639965164,0.6474405924479166,0.2015629224270814,0.6474405924479166
1162,38.733333333333334,1,1,1,0.0,-1.0,0.016194661458333332,0.9617000576328469,0.6420796712239584,0.205088623178016,0.6420796712239584
1163,38.766666666666666,1,1,1,0.0,-1.0,0.019856770833333332,0.9537172441034769,0.6346588134765625,0.21005941412954032,0.6346588134765625
1164,38.8,1,1,1,0.0,-1.0,0.022822062174479168,0.9476871225059869,0.6258392333984375,0.21586164694943286,0.6258392333984375
1165,38.833333333333336,1,1,1,0.0,-1.0,0.02435302734375,0.9450671030951361,0.6173451741536459,0.22146413886270977,0.6173451741536459
1166,38.86666666666667,1,1,1,0.0,-1.0,0.024617513020833332,0.9452343028522512,0.6089833577473959,0.22707065648175298,0.6089833577473959
1167,38.9,1,1,1,0.0,-1.0,0.023763020833333332,0.9477409694774575,0.5993092854817709,0.23380738817475932,0.5993092854817709
1168,38.93333333333333,1,1,1,0.0,-1.0,0.023579915364583332,0.9486369108949193,0.592376708984375,0.23873824571592256,0.592376708984375
1169,38.96666666666667,1,1,1,0.0,-1.0,0.0239410400390625,0.948240144730675,0.5876617431640625,0.24212088408793256,0.5876617431640625
1170,39.0,1,1,1,0.0,-1.0,0.025065104166666668,0.9461873101329029,0.5825907389322916,0.24591376353189484,0.5825907389322916
1171,39.03333333333333,1,1,1,0.0,-1.0,0.024408976236979168,0.9478252072505784,0.5785115559895834,0.24907115458759319,0.5785115559895834
1172,39.06666666666667,1,1,1,0.0,-1.0,0.0250396728515625,0.9468299678531122,0.5725911458333334,0.25347609294510826,0.5725911458333334
1173,39.1,1,1,1,0.0,-1.0,0.033223470052083336,0.9305672687225416,0.565704345703125,0.2586858718878673,0.565704345703125
1174,39.13333333333333,1,1,1,0.0,-1.0,0.041315714518229164,0.9150951030805929,0.5544637044270834,0.2672856845554199,0.5544637044270834
1175,39.166666666666664,1,1,1,0.0,-1.0,0.048502604166666664,0.9019053313857299,0.5411326090494791,0.277756648631048,0.5411326090494791
1176,39.2,1,1,1,0.0,-1.0,0.051854451497395836,0.8961945033637125,0.5301767985026041,0.2869737038801504,0.5301767985026041
1177,39.233333333333334,1,1,1,0.0,-1.0,0.044871012369791664,0.9095372894238682,0.5288899739583334,0.28969271271518615,0.5288899739583334
1178,39.266666666666666,1,1,1,0.0,-1.0,0.038116455078125,0.9220533636180537,0.53277587890625,0.28891135528368517,0.53277587890625
1179,39.3,1,1,1,0.0,-1.0,0.03436279296875,0.9287424927871288,0.5355173746744791,0.2889874756809058,0.5355173746744791
1180,39.333333333333336,1,1,1,0.0,-1.0,0.039362589518229164,0.917879600990146,0.5393117268880209,0.2881732888395363,0.5393117268880209
1181,39.36666666666667,1,1,1,0.0,-1.0,0.0449676513671875,0.9054767344065522,0.5426432291666666,0.2875043477495964,0.5426432291666666
1182,39.4,1,1,1,0.0,-1.0,0.0507965087890625,0.8927255399028042,0.5399881998697916,0.2911180669521304,0.5399881998697916
1183,39.43333333333333,1,1,1,0.0,-1.0,0.0567169189453125,0.8801844501939141,0.5362599690755209,0.2953794785822479,0.5362599690755209
1184,39.46666666666667,1,1,1,0.0,-1.0,0.056640625,0.8796013873953955,0.5324656168619791,0.29959802317580697,0.5324656168619791
1185,39.5,1,1,1,0.0,-1.0,0.048207600911458336,0.8959927362134342,0.5295766194661459,0.3028984409150026,0.5295766194661459
1186,39.53333333333333,1,1,1,0.0,-1.0,0.037851969401041664,0.9172608254896781,0.524017333984375,0.3081547617614857,0.524017333984375
1187,39.56666666666667,1,1,1,0.0,-1.0,0.038350423177083336,0.9165952489106003,0.5172932942708334,0.31413935772065094,0.5172932942708334
1188,39.6,1,1,1,0.0,-1.0,0.039703369140625,0.9143380579675378,0.5106252034505209,0.31992724440779424,0.5106252034505209
1189,39.63333333333333,1,1,1,0.0,-1.0,0.042500813802083336,0.9092753666568612,0.502685546875,0.32668750454367756,0.502685546875
1190,39.666666666666664,1,1,1,0.0,-1.0,0.0454254150390625,0.9042866548799617,0.4947764078776042,0.33330199022790347,0.4947764078776042
1191,39.7,1,1,1,0.0,-1.0,0.048299153645833336,0.8997516625252474,0.4901835123697917,0.3369162936306075,0.4901835123697917
1192,39.733333333333334,1,1,1,0.0,-1.0,0.048512776692708336,0.9005317513259239,0.4874267578125,0.3389321500411515,0.4874267578125
1193,39.766666666666666,1,1,1,0.0,-1.0,0.042790730794270836,0.9126005616251127,0.4866587320963542,0.33946993151825466,0.4866587320963542
1194,39.8,1,1,1,0.0,-1.0,0.034617106119791664,0.9291084899800766,0.4850616455078125,0.34098869847075364,0.4850616455078125
1195,39.833333333333336,1,1,1,0.0,-1.0,0.026006062825520832,0.9463908776130097,0.48345947265625,0.342768517186012,0.48345947265625
1196,39.86666666666667,1,1,1,0.0,-1.0,0.018641153971354168,0.9612923024471143,0.4813741048177083,0.34500656840742594,0.4813741048177083
1197,39.9,1,1,1,0.0,-1.0,0.013402303059895834,0.9720243440887866,0.4781595865885417,0.34821837314513465,0.4781595865885417
1198,39.93333333333333,1,1,1,0.0,-1.0,0.008875528971354166,0.9813882667241876,0.4767608642578125,0.34987731513485454,0.4767608642578125
1199,39.96666666666667,1,1,1,0.0,-1.0,0.0082855224609375,0.9826016044894468,0.4764760335286458,0.35047465099736186,0.4764760335286458
1200,40.0,1,1,1,0.0,-1.0,0.008280436197916666,0.9826017087588477,0.476898193359375,0.35034126926831427,0.476898193359375
1201,40.03333333333333,1,1,1,0.0,-1.0,0.007954915364583334,0.9832702158930541,0.4778035481770833,0.34970432803101825,0.4778035481770833
1202,40.06666666666667,1,1,1,0.0,-1.0,0.008188883463541666,0.9827692818064456,0.4791208902994792,0.34859029178018147,0.4791208902994792
1203,40.1,1,1,1,0.0,-1.0,0.007929484049479166,0.9832981406742819,0.4814097086588542,0.3465776697246714,0.4814097086588542
1204,40.13333333333333,1,1,1,0.0,-1.0,0.007497151692708333,0.9841768653774717,0.4840850830078125,0.3441678584908149,0.4840850830078125
1205,40.166666666666664,1,1,1,0.0,-1.0,0.0081024169921875,0.9828861069848764,0.4872334798177083,0.3413083923157185,0.4872334798177083
1206,40.2,1,1,1,0.0,-1.0,0.0086517333984375,0.9817093505929316,0.4895222981770833,0.3393098328729608,0.4895222981770833
1207,40.233333333333334,1,1,1,0.0,-1.0,0.009877522786458334,0.9791138696426609,0.4907430013020833,0.33836467461509034,0.4907430013020833
1208,40.266666666666666,1,1,1,0.0,-1.0,0.011728922526041666,0.9752070909185389,0.4915364583333333,0.3378646844639807,0.4915364583333333
1209,40.3,1,1,1,0.0,-1.0,0.0146636962890625,0.9690684102886604,0.4920196533203125,0.3376370895206984,0.4920196533203125
1210,40.333333333333336,1,1,1,0.0,-1.0,0.017873128255208332,0.9623899036318115,0.4925689697265625,0.33728993365626625,0.4925689697265625
1211,40.36666666666667,1,1,1,0.0,-1.0,0.021738688151041668,0.9544041211223204,0.4924214680989583,0.3375147343461429,0.4924214680989583
1212,40.4,1,1,1,0.0,-1.0,0.028767903645833332,0.9400642579432431,0.4943491617838542,0.3359529032507659,0.4943491617838542
1213,40.43333333333333,1,1,1,0.0,-1.0,0.041269938151041664,0.9149277369947397,0.5004119873046875,0.33092416626008336,0.5004119873046875
1214,40.46666666666667,1,1,1,0.0,-1.0,0.052739461263020836,0.892148899910489,0.5084482828776041,0.32420301701240894,0.5084482828776041
1215,40.5,1,1,1,0.0,-1.0,0.06256612141927083,0.8726501764826917,0.5215606689453125,0.3132247926190378,0.5215606689453125
1216,40.53333333333333,1,1,1,0.0,-1.0,0.07433573404947917,0.8490889043774097,0.5432942708333334,0.29517363561713483,0.5432942708333334
1217,40.56666666666667,1,1,1,0.0,-1.0,0.08365885416666667,0.8283973293418878,0.567718505859375,0.27549887963483977,0.567718505859375
1218,40.6,1,1,1,0.0,-1.0,0.10519917805989583,0.782490026527134,0.5861358642578125,0.2609148486881396,0.5861358642578125
1219,40.63333333333333,1,1,1,0.0,-1.0,0.13086446126302084,0.7266704117243719,0.5917510986328125,0.2563589618674598,0.5917510986328125
1220,40.666666666666664,1,1,1,0.0,-1.0,0.14569600423177084,0.6892842853035765,0.5767618815104166,0.2679952612315587,0.5767618815104166
1221,40.7,1,1,1,0.0,-1.0,0.15497843424479166,0.6684749130227997,0.5447743733723959,0.29422373800059765,0.5447743733723959
1222,40.733333333333334,1,1,1,0.0,-1.0,0.156402587890625,0.6745469819040117,0.517364501953125,0.317993116901375,0.517364501953125
1223,40.766666666666666,1,1,1,0.0,-1.0,0.14454142252604166,0.7025923972094739,0.5222269694010416,0.31380564867432437,0.5222269694010416
1224,40.8,1,1,1,0.0,-1.0,0.11152140299479167,0.7555348625666047,0.5578460693359375,0.28328878344079744,0.5578460693359375
1225,40.833333333333336,1,1,1,0.0,-1.0,0.08310953776041667,0.7938409604002983,0.6049397786458334,0.2440847658168614,0.6049397786458334
1226,40.86666666666667,1,1,1,0.0,-1.0,0.07154337565104167,0.7912917570898934,0.642791748046875,0.21260922944407556,0.642791748046875
1227,40.9,1,1,1,0.0,-1.0,0.072174072265625,0.7459033724255139,0.6768544514973959,0.18411590691362018,0.6768544514973959
1228,40.93333333333333,1,1,1,0.0,-1.0,0.0586395263671875,0.7182760711123324,0.7162068684895834,0.15130967838629422,0.7162068684895834
1229,40.96666666666667,1,1,1,0.0,-1.0,0.029347737630208332,0.7805276915432326,0.7238210042317709,0.14384980767495362,0.7238210042317709
1230,41.0,1,1,1,0.0,-1.0,0.017985026041666668,0.8407950591479352,0.7189585367838541,0.14758571162593226,0.7189585367838541
1231,41.03333333333333,1,1,1,0.0,-1.0,0.020334879557291668,0.8351031346718927,0.7169952392578125,0.15059053459211455,0.7169952392578125
1232,41.06666666666667,1,1,1,0.0,-1.0,0.030878702799479168,0.7931337525103962,0.7095692952473959,0.15799907637461305,0.7095692952473959
1233,41.1,1,1,1,0.0,-1.0,0.043324788411458336,0.7497255228530593,0.6930999755859375,0.17020019029219663,0.6930999755859375
1234,41.13333333333333,1,1,1,0.0,-1.0,0.0438385009765625,0.7537600484774545,0.6738942464192709,0.18385771536316428,0.6738942464192709
1235,41.166666666666664,1,1,1,0.0,-1.0,0.042368570963541664,0.765327287097512,0.659210205078125,0.194187360011649,0.659210205078125
1236,41.2,1,1,1,0.0,-1.0,0.040807088216145836,0.7757762660735696,0.6489054361979166,0.2016130591502946,0.6489054361979166
1237,41.233333333333334,1,1,1,0.0,-1.0,0.0378570556640625,0.7909611971067589,0.6476847330729166,0.20287918425505064,0.6476847330729166
1238,41.266666666666666,1,1,1,0.0,-1.0,0.034128824869791664,0.8087759432409953,0.6528472900390625,0.19989873626471366,0.6528472900390625
1239,41.3,1,1,1,0.0,-1.0,0.031239827473958332,0.8223092256998135,0.6642252604166666,0.193009809583775,0.6642252604166666
1240,41.333333333333336,1,1,1,0.0,-1.0,0.028528849283854168,0.8355106149735971,0.6769510904947916,0.18518118252915525,0.6769510904947916
1241,41.36666666666667,1,1,1,0.0,-1.0,0.025975545247395832,0.8482937714912928,0.6855977376302084,0.17986184364863014,0.6855977376302084
1242,41.4,1,1,1,0.0,-1.0,0.024164835611979168,0.8577599695530735,0.68951416015625,0.17749358870187587,0.68951416015625
1243,41.43333333333333,1,1,1,0.0,-1.0,0.021779378255208332,0.8703803553488743,0.6916249593098959,0.17618924568903443,0.6916249593098959
1244,41.46666666666667,1,1,1,0.0,-1.0,0.0196533203125,0.8818301471528068,0.6907958984375,0.17672291685106378,0.6907958984375
1245,41.5,1,1,1,0.0,-1.0,0.017084757486979168,0.8963055932993134,0.6884256998697916,0.17818532779435015,0.6884256998697916
1246,41.53333333333333,1,1,1,0.0,-1.0,0.0139312744140625,0.9142870441542553,0.6822458902994791,0.1819387902033205,0.6822458902994791
1247,41.56666666666667,1,1,1,0.0,-1.0,0.010589599609375,0.9339112730445749,0.6707661946614584,0.18892137163797554,0.6707661946614584
1248,41.6,1,1,1,0.0,-1.0,0.006998697916666667,0.9555168487161776,0.6547292073567709,0.19866580239441312,0.6547292073567709
1249,41.63333333333333,1,1,1,0.0,-1.0,0.0038096110026041665,0.9753301199022412,0.6376698811848959,0.20902455167901712,0.6376698811848959
1250,41.666666666666664,1,1,1,0.0,-1.0,0.0034535725911458335,0.9776129000063981,0.6227366129557291,0.2182273805505232,0.6227366129557291
1251,41.7,1,1,1,0.0,-1.0,0.006047566731770833,0.9616491968232053,0.611602783203125,0.22532959088022225,0.611602783203125
1252,41.733333333333334,1,1,1,0.0,-1.0,0.011962890625,0.9275877846265984,0.6037394205729166,0.23091080421726082,0.6037394205729166
1253,41.766666666666666,1,1,1,0.0,-1.0,0.0210418701171875,0.880111722287017,0.5963338216145834,0.23629353638539874,0.5963338216145834
1254,41.8,1,1,1,0.0,-1.0,0.028477986653645832,0.8442096837930348,0.5858052571614584,0.24343893042156295,0.5858052571614584
1255,41.833333333333336,1,1,1,0.0,-1.0,0.035349527994791664,0.8131618066266066,0.5708363850911459,0.253119448986678,0.5708363850911459
1256,41.86666666666667,1,1,1,0.0,-1.0,0.041895548502604164,0.785104728476609,0.553863525390625,0.26359937417153234,0.553863525390625
1257,41.9,1,1,1,0.0,-1.0,0.0477447509765625,0.7607288073166976,0.5407460530598959,0.27083279299998175,0.5407460530598959
1258,41.93333333333333,1,1,1,0.0,-1.0,0.052983601888020836,0.739225521512844,0.5334625244140625,0.2736958973610167,0.5334625244140625
1259,41.96666666666667,1,1,1,0.0,-1.0,0.054621378580729164,0.732003780912371,0.5324808756510416,0.2727077390354977,0.5324808756510416
1260,42.0,1,1,1,0.0,-1.0,0.054311116536458336,0.7368024090045809,0.5330098470052084,0.27281977706404925,0.5330098470052084
1261,42.03333333333333,1,1,1,0.0,-1.0,0.057195027669270836,0.7329190599580715,0.5394999186197916,0.2687447545210686,0.5394999186197916
1262,42.06666666666667,1,1,1,0.0,-1.0,0.059839884440104164,0.729862407442074,0.5497233072916666,0.2610609385307482,0.5497233072916666
1263,42.1,0,0,1,0.0,-1.0,0.0706329345703125,0.7122629469959283,0.5617319742838541,0.2539592667447118,0.5617319742838541
1264,42.13333333333333,0,0,1,0.0,-1.0,0.0082855224609375,0.9610641991292194,0.5571492513020834,0.2571425162769882,0.5571492513020834
1265,42.166666666666664,0,0,1,0.0,-1.0,0.009745279947916666,0.9556230755469642,0.5485890706380209,0.26313196088766194,0.5485890706380209
1266,42.2,0,0,1,0.0,-1.0,0.0110931396484375,0.9509308500582346,0.5386301676432291,0.27032647945137933,0.5386301676432291
1267,42.233333333333334,0,0,1,0.0,-1.0,0.012425740559895834,0.9462152536363553,0.5323638916015625,0.2749923576566215,0.5323638916015625
1268,42.266666666666666,0,0,1,0.0,-1.0,0.013478597005208334,0.9427919073825684,0.5292561848958334,0.27733512862853554,0.5292561848958334
1269,42.3,0,0,1,0.0,-1.0,0.01519775390625,0.9366348504919829,0.5245463053385416,0.2804104635983714,0.5245463053385416
1270,42.333333333333336,0,0,1,0.0,-1.0,0.0183868408203125,0.9243963937874844,0.5162099202473959,0.285428526836568,0.5162099202473959
1271,42.36666666666667,0,0,1,0.0,-1.0,0.020772298177083332,0.9147565061484917,0.5040995279947916,0.2934404594371212,0.5040995279947916
1272,42.4,0,0,1,0.0,-1.0,0.023081461588541668,0.9048140984921318,0.5003662109375,0.29495088667700486,0.5003662109375
1273,42.43333333333333,0,0,1,0.0,-1.0,0.022928873697916668,0.904097700820812,0.5007527669270834,0.29452880397921755,0.5007527669270834
1274,42.46666666666667,0,0,1,0.0,-1.0,0.023345947265625,0.902091762746369,0.5042572021484375,0.29248965091473506,0.5042572021484375
1275,42.5,0,0,1,0.0,-1.0,0.024083455403645832,0.8999964090100832,0.5059661865234375,0.2915614638004528,0.5059661865234375
1276,42.53333333333333,0,0,1,0.0,-1.0,0.023468017578125,0.9034489470828717,0.5049794514973959,0.29208918852843796,0.5049794514973959
1277,42.56666666666667,0,0,1,0.0,-1.0,0.023625691731770832,0.9034052283523716,0.5055898030598959,0.29090211909619046,0.5055898030598959
1278,42.6,0,0,1,0.0,-1.0,0.0234375,0.9036470759189845,0.5061594645182291,0.29022694454843445,0.5061594645182291
1279,42.63333333333333,0,0,1,0.0,-1.0,0.02410888671875,0.9002435958355334,0.5069020589192709,0.2897125522621462,0.5069020589192709
1280,42.666666666666664,0,0,1,0.0,-1.0,0.025492350260416668,0.894641605370391,0.5059560139973959,0.29054076431769155,0.5059560139973959
1281,42.7,0,0,1,0.0,-1.0,0.0264739990234375,0.8922322891150687,0.506103515625,0.2903052256427521,0.506103515625
1282,42.733333333333334,0,0,1,0.0,-1.0,0.027959187825520832,0.8893687207430507,0.5075327555338541,0.2884930301123088,0.5075327555338541
1283,42.766666666666666,0,0,1,0.0,-1.0,0.027862548828125,0.8919582589426498,0.51080322265625,0.28517501565415754,0.51080322265625
1284,42.8,0,0,1,0.0,-1.0,0.026250203450520832,0.8987260702058969,0.5135701497395834,0.2830259782515868,0.5135701497395834
1285,42.833333333333336,0,0,1,0.0,-1.0,0.025487263997395832,0.901211786455351,0.5162404378255209,0.2815442161021917,0.5162404378255209
1286,42.86666666666667,0,0,1,0.0,-1.0,0.025873819986979168,0.8984918478304529,0.5181732177734375,0.2805872627494868,0.5181732177734375
1287,42.9,0,0,1,0.0,-1.0,0.026301066080729168,0.8947082152110284,0.517059326171875,0.2809692166489475,0.517059326171875
1288,42.93333333333333,0,0,1,0.0,-1.0,0.0263671875,0.8914219220083905,0.5119679768880209,0.2831196268403506,0.5119679768880209
1289,42.96666666666667,0,0,1,0.0,-1.0,0.025121053059895832,0.893746113869911,0.5070953369140625,0.2848950155853102,0.5070953369140625
1290,43.0,0,0,1,0.0,-1.0,0.0233917236328125,0.9008502082465479,0.5048573811848959,0.28604476149406455,0.5048573811848959
1291,43.03333333333333,0,0,1,0.0,-1.0,0.048700968424479164,0.8123494983745219,0.5100606282552084,0.2831153794070045,0.5100606282552084
1292,43.06666666666667,0,0,1,0.0,-1.0,0.06574503580729167,0.7569200197409158,0.5278778076171875,0.26999737972593413,0.5278778076171875
1293,43.1,0,0,1,0.0,-1.0,0.07704671223958333,0.7093943907394084,0.5450897216796875,0.25567212387868393,0.5450897216796875
1294,43.13333333333333,0,0,1,0.0,-1.0,0.07889811197916667,0.6739729930042092,0.5447794596354166,0.251445508802615,0.5447794596354166
1295,43.166666666666664,0,0,1,0.0,-1.0,0.06860860188802083,0.657396535564289,0.5218454996744791,0.25704944400888036,0.5218454996744791
1296,43.2,0,0,1,0.0,-1.0,0.052271525065104164,0.6348462292395103,0.4746144612630208,0.2744383675055993,0.4746144612630208
1297,43.233333333333334,0,0,1,0.0,-1.0,0.0384368896484375,0.5871495346669032,0.4214986165364583,0.30011536169033315,0.4214986165364583
1298,43.266666666666666,0,0,1,0.0,-1.0,0.023396809895833332,0.640328251322917,0.3848368326822917,0.3212668925854852,0.3848368326822917
1299,43.3,0,0,1,0.0,-1.0,0.021764119466145832,0.6718757043200669,0.3661855061848958,0.33361391296812987,0.3661855061848958
1300,43.333333333333336,0,0,1,0.0,-1.0,0.019643147786458332,0.6959954249454825,0.3634084065755208,0.3355348736557633,0.3634084065755208
1301,43.36666666666667,0,0,1,0.0,-1.0,0.017527262369791668,0.7018834450943139,0.3663431803385417,0.3333949306169933,0.3663431803385417
1302,43.4,0,0,1,0.0,-1.0,0.014811197916666666,0.7114268946315875,0.3684132893880208,0.32994319633395947,0.3684132893880208
1303,43.43333333333333,0,0,1,0.0,-1.0,0.010447184244791666,0.7471309747690629,0.3623606363932292,0.33017713827367445,0.3623606363932292
1304,43.46666666666667,0,0,1,0.0,-1.0,0.009831746419270834,0.7212478353258579,0.3468119303385417,0.3367691289890359,0.3468119303385417
1305,43.5,0,0,1,0.0,-1.0,0.011678059895833334,0.6393739573450177,0.3336537679036458,0.3408319426098644,0.3336537679036458
1306,43.53333333333333,0,0,1,0.0,-1.0,0.0120697021484375,0.591471192535419,0.3243052164713542,0.34446819505879434,0.3243052164713542
1307,43.56666666666667,0,0,1,0.0,-1.0,0.008366902669270834,0.6690200012620275,0.3184458414713542,0.34817614393124346,0.3184458414713542
1308,43.6,0,0,1,0.0,-1.0,0.007563273111979167,0.6984415276183955,0.3208109537760417,0.3470505395574861,0.3208109537760417
1309,43.63333333333333,0,0,1,0.0,-1.0,0.007542928059895833,0.703933868703002,0.3249562581380208,0.34489567915191693,0.3249562581380208
1310,43.666666666666664,0,0,1,0.0,-1.0,0.008209228515625,0.6869157916731679,0.3218332926432292,0.34610125011092474,0.3218332926432292
1311,43.7,0,0,1,0.0,-1.0,0.0080108642578125,0.6988027355127722,0.3054351806640625,0.3547424412139981,0.3054351806640625
1312,43.733333333333334,0,0,1,0.0,-1.0,0.006978352864583333,0.7582894099891794,0.2825113932291667,0.36914446413185664,0.2825113932291667
1313,43.766666666666666,0,0,1,0.0,-1.0,0.0100555419921875,0.7424962050640622,0.2627970377604167,0.382170733651423,0.2627970377604167
1314,43.8,0,0,1,0.0,-1.0,0.011052449544270834,0.7746778603308258,0.24774678548177084,0.39482977559912924,0.24774678548177084
1315,43.833333333333336,0,0,1,0.0,-1.0,0.011510213216145834,0.8022267768495965,0.23770650227864584,0.4031743333495567,0.23770650227864584
1316,43.86666666666667,0,0,1,0.0,-1.0,0.0130767822265625,0.8021964506384364,0.23295084635416666,0.40854793317681626,0.23295084635416666
1317,43.9,0,0,1,0.0,-1.0,0.01397705078125,0.7986218449879051,0.23239644368489584,0.4083820801823204,0.23239644368489584
1318,43.93333333333333,0,0,1,0.0,-1.0,0.0126953125,0.8152432365736272,0.229095458984375,0.41108275997532123,0.229095458984375
1319,43.96666666666667,0,0,1,0.0,-1.0,0.013234456380208334,0.812454651916823,0.22262064615885416,0.4160958548397778,0.22262064615885416
1320,44.0,0,0,1,0.0,-1.0,0.013631184895833334,0.8112981506534862,0.21755472819010416,0.4195718077940782,0.21755472819010416
1321,44.03333333333333,0,0,1,0.0,-1.0,0.014353434244791666,0.8056601160820376,0.21917215983072916,0.41915420485505206,0.21917215983072916
1322,44.06666666666667,0,0,1,0.0,-1.0,0.015192667643229166,0.7999512081686717,0.22599283854166666,0.41687689544518475,0.22599283854166666
1323,44.1,0,0,1,0.0,-1.0,0.015446980794270834,0.799646580655782,0.23907470703125,0.4094308988626842,0.23907470703125
1324,44.13333333333333,0,0,1,0.0,-1.0,0.016606648763020832,0.7900682321876134,0.2514292399088542,0.4021331052844796,0.2514292399088542
1325,44.166666666666664,0,0,1,0.0,-1.0,0.016947428385416668,0.7899541579513417,0.2534281412760417,0.4023849077415398,0.2534281412760417
1326,44.2,0,0,1,0.0,-1.0,0.017547607421875,0.786177852099176,0.24652608235677084,0.40644629919344494,0.24652608235677084
1327,44.233333333333334,0,0,1,0.0,-1.0,0.018707275390625,0.7776061191353746,0.23367818196614584,0.4142657186625907,0.23367818196614584
1328,44.266666666666666,0,0,1,0.0,-1.0,0.019078572591145832,0.7764783666486315,0.22061665852864584,0.4228967462735088,0.22061665852864584
1329,44.3,0,0,1,0.0,-1.0,0.01995849609375,0.7702474006900262,0.21552022298177084,0.4268428767592538,0.21552022298177084
1330,44.333333333333336,0,0,1,0.0,-1.0,0.0203094482421875,0.7685551972800642,0.2190093994140625,0.42517847670061754,0.2190093994140625
1331,44.36666666666667,0,0,1,0.0,-1.0,0.0212554931640625,0.7622447679180533,0.22822062174479166,0.4222530383334756,0.22822062174479166
1332,44.4,0,0,1,0.0,-1.0,0.0220489501953125,0.7568935060752897,0.23954264322916666,0.4161440779630968,0.23954264322916666
1333,44.43333333333333,0,0,1,0.0,-1.0,0.022430419921875,0.7554761590908876,0.2469482421875,0.41359918327132694,0.2469482421875
1334,44.46666666666667,0,0,1,0.0,-1.0,0.0233612060546875,0.7498347996547101,0.2531331380208333,0.4102740530126273,0.2531331380208333
1335,44.5,0,0,1,0.0,-1.0,0.023478190104166668,0.7539568058708808,0.2598775227864583,0.40647952133250526,0.2598775227864583
1336,44.53333333333333,0,0,1,0.0,-1.0,0.024175008138020832,0.7527875259707215,0.2720896402994792,0.4004157821761317,0.2720896402994792
1337,44.56666666666667,0,0,1,0.0,-1.0,0.025004069010416668,0.7512002281484492,0.2879791259765625,0.3924501944573024,0.2879791259765625
1338,44.6,0,0,1,0.0,-1.0,0.0257568359375,0.7498411473036837,0.3062337239583333,0.3824863157526043,0.3062337239583333
1339,44.63333333333333,0,0,1,0.0,-1.0,0.027811686197916668,0.7401493348917719,0.3183339436848958,0.3775762316079678,0.3183339436848958
1340,44.666666666666664,0,0,1,0.0,-1.0,0.028406778971354168,0.7416642790385168,0.322540283203125,0.37668955713479446,0.322540283203125
1341,44.7,0,0,1,0.0,-1.0,0.028742472330729168,0.7440873971104104,0.3189290364583333,0.3798389061003801,0.3189290364583333
1342,44.733333333333334,0,0,1,0.0,-1.0,0.029413859049479168,0.7443932842932389,0.3099721272786458,0.3856217261861873,0.3099721272786458
1343,44.766666666666666,0,0,1,0.0,-1.0,0.030141194661458332,0.7448683050789915,0.2992909749348958,0.3925580003618463,0.2992909749348958
1344,44.8,0,0,1,0.0,-1.0,0.030466715494791668,0.7469320258505081,0.2943522135416667,0.39487642042527177,0.2943522135416667
1345,44.833333333333336,0,0,1,0.0,-1.0,0.031646728515625,0.7441022472092382,0.2960713704427083,0.393411707109226,0.2960713704427083
1346,44.86666666666667,0,0,1,0.0,-1.0,0.032740275065104164,0.741153863929533,0.305145263671875,0.38642640338704215,0.305145263671875
1347,44.9,0,0,1,0.0,-1.0,0.0330657958984375,0.7409558449645804,0.3137359619140625,0.3825419038513207,0.3137359619140625
1348,44.93333333333333,0,0,1,0.0,-1.0,0.034022013346354164,0.7370244346608036,0.3236236572265625,0.3767320336300532,0.3236236572265625
1349,44.96666666666667,0,0,1,0.0,-1.0,0.033971150716145836,0.737844960178065,0.3293609619140625,0.3735028613082183,0.3293609619140625
1350,45.0,0,0,1,0.0,-1.0,0.034474690755208336,0.7353884338852549,0.3326568603515625,0.3725108494309197,0.3326568603515625
1351,45.03333333333333,0,0,1,0.0,-1.0,0.035405476888020836,0.7312897566558432,0.3355305989583333,0.3729588565199553,0.3355305989583333
1352,45.06666666666667,0,0,1,0.0,-1.0,0.0352325439453125,0.7318301084780099,0.3446146647135417,0.36704167448398295,0.3446146647135417
1353,45.1,0,0,1,0.0,-1.0,0.035288492838541664,0.7315130585189822,0.3514251708984375,0.3637917502543596,0.3514251708984375
1354,45.13333333333333,0,0,1,0.0,-1.0,0.036036173502604164,0.7284510493845165,0.3553365071614583,0.3624506283987807,0.3553365071614583
1355,45.166666666666664,0,0,1,0.0,-1.0,0.037821451822916664,0.7236891124019874,0.3518218994140625,0.36539702532140056,0.3518218994140625
1356,45.2,0,0,1,0.0,-1.0,0.039952596028645836,0.7201659366232174,0.3392740885416667,0.37380725296583306,0.3392740885416667
1357,45.233333333333334,0,0,1,0.0,-1.0,0.0423736572265625,0.7183182982484659,0.32073974609375,0.38841487058642743,0.32073974609375
1358,45.266666666666666,0,0,1,0.0,-1.0,0.046208699544270836,0.7165995354331107,0.304840087890625,0.4038199729162507,0.304840087890625
1359,45.3,0,0,1,0.0,-1.0,0.051610310872395836,0.7153518175893919,0.2970733642578125,0.41521710609429874,0.2970733642578125
1360,45.333333333333336,0,0,1,0.0,-1.0,0.058568318684895836,0.7182940392073635,0.29498291015625,0.4265938150908596,0.29498291015625
1361,45.36666666666667,0,0,1,0.0,-1.0,0.069732666015625,0.7157292930269514,0.298187255859375,0.4352833574817939,0.298187255859375
1362,45.4,0,0,1,0.0,-1.0,0.0869598388671875,0.7024353166109956,0.3039398193359375,0.44221450899984144,0.3039398193359375
1363,45.43333333333333,0,0,1,0.0,-1.0,0.10710652669270833,0.6904136898332869,0.3048197428385417,0.4555070307846881,0.3048197428385417
1364,45.46666666666667,0,0,1,0.0,-1.0,0.1210784912109375,0.6911078184691037,0.309234619140625,0.4613298284513237,0.309234619140625
1365,45.5,0,0,1,0.0,-1.0,0.11788431803385417,0.7205691582359091,0.31134033203125,0.46805698327531386,0.31134033203125
1366,45.53333333333333,0,0,1,0.0,-1.0,0.1025543212890625,0.7665821763479882,0.3125203450520833,0.47446176212452024,0.3125203450520833
1367,45.56666666666667,0,0,1,0.0,-1.0,0.10791524251302083,0.7639920815726842,0.3134765625,0.47666698593815293,0.3134765625
1368,45.6,0,0,1,0.0,-1.0,0.09140523274739583,0.7939140355057148,0.3145853678385417,0.4711044109940732,0.3145853678385417
1369,45.63333333333333,0,0,1,0.0,-1.0,0.07285563151041667,0.8215201152601805,0.316864013671875,0.45850737931373287,0.316864013671875
1370,45.666666666666664,0,0,1,0.0,-1.0,0.058629353841145836,0.8375335246441902,0.3178202311197917,0.4419119706147908,0.3178202311197917
1371,45.7,0,0,1,0.0,-1.0,0.047149658203125,0.8488350478459895,0.314483642578125,0.43232488842217587,0.314483642578125
1372,45.733333333333334,0,0,1,0.0,-1.0,0.032094319661458336,0.8810193525743575,0.30938720703125,0.426082768886779,0.30938720703125
1373,45.766666666666666,0,0,1,0.0,-1.0,0.026072184244791668,0.8941395910470735,0.3044331868489583,0.42599256697997395,0.3044331868489583
1374,45.8,0,0,1,0.0,-1.0,0.018391927083333332,0.9204197182925233,0.3027852376302083,0.4252970599376299,0.3027852376302083
1375,45.833333333333336,0,0,1,0.0,-1.0,0.0142822265625,0.935805677109238,0.3037668863932292,0.4237594995434827,0.3037668863932292
1376,45.86666666666667,0,0,1,0.0,-1.0,0.008951822916666666,0.9586954073525108,0.3047739664713542,0.42368830847884353,0.3047739664713542
1377,45.9,0,0,1,0.0,-1.0,0.008295694986979166,0.9617667921949441,0.302642822265625,0.4260606956748145,0.302642822265625
1378,45.93333333333333,0,0,1,0.0,-1.0,0.007853190104166666,0.963917541413841,0.3019358317057292,0.42587491154430057,0.3019358317057292
1379,45.96666666666667,0,0,1,0.0,-1.0,0.007929484049479166,0.9636467558756292,0.3033345540364583,0.4233688014647342,0.3033345540364583
1380,46.0,0,0,1,0.0,-1.0,0.0071563720703125,0.967237051795101,0.3082173665364583,0.42023543625670756,0.3082173665364583
1381,46.03333333333333,0,0,1,0.0,-1.0,0.006591796875,0.9700872418429027,0.3180592854817708,0.41413037743775033,0.3180592854817708
1382,46.06666666666667,0,0,1,0.0,-1.0,0.006678263346354167,0.9700469133747225,0.33111572265625,0.40569301713403066,0.33111572265625
1383,46.1,0,0,1,0.0,-1.0,0.007441202799479167,0.967221552039172,0.3388315836588542,0.4016301521434857,0.3388315836588542
1384,46.13333333333333,0,0,1,0.0,-1.0,0.008519490559895834,0.9633887540555867,0.3377838134765625,0.4029946105894053,0.3377838134765625
1385,46.166666666666664,0,0,1,0.0,-1.0,0.009490966796875,0.9602080358283476,0.3282623291015625,0.41079108879381704,0.3282623291015625
1386,46.2,0,0,1,0.0,-1.0,0.008753458658854166,0.9636630203900507,0.3166961669921875,0.4206991397843729,0.3166961669921875
1387,46.233333333333334,0,0,1,0.0,-1.0,0.009516398111979166,0.9606304383659562,0.3082173665364583,0.43072182547646665,0.3082173665364583
1388,46.266666666666666,0,0,1,0.0,-1.0,0.009119669596354166,0.9622750473094054,0.3070424397786458,0.4353537889477352,0.3070424397786458
1389,46.3,0,0,1,0.0,-1.0,0.008478800455729166,0.9651192542169031,0.3126068115234375,0.43288485852220815,0.3126068115234375
1390,46.333333333333336,0,0,1,0.0,-1.0,0.009053548177083334,0.9632265229201102,0.3226979573567708,0.42376794203554774,0.3226979573567708
1391,46.36666666666667,0,0,1,0.0,-1.0,0.0110931396484375,0.9553929509513603,0.3308359781901042,0.414202750557599,0.3308359781901042
1392,46.4,0,0,1,0.0,-1.0,0.0117645263671875,0.9527067497957613,0.3315684000651042,0.41250361044693734,0.3315684000651042
1393,46.43333333333333,0,0,1,0.0,-1.0,0.0139007568359375,0.944588908112999,0.3274180094401042,0.4175324164893224,0.3274180094401042
1394,46.46666666666667,0,0,1,0.0,-1.0,0.0118865966796875,0.9524867471529428,0.3248138427734375,0.4207531917860884,0.3248138427734375
1395,46.5,0,0,1,0.0,-1.0,0.0111541748046875,0.9553379054184263,0.3212890625,0.42369487137004136,0.3212890625
1396,46.53333333333333,0,0,1,0.0,-1.0,0.010136922200520834,0.9592517533795042,0.3164774576822917,0.42689916267087735,0.3164774576822917
1397,46.56666666666667,0,0,1,0.0,-1.0,0.010467529296875,0.9580703298176756,0.3114166259765625,0.430232886896043,0.3114166259765625
1398,46.6,0,0,1,0.0,-1.0,0.011042277018229166,0.9561928938862081,0.3094889322916667,0.4301940582169679,0.3094889322916667
1399,46.63333333333333,0,0,1,0.0,-1.0,0.011820475260416666,0.9535043012391279,0.3092905680338542,0.42840610138036156,0.3092905680338542
1400,46.666666666666664,0,0,1,0.0,-1.0,0.0119781494140625,0.9528520872011019,0.306121826171875,0.430426402412671,0.306121826171875
1401,46.7,0,0,1,0.0,-1.0,0.013112386067708334,0.9485688919969173,0.2988128662109375,0.43592874414323096,0.2988128662109375
1402,46.733333333333334,0,0,1,0.0,-1.0,0.012685139973958334,0.9500031940902085,0.2888997395833333,0.44392690965422454,0.2888997395833333
1403,46.766666666666666,0,0,1,0.0,-1.0,0.012583414713541666,0.9500861411025319,0.2824147542317708,0.44871371760649503,0.2824147542317708
1404,46.8,0,0,1,0.0,-1.0,0.013203938802083334,0.9476661270323062,0.2787322998046875,0.4529771832209535,0.2787322998046875
1405,46.833333333333336,0,0,1,0.0,-1.0,0.012613932291666666,0.9501943491232705,0.2780914306640625,0.4550363396230749,0.2780914306640625
1406,46.86666666666667,0,0,1,0.0,-1.0,0.01239013671875,0.9515821013772439,0.2808837890625,0.4533616065643537,0.2808837890625
1407,46.9,0,0,1,0.0,-1.0,0.012761433919270834,0.9506448684027483,0.2835947672526042,0.4515869631199022,0.2835947672526042
1408,46.93333333333333,0,0,1,0.0,-1.0,0.012563069661458334,0.9517457413152339,0.286956787109375,0.44867277312770215,0.286956787109375
1409,46.96666666666667,0,0,1,0.0,-1.0,0.011988321940104166,0.954258215760649,0.2911122639973958,0.4448383771932283,0.2911122639973958
1410,47.0,0,0,1,0.0,-1.0,0.01171875,0.9555584026524828,0.2985941569010417,0.43980645219496434,0.2985941569010417
1411,47.03333333333333,0,0,1,0.0,-1.0,0.012491861979166666,0.9530754183824341,0.3077748616536458,0.43400058605166547,0.3077748616536458
1412,47.06666666666667,0,0,1,0.0,-1.0,0.0134735107421875,0.9499407855458759,0.30877685546875,0.43512174474157744,0.30877685546875
1413,47.1,0,0,1,0.0,-1.0,0.01336669921875,0.9505399261691765,0.3035888671875,0.4378209363537243,0.3035888671875
1414,47.13333333333333,0,0,1,0.0,-1.0,0.0129852294921875,0.951797966632841,0.293121337890625,0.44207238679882904,0.293121337890625
1415,47.166666666666664,0,0,1,0.0,-1.0,0.012629191080729166,0.9527346807087177,0.2832438151041667,0.44726090251520756,0.2832438151041667
1416,47.2,0,0,1,0.0,-1.0,0.012074788411458334,0.954274562156107,0.2758890787760417,0.45310056973422236,0.2758890787760417
1417,47.233333333333334,0,0,1,0.0,-1.0,0.011423746744791666,0.9562202058945608,0.2717336018880208,0.45832520854378844,0.2717336018880208
1418,47.266666666666666,0,0,1,0.0,-1.0,0.009979248046875,0.961329841185687,0.2703450520833333,0.4626449673817692,0.2703450520833333
1419,47.3,0,0,1,0.0,-1.0,0.007863362630208334,0.969215844963879,0.2676900227864583,0.46708342542730236,0.2676900227864583
1420,47.333333333333336,0,0,1,0.0,-1.0,0.006744384765625,0.9734291816150487,0.2649637858072917,0.4698944484120631,0.2649637858072917
1421,47.36666666666667,0,0,1,0.0,-1.0,0.006067911783854167,0.9760190380887998,0.2605692545572917,0.4725905349295155,0.2605692545572917
1422,47.4,0,0,1,0.0,-1.0,0.005772908528645833,0.9771695243076715,0.2549387613932292,0.4747904101065772,0.2549387613932292
1423,47.43333333333333,0,0,1,0.0,-1.0,0.005366007486979167,0.9788030800332925,0.24976603190104166,0.478065202256811,0.24976603190104166
1424,47.46666666666667,0,0,1,0.0,-1.0,0.005213419596354167,0.9794790092941348,0.24651082356770834,0.48002886330613764,0.24651082356770834
1425,47.5,0,0,1,0.0,-1.0,0.004720052083333333,0.9815005660469256,0.24554443359375,0.4808437132782193,0.24554443359375
1426,47.53333333333333,0,0,1,0.0,-1.0,0.004094441731770833,0.9839839093514058,0.2447662353515625,0.4840065362914179,0.2447662353515625
1427,47.56666666666667,0,0,1,0.0,-1.0,0.0028483072916666665,0.9888228909424748,0.24501546223958334,0.48473247727140817,0.24501546223958334
1428,47.6,0,0,1,0.0,-1.0,0.0026194254557291665,0.9897030496018886,0.244903564453125,0.48517112288208175,0.244903564453125
1429,47.63333333333333,0,0,1,0.0,-1.0,0.004084269205729167,0.9840169883868045,0.24423726399739584,0.48593185989979665,0.24423726399739584
1430,47.666666666666664,0,0,1,0.0,-1.0,0.009653727213541666,0.9628902128723225,0.2429656982421875,0.48589884290684493,0.2429656982421875
1431,47.7,0,0,1,0.0,-1.0,0.0130767822265625,0.9505825287510219,0.24334208170572916,0.48435070376074346,0.24334208170572916
1432,47.733333333333334,0,0,1,0.0,-1.0,0.0152740478515625,0.9434454940399557,0.24228922526041666,0.48512387475411956,0.24228922526041666
1433,47.766666666666666,0,0,1,0.0,-1.0,0.017690022786458332,0.9362277867128179,0.23985799153645834,0.48838028069445966,0.23985799153645834
1434,47.8,0,0,1,0.0,-1.0,0.0199737548828125,0.930250507463219,0.2404632568359375,0.49019216155235945,0.2404632568359375
1435,47.833333333333336,0,0,1,0.0,-1.0,0.02264404296875,0.9238808136350208,0.24181620279947916,0.49361780009324957,0.24181620279947916
1436,47.86666666666667,0,0,1,0.0,-1.0,0.02392578125,0.9224924542225801,0.24994405110677084,0.49032170362391536,0.24994405110677084
1437,47.9,0,0,1,0.0,-1.0,0.025533040364583332,0.9206039328477771,0.2592366536458333,0.4882101155239529,0.2592366536458333
1438,47.93333333333333,0,0,1,0.0,-1.0,0.0239410400390625,0.9289521076933831,0.2719879150390625,0.48471429109912745,0.2719879150390625
1439,47.96666666666667,0,0,1,0.0,-1.0,0.022776285807291668,0.935925116995977,0.2871805826822917,0.4773058048958107,0.2871805826822917
1440,48.0,0,0,1,0.0,-1.0,0.018880208333333332,0.9486101917332591,0.3000996907552083,0.4685232314990186,0.3000996907552083
1441,48.03333333333333,0,0,1,0.0,-1.0,0.015508015950520834,0.9583487821853202,0.3145853678385417,0.45452132297102943,0.3145853678385417
1442,48.06666666666667,0,0,1,0.0,-1.0,0.018086751302083332,0.9519939150511216,0.3262379964192708,0.4438232254496949,0.3262379964192708
1443,48.1,0,0,1,0.0,-1.0,0.021306355794270832,0.9446174005089778,0.3335978190104167,0.4396696140803775,0.3335978190104167
1444,48.13333333333333,0,0,1,0.0,-1.0,0.01904296875,0.9512225353072795,0.3381093343098958,0.4374351285069894,0.3381093343098958
1445,48.166666666666664,0,0,1,0.0,-1.0,0.016367594401041668,0.9582475928517522,0.3411305745442708,0.4360211726013367,0.3411305745442708
1446,48.2,0,0,1,0.0,-1.0,0.0221405029296875,0.9443752018090843,0.3388214111328125,0.44190039189780517,0.3388214111328125
1447,48.233333333333334,0,0,1,0.0,-1.0,0.032826741536458336,0.9198698179177887,0.3318684895833333,0.45406268015505397,0.3318684895833333
1448,48.266666666666666,0,0,1,0.0,-1.0,0.03765869140625,0.909939645027837,0.3284657796223958,0.4617193327930933,0.3284657796223958
1449,48.3,0,0,1,0.0,-1.0,0.042500813802083336,0.8998151313595735,0.3223673502604167,0.47151983703382105,0.3223673502604167
1450,48.333333333333336,0,0,1,0.0,-1.0,0.051767985026041664,0.8800531638745006,0.3191274007161458,0.4769148839739139,0.3191274007161458
1451,48.36666666666667,0,0,1,0.0,-1.0,0.0537872314453125,0.8760871703329751,0.3113657633463542,0.4870277791801961,0.3113657633463542
1452,48.4,0,0,1,0.0,-1.0,0.0517425537109375,0.8804663952648666,0.3066558837890625,0.4931583911366556,0.3066558837890625
1453,48.43333333333333,0,0,1,0.0,-1.0,0.049753824869791664,0.8848250043750031,0.2991536458333333,0.5025906765615318,0.2991536458333333
1454,48.46666666666667,0,0,1,0.0,-1.0,0.046503702799479164,0.891974731895653,0.2954813639322917,0.5078266244625153,0.2954813639322917
1455,48.5,0,0,1,0.0,-1.0,0.041020711263020836,0.9038775195192985,0.2946421305338542,0.5101191685283307,0.2946421305338542
1456,48.53333333333333,0,0,1,0.0,-1.0,0.035151163736979164,0.9169082916278991,0.2942454020182292,0.5122656769445736,0.2942454020182292
1457,48.56666666666667,0,0,1,0.0,-1.0,0.027186075846354168,0.9349465875747773,0.2979939778645833,0.5093874969289556,0.2979939778645833
1458,48.6,0,0,1,0.0,-1.0,0.016779581705729168,0.9591384600473201,0.3034311930338542,0.5043666724334935,0.3034311930338542
1459,48.63333333333333,0,0,1,0.0,-1.0,0.011810302734375,0.9710513029510883,0.308990478515625,0.4990534791687946,0.308990478515625
1460,48.666666666666664,0,0,1,0.0,-1.0,0.014811197916666666,0.9639700350893694,0.3147939046223958,0.49289693519404776,0.3147939046223958
1461,48.7,0,0,1,0.0,-1.0,0.016306559244791668,0.960538457051515,0.3205464680989583,0.4862483386529596,0.3205464680989583
1462,48.733333333333334,0,0,1,0.0,-1.0,0.016047159830729168,0.9612702890209618,0.3258412679036458,0.4799479336287864,0.3258412679036458
1463,48.766666666666666,0,0,1,0.0,-1.0,0.015452067057291666,0.9627694557682456,0.32940673828125,0.475620814371566,0.32940673828125
1464,48.8,0,0,1,0.0,-1.0,0.012776692708333334,0.9691761298934779,0.3315633138020833,0.47305398320332326,0.3315633138020833
1465,48.833333333333336,0,0,1,0.0,-1.0,0.019154866536458332,0.954424825906121,0.33453369140625,0.47052191835070667,0.33453369140625
1466,48.86666666666667,0,0,1,0.0,-1.0,0.030848185221354168,0.9283002146252954,0.3396250406901042,0.46584760748893317,0.3396250406901042
1467,48.9,0,0,1,0.0,-1.0,0.030614217122395832,0.9290423778762105,0.3442230224609375,0.46121350969674435,0.3442230224609375
1468,48.93333333333333,0,0,1,0.0,-1.0,0.021250406901041668,0.9500399059513949,0.3465983072916667,0.45856042931838115,0.3465983072916667
1469,48.96666666666667,0,0,1,0.0,-1.0,0.0173187255859375,0.9589774436395113,0.3506113688151042,0.45417165631824596,0.3506113688151042
1470,49.0,0,0,1,0.0,-1.0,0.051396687825520836,0.8835597680655431,0.3431599934895833,0.462665606664569,0.3431599934895833
1471,49.03333333333333,0,0,1,0.0,-1.0,0.1784820556640625,0.6546626375313742,0.3481292724609375,0.4592694526043567,0.3481292724609375
1472,49.06666666666667,0,0,1,0.0,-1.0,0.14235432942708334,0.7141400288033652,0.3880716959635417,0.4158582136452367,0.3880716959635417
1473,49.1,0,0,1,0.0,-1.0,0.10344950358072917,0.7765631181785249,0.3689168294270833,0.4307437070387209,0.3689168294270833
1474,49.13333333333333,0,0,1,0.0,-1.0,0.08750406901041667,0.7899659415276887,0.351318359375,0.43658131830968616,0.351318359375
1475,49.166666666666664,0,0,1,0.0,-1.0,0.08916219075520833,0.7714205735024684,0.3231557210286458,0.4660688012056312,0.3231557210286458
1476,49.2,0,0,1,0.0,-1.0,0.152801513671875,0.640670224792964,0.3119303385416667,0.47109815402225264,0.3119303385416667
1477,49.233333333333334,0,0,1,0.0,-1.0,0.13092549641927084,0.6494027303740886,0.3552907307942708,0.39506079224545115,0.3552907307942708
1478,49.266666666666666,0,0,1,0.0,-1.0,0.0889892578125,0.6444084239100916,0.3604024251302083,0.3455143383394916,0.3604024251302083
1479,49.3,0,0,1,0.0,-1.0,0.046763102213541664,0.5740921046741729,0.3515981038411458,0.32705020382915,0.3515981038411458
1480,49.333333333333336,0,0,1,0.0,-1.0,0.012629191080729166,0.49368540445963544,0.3489735921223958,0.32551320393880206,0.3489735921223958
1481,49.36666666666667,0,0,1,0.0,-1.0,0.004933675130208333,0.5844130533430605,0.3576812744140625,0.32115936279296875,0.3576812744140625
1482,49.4,0,0,1,0.0,-1.0,0.006779988606770833,0.673053734625783,0.3575541178385417,0.3217741951116309,0.3575541178385417
1483,49.43333333333333,0,0,1,0.0,-1.0,0.0075225830078125,0.6841962687923916,0.3475494384765625,0.32810074375171344,0.3475494384765625
1484,49.46666666666667,0,0,1,0.0,-1.0,0.005915323893229167,0.7427621050616313,0.3359171549479167,0.3352314808649576,0.3359171549479167
1485,49.5,0,0,1,0.0,-1.0,0.006495157877604167,0.7392727501029706,0.3280181884765625,0.3403616915279367,0.3280181884765625
1486,49.53333333333333,0,0,1,0.0,-1.0,0.006205240885416667,0.7559602644078133,0.3301900227864583,0.34021702060681325,0.3301900227864583
1487,49.56666666666667,0,0,1,0.0,-1.0,0.006215413411458333,0.762949798126497,0.3385111490885417,0.33681764926841695,0.3385111490885417
1488,49.6,0,0,1,0.0,-1.0,0.006403605143229167,0.7672805908150069,0.3441314697265625,0.33464504003574963,0.3441314697265625
1489,49.63333333333333,0,0,1,0.0,-1.0,0.006378173828125,0.7788490187060992,0.3417765299479167,0.3362982727521216,0.3417765299479167
1490,49.666666666666664,0,0,1,0.0,-1.0,0.0062713623046875,0.7917459637657475,0.3326314290364583,0.3415222893167909,0.3326314290364583
1491,49.7,0,0,1,0.0,-1.0,0.0063629150390625,0.800766780667809,0.3235219319661458,0.3471699409981581,0.3235219319661458
1492,49.733333333333334,0,0,1,0.0,-1.0,0.009908040364583334,0.7374636371605275,0.3253733317057292,0.34560112578510976,0.3253733317057292
1493,49.766666666666666,0,0,1,0.0,-1.0,0.010335286458333334,0.7460021430749507,0.3388264973958333,0.33927715755969057,0.3388264973958333
1494,49.8,0,0,1,0.0,-1.0,0.013142903645833334,0.7292458282641547,0.3568267822265625,0.33496080464563327,0.3568267822265625
1495,49.833333333333336,0,0,1,0.0,-1.0,0.0128173828125,0.7627670140197181,0.3736317952473958,0.3285283591070844,0.3736317952473958
1496,49.86666666666667,0,0,1,0.0,-1.0,0.018076578776041668,0.7321082022681128,0.376220703125,0.33246531514979094,0.376220703125
1497,49.9,0,0,1,0.0,-1.0,0.018096923828125,0.7693618489347771,0.3716227213541667,0.33796778731175536,0.3716227213541667
1498,49.93333333333333,0,0,1,0.0,-1.0,0.0250091552734375,0.7451507247056122,0.3601786295572917,0.35215698383209487,0.3601786295572917
1499,49.96666666666667,0,0,1,0.0,-1.0,0.026585896809895832,0.7637499000497314,0.3617350260416667,0.35216941196989193,0.3617350260416667
1500,50.0,0,0,1,0.0,-1.0,0.019780476888020832,0.8043110233100154,0.3746541341145833,0.3386635482215052,0.3746541341145833
1501,50.03333333333333,0,0,1,0.0,-1.0,0.009058634440104166,0.8873641297261834,0.3942108154296875,0.3260349869374852,0.3942108154296875
1502,50.06666666666667,0,0,1,0.0,-1.0,0.0033721923828125,0.9528564574906879,0.4121653238932292,0.31549709863818937,0.4121653238932292
1503,50.1,0,0,1,0.0,-1.0,0.0031941731770833335,0.9538099775859585,0.4222666422526042,0.30938844033273266,0.4222666422526042
1504,50.13333333333333,0,0,1,0.0,-1.0,0.0025177001953125,0.9625782463651278,0.4245503743489583,0.3081032286157456,0.4245503743489583
1505,50.166666666666664,0,0,1,0.0,-1.0,0.07126363118489583,0.6207765128523696,0.4112548828125,0.34772760409576975,0.4112548828125
1506,50.2,0,0,1,0.0,-1.0,0.09803263346354167,0.6713490221239365,0.3641815185546875,0.41408728123193334,0.3641815185546875
1507,50.233333333333334,0,0,1,0.0,-1.0,0.1395111083984375,0.631866934865267,0.4197540283203125,0.3666133505909445,0.4197540283203125
1508,50.266666666666666,0,0,1,0.0,-1.0,0.17446390787760416,0.6065880206834608,0.4182586669921875,0.3815279669210644,0.4182586669921875
1509,50.3,0,0,1,0.0,-1.0,0.2182159423828125,0.5595764810138365,0.4262339274088542,0.37833356007564345,0.4262339274088542
1510,50.333333333333336,0,0,1,0.0,-1.0,0.2526957194010417,0.5270631843733088,0.4044189453125,0.40800451924800707,0.4044189453125
1511,50.36666666666667,0,0,1,0.0,-1.0,0.2813771565755208,0.5028481463367118,0.3933766682942708,0.42197478814922956,0.3933766682942708
1512,50.4,0,0,1,0.0,-1.0,0.3024444580078125,0.48177444695018545,0.3805694580078125,0.43822243376454295,0.3805694580078125
1513,50.43333333333333,0,0,1,0.0,-1.0,0.3091684977213542,0.48057623978199293,0.3811543782552083,0.44067444625086516,0.3811543782552083
1514,50.46666666666667,0,0,1,0.0,-1.0,0.3074493408203125,0.4867552523082798,0.3795522054036458,0.44405777089712145,0.3795522054036458
1515,50.5,0,0,1,0.0,-1.0,0.3036041259765625,0.48866648014005315,0.4071095784505208,0.41580496210134843,0.4071095784505208
1516,50.53333333333333,0,0,1,0.0,-1.0,0.3048909505208333,0.48681733641906993,0.4349924723307292,0.3896662538496758,0.4349924723307292
1517,50.56666666666667,0,0,1,0.0,-1.0,0.2894643147786458,0.5147013935666171,0.4176686604817708,0.4082345917122732,0.4176686604817708
1518,50.6,0,0,1,0.0,-1.0,0.2686818440755208,0.5531823545700436,0.3950703938802083,0.4322985893073973,0.3950703938802083
1519,50.63333333333333,0,0,1,0.0,-1.0,0.24881998697916666,0.5889560636186679,0.3667195638020833,0.4625348231141166,0.3667195638020833
1520,50.666666666666664,0,0,1,0.0,-1.0,0.22296651204427084,0.6288058846711715,0.3683420817057292,0.46087148670014005,0.3683420817057292
1521,50.7,0,0,1,0.0,-1.0,0.20644124348958334,0.6540934846602755,0.3826243082682292,0.4457776721823886,0.3826243082682292
1522,50.733333333333334,0,0,1,0.0,-1.0,0.19286600748697916,0.6743610281342074,0.38897705078125,0.4391583516088473,0.38897705078125
1523,50.766666666666666,0,0,1,0.0,-1.0,0.18234761555989584,0.689459342338941,0.3820444742838542,0.44627711554131205,0.3820444742838542
1524,50.8,0,0,1,0.0,-1.0,0.1699371337890625,0.7063270082763667,0.3760732014973958,0.4523113669384765,0.3760732014973958
1525,50.833333333333336,0,0,1,0.0,-1.0,0.1465911865234375,0.7395694536136512,0.3793589274088542,0.4486853786566667,0.3793589274088542
1526,50.86666666666667,0,0,1,0.0,-1.0,0.12353006998697917,0.7744499139455758,0.39208984375,0.4351809061178402,0.39208984375
1527,50.9,0,0,1,0.0,-1.0,0.09968058268229167,0.8126333505001426,0.4061126708984375,0.4201682778728597,0.4061126708984375
1528,50.93333333333333,0,0,1,0.0,-1.0,0.076812744140625,0.8511269788528455,0.4153696695963542,0.4100257637809157,0.4153696695963542
1529,50.96666666666667,0,0,1,0.0,-1.0,0.049550374348958336,0.9003490419649931,0.4155324300130208,0.40935746244230664,0.4155324300130208
1530,51.0,0,0,1,0.0,-1.0,0.0207977294921875,0.9565724289382694,0.4094645182291667,0.4156290389261871,0.4094645182291667
1531,51.03333333333333,0,0,1,0.0,-1.0,0.0059051513671875,0.987427785511692,0.3987579345703125,0.4270146613943364,0.3987579345703125
1532,51.06666666666667,0,0,1,0.0,-1.0,0.005411783854166667,0.9884673122195042,0.3887430826822917,0.4376734776734244,0.3887430826822917
1533,51.1,0,0,1,0.0,-1.0,0.0056610107421875,0.9879318094380196,0.3812611897786458,0.44519410702881224,0.3812611897786458
1534,51.13333333333333,0,0,1,0.0,-1.0,0.0057830810546875,0.9876632848924926,0.3774820963541667,0.4483560433119779,0.3774820963541667
1535,51.166666666666664,0,0,1,0.0,-1.0,0.006113688151041667,0.9869557312877145,0.3790842692057292,0.4455704798246073,0.3790842692057292
1536,51.2,0,0,1,0.0,-1.0,0.0068359375,0.985418198746997,0.380706787109375,0.44268595453338866,0.380706787109375
1537,51.233333333333334,0,0,1,0.0,-1.0,0.0065155029296875,0.9860817285992718,0.3782297770182292,0.4444397078896799,0.3782297770182292
1538,51.266666666666666,0,0,1,0.0,-1.0,0.007354736328125,0.984294060355015,0.3714752197265625,0.4512792581034122,0.3714752197265625
1539,51.3,0,0,1,0.0,-1.0,0.007771809895833333,0.9833983828424836,0.362030029296875,0.46139653383995904,0.362030029296875
1540,51.333333333333336,0,0,1,0.0,-1.0,0.007654825846354167,0.9836355019134246,0.3552449544270833,0.46852803985857316,0.3552449544270833
1541,51.36666666666667,0,0,1,0.0,-1.0,0.0080108642578125,0.98287795702707,0.3525644938151042,0.4703831609837367,0.3525644938151042
1542,51.4,0,0,1,0.0,-1.0,0.008504231770833334,0.9818241384689652,0.3522796630859375,0.46910206243192176,0.3522796630859375
1543,51.43333333333333,0,0,1,0.0,-1.0,0.008829752604166666,0.981126071815358,0.3535970052083333,0.4666860231169797,0.3535970052083333
1544,51.46666666666667,0,0,1,0.0,-1.0,0.01025390625,0.9781091636558161,0.3529103597005208,0.46786698621608946,0.3529103597005208
1545,51.5,0,0,1,0.0,-1.0,0.0155487060546875,0.9670178706519954,0.3483378092447917,0.4742623908319523,0.3483378092447917
1546,51.53333333333333,0,0,1,0.0,-1.0,0.021158854166666668,0.9554333847511962,0.3416493733723958,0.4828179864182404,0.3416493733723958
1547,51.56666666666667,0,0,1,0.0,-1.0,0.025416056315104168,0.9468276441914677,0.3385060628255208,0.48669422058126977,0.3385060628255208
1548,51.6,0,0,1,0.0,-1.0,0.027669270833333332,0.9424266024733314,0.3368937174479167,0.4876720357282454,0.3368937174479167
1549,51.63333333333333,0,0,1,0.0,-1.0,0.029805501302083332,0.9382518469283587,0.3359527587890625,0.4875393452523171,0.3359527587890625
1550,51.666666666666664,0,0,1,0.0,-1.0,0.0340728759765625,0.9297529501511661,0.3403371175130208,0.4817549739982998,0.3403371175130208
1551,51.7,0,0,1,0.0,-1.0,0.0366973876953125,0.9243585840612856,0.3433481852213542,0.478411313538045,0.3433481852213542
1552,51.733333333333334,0,0,1,0.0,-1.0,0.035196940104166664,0.9271003939564608,0.34588623046875,0.47588159861274226,0.34588623046875
1553,51.766666666666666,0,0,1,0.0,-1.0,0.035527547200520836,0.9263116083087194,0.346649169921875,0.4747302041152486,0.346649169921875
1554,51.8,0,0,1,0.0,-1.0,0.032847086588541664,0.9315325467988522,0.3420664469401042,0.47872412562948474,0.3420664469401042
1555,51.833333333333336,0,0,1,0.0,-1.0,0.029210408528645832,0.938645107862526,0.3371785481770833,0.48209584505921943,0.3371785481770833
1556,51.86666666666667,0,0,1,0.0,-1.0,0.023783365885416668,0.9495107287337059,0.3334757486979167,0.48449114541963856,0.3334757486979167
1557,51.9,0,0,1,0.0,-1.0,0.018178304036458332,0.9610352614004678,0.3355662027994792,0.4823632124976428,0.3355662027994792
1558,51.93333333333333,0,0,1,0.0,-1.0,0.016754150390625,0.9639453486508655,0.342498779296875,0.47745029292880076,0.342498779296875
1559,51.96666666666667,0,0,1,0.0,-1.0,0.016448974609375,0.9645524762199429,0.352752685546875,0.469844520525281,0.352752685546875
1560,52.0,0,0,1,0.0,-1.0,0.0161590576171875,0.9651583163847697,0.3612925211588542,0.46280509359550814,0.3612925211588542
1561,52.03333333333333,0,0,1,0.0,-1.0,0.0148773193359375,0.967857601020124,0.3623046875,0.4619769662153328,0.3623046875
1562,52.06666666666667,0,0,1,0.0,-1.0,0.0139007568359375,0.9699087407569891,0.3582814534505208,0.46559221175363585,0.3582814534505208
1563,52.1,0,0,1,0.0,-1.0,0.012898763020833334,0.9720255119151175,0.3521728515625,0.47145140444398614,0.3521728515625
1564,52.13333333333333,0,0,1,0.0,-1.0,0.012115478515625,0.9736802296662396,0.351531982421875,0.4724496502903554,0.351531982421875
1565,52.166666666666664,0,0,1,0.0,-1.0,0.010899861653645834,0.9762736863536318,0.3564402262369792,0.4681371523502972,0.3564402262369792
1566,52.2,0,0,1,0.0,-1.0,0.0101165771484375,0.9779488889178283,0.3630421956380208,0.4619752333880031,0.3630421956380208
1567,52.233333333333334,0,0,1,0.0,-1.0,0.009328206380208334,0.9796627481391948,0.3675486246744792,0.4575977785311115,0.3675486246744792
1568,52.266666666666666,0,0,1,0.0,-1.0,0.009195963541666666,0.9799673139136353,0.3678029378255208,0.45722903157228967,0.3678029378255208
1569,52.3,0,0,1,0.0,-1.0,0.008641560872395834,0.9811890609190513,0.367950439453125,0.45710407417011356,0.367950439453125
1570,52.333333333333336,0,0,1,0.0,-1.0,0.017384847005208332,0.9626257016789176,0.3692576090494792,0.45621377530227936,0.3692576090494792
1571,52.36666666666667,0,0,1,0.0,-1.0,0.041798909505208336,0.912697511170629,0.3757781982421875,0.4503516877638798,0.3757781982421875
1572,52.4,0,0,1,0.0,-1.0,0.062082926432291664,0.8727809743413621,0.3892618815104167,0.4373677754753036,0.3892618815104167
1573,52.43333333333333,0,0,1,0.0,-1.0,0.07632954915364583,0.8448341730733363,0.4039510091145833,0.4230211507877992,0.4039510091145833
1574,52.46666666666667,0,0,1,0.0,-1.0,0.09267679850260417,0.8136281201460236,0.4199167887369792,0.4073901217287472,0.4199167887369792
1575,52.5,0,0,1,0.0,-1.0,0.10220845540364583,0.7959160202075414,0.4290771484375,0.39836652163583575,0.4290771484375
1576,52.53333333333333,0,0,1,0.0,-1.0,0.10918172200520833,0.7827257252874327,0.4278615315755208,0.3992242240662199,0.4278615315755208
1577,52.56666666666667,0,0,1,0.0,-1.0,0.11405436197916667,0.7728930811705237,0.4334564208984375,0.39345983142886287,0.4334564208984375
1578,52.6,0,0,1,0.0,-1.0,0.1236419677734375,0.7539561267882905,0.4328460693359375,0.39355711330506105,0.4328460693359375
1579,52.63333333333333,0,0,1,0.0,-1.0,0.1199493408203125,0.7560241281250895,0.4284413655598958,0.39738176578387563,0.4284413655598958
1580,52.666666666666664,0,0,1,0.0,-1.0,0.11342366536458333,0.7620933445314285,0.42987060546875,0.3954406455768962,0.42987060546875
1581,52.7,0,0,1,0.0,-1.0,0.12606302897135416,0.7330054217136913,0.4261881510416667,0.3986767810854765,0.4261881510416667
1582,52.733333333333334,0,0,1,0.0,-1.0,0.131439208984375,0.7164574661406422,0.4277140299479167,0.39669388624127455,0.4277140299479167
1583,52.766666666666666,0,0,1,0.0,-1.0,0.11501057942708333,0.7427309389521655,0.4329477945963542,0.3919408087612527,0.4329477945963542
1584,52.8,0,0,1,0.0,-1.0,0.12825520833333334,0.7284319968816491,0.4249216715494792,0.4024191581856695,0.4249216715494792
1585,52.833333333333336,0,0,1,0.0,-1.0,0.1303558349609375,0.7274614150999106,0.4579925537109375,0.36964614026222953,0.4579925537109375
1586,52.86666666666667,0,0,1,0.0,-1.0,0.06856791178385417,0.8394067774698999,0.4662119547526042,0.3620903936204428,0.4662119547526042
1587,52.9,0,0,1,0.0,-1.0,0.050511678059895836,0.8782922972412762,0.4799448649088542,0.34988695281106563,0.4799448649088542
1588,52.93333333333333,0,0,1,0.0,-1.0,0.045110066731770836,0.8919601782987397,0.484832763671875,0.3458697593587682,0.484832763671875
1589,52.96666666666667,0,0,1,0.0,-1.0,0.036875406901041664,0.911916018364363,0.4832051595052083,0.34743451625417043,0.4832051595052083
1590,53.0,0,0,1,0.0,-1.0,0.033203125,0.9209456762496666,0.4802449544270833,0.3501406994457299,0.4802449544270833
1591,53.03333333333333,0,0,1,0.0,-1.0,0.030537923177083332,0.9272608014358059,0.4800465901692708,0.3503205752448799,0.4800465901692708
1592,53.06666666666667,0,0,1,0.0,-1.0,0.026423136393229168,0.9366522811980309,0.4843648274739583,0.3465423683107239,0.4843648274739583
1593,53.1,0,0,1,0.0,-1.0,0.0268402099609375,0.9357169638064788,0.4922231038411458,0.3397805154152054,0.4922231038411458
1594,53.13333333333333,0,0,1,0.0,-1.0,0.026387532552083332,0.9370198351640503,0.50091552734375,0.33232417870002434,0.50091552734375
1595,53.166666666666664,0,0,1,0.0,-1.0,0.025151570638020832,0.9401888439322061,0.5074971516927084,0.3266455465851085,0.5074971516927084
1596,53.2,0,0,1,0.0,-1.0,0.0255126953125,0.9395860027949066,0.5107930501302084,0.3237898251446013,0.5107930501302084
1597,53.233333333333334,0,0,1,0.0,-1.0,0.0284576416015625,0.9331870350709974,0.5087636311848959,0.32556976976601637,0.5087636311848959
1598,53.266666666666666,0,0,1,0.0,-1.0,0.033701578776041664,0.9221588462632075,0.5021820068359375,0.331362622795843,0.5021820068359375
1599,53.3,0,0,1,0.0,-1.0,0.037455240885416664,0.9148033531135691,0.4924062093098958,0.3400611299441455,0.4924062093098958
1600,53.333333333333336,0,0,1,0.0,-1.0,0.03521728515625,0.9201767692166096,0.4870198567708333,0.34488335099154055,0.4870198567708333
1601,53.36666666666667,0,0,1,0.0,-1.0,0.03515625,0.9205387502564707,0.4844462076822917,0.34721267701784975,0.4844462076822917
1602,53.4,0,0,1,0.0,-1.0,0.032582600911458336,0.9262895244721807,0.4861806233723958,0.34568094595781634,0.4861806233723958
1603,53.43333333333333,0,0,1,0.0,-1.0,0.028101603190104168,0.9361800779581729,0.4911956787109375,0.34119505752322987,0.4911956787109375
1604,53.46666666666667,0,0,1,0.0,-1.0,0.026387532552083332,0.9400700122886713,0.4974873860677083,0.33556622668463654,0.4974873860677083
1605,53.5,0,0,1,0.0,-1.0,0.027475992838541668,0.9378434748678688,0.502197265625,0.33132882518526885,0.502197265625
1606,53.53333333333333,0,0,1,0.0,-1.0,0.027837117513020832,0.937128338268822,0.5041097005208334,0.3295673390350113,0.5041097005208334
1607,53.56666666666667,0,0,1,0.0,-1.0,0.025975545247395832,0.9411692830410001,0.5035603841145834,0.3300259887784486,0.5035603841145834
1608,53.6,0,0,1,0.0,-1.0,0.022328694661458332,0.9490483860635787,0.5011393229166666,0.3322113649384384,0.5011393229166666
1609,53.63333333333333,0,0,1,0.0,-1.0,0.0184783935546875,0.9574628025230496,0.5001220703125,0.3331800158608287,0.5001220703125
1610,53.666666666666664,0,0,1,0.0,-1.0,0.017954508463541668,0.9585024571416099,0.4960276285807292,0.33687051706850346,0.4960276285807292
1611,53.7,0,0,1,0.0,-1.0,0.018931070963541668,0.9561926536708114,0.4929148356119792,0.3396521231129572,0.4929148356119792
1612,53.733333333333334,0,0,1,0.0,-1.0,0.019261678059895832,0.9553666715697371,0.48980712890625,0.34240589000859667,0.48980712890625
1613,53.766666666666666,0,0,1,0.0,-1.0,0.01910400390625,0.9556897515957992,0.4865926106770833,0.34527513366873647,0.4865926106770833
1614,53.8,0,0,1,0.0,-1.0,0.0188140869140625,0.9563020937030766,0.486785888671875,0.34510745861028524,0.486785888671875
1615,53.833333333333336,0,0,1,0.0,-1.0,0.017801920572916668,0.958535397819449,0.4913889567057292,0.34099923052892533,0.4913889567057292
1616,53.86666666666667,0,0,1,0.0,-1.0,0.017389933268229168,0.9594882789699757,0.4967397054036458,0.3362368760438219,0.4967397054036458
1617,53.9,0,0,1,0.0,-1.0,0.016713460286458332,0.961051503691009,0.5007069905598959,0.33269517899463136,0.5007069905598959
1618,53.93333333333333,0,0,1,0.0,-1.0,0.015874226888020832,0.9629884224536784,0.5024007161458334,0.3311752174081184,0.5024007161458334
1619,53.96666666666667,0,0,1,0.0,-1.0,0.014841715494791666,0.9653911500024406,0.5010884602864584,0.33233664452623957,0.5010884602864584
1620,54.0,0,0,1,0.0,-1.0,0.013926188151041666,0.9675317232013213,0.4992116292317708,0.33400922400541155,0.4992116292317708
1621,54.03333333333333,0,0,1,0.0,-1.0,0.0130462646484375,0.9696153872752984,0.4986470540364583,0.33450569719265255,0.4986470540364583
1622,54.06666666666667,0,0,1,0.0,-1.0,0.012959798177083334,0.9698957745148336,0.4994303385416667,0.3337784091324202,0.4994303385416667
1623,54.1,0,0,1,0.0,-1.0,0.015177408854166666,0.9649610153015016,0.5016530354817709,0.3317411351520133,0.5016530354817709
1624,54.13333333333333,0,0,1,0.0,-1.0,0.017384847005208332,0.9601212568479389,0.5033518473307291,0.330150747945362,0.5033518473307291
1625,54.166666666666664,0,0,1,0.0,-1.0,0.021977742513020832,0.950205677034498,0.5013376871744791,0.3317918580078618,0.5013376871744791
1626,54.2,0,0,1,0.0,-1.0,0.026611328125,0.9403927709641378,0.4991709391276042,0.33366430432738714,0.4991709391276042
1627,54.233333333333334,0,0,1,0.0,-1.0,0.0254364013671875,0.9429431647564805,0.5012563069661459,0.33181895526970706,0.5012563069661459
1628,54.266666666666666,0,0,1,0.0,-1.0,0.019587198893229168,0.9556783542573299,0.5018310546875,0.3313036791779504,0.5018310546875
1629,54.3,0,0,1,0.0,-1.0,0.015726725260416668,0.9642531983520454,0.5012563069661459,0.33176004912139034,0.5012563069661459
1630,54.333333333333336,0,0,1,0.0,-1.0,0.0171051025390625,0.9612796176800934,0.5020243326822916,0.33097343614661084,0.5020243326822916
1631,54.36666666666667,0,0,1,0.0,-1.0,0.018529256184895832,0.958265086052777,0.5039418538411459,0.329155034952197,0.5039418538411459
1632,54.4,0,0,1,0.0,-1.0,0.019022623697916668,0.9572919969309373,0.5045827229817709,0.32848083152402463,0.5045827229817709
1633,54.43333333333333,0,0,1,0.0,-1.0,0.018218994140625,0.9591464575246283,0.5036722819010416,0.3291728192922998,0.5036722819010416
1634,54.46666666666667,0,0,1,0.0,-1.0,0.015604654947916666,0.9649725495306634,0.50244140625,0.3301757223351763,0.50244140625
1635,54.5,0,0,1,0.0,-1.0,0.012674967447916666,0.971497509660588,0.5011749267578125,0.3312310803810008,0.5011749267578125
1636,54.53333333333333,0,0,1,0.0,-1.0,0.012029012044270834,0.9729926155033298,0.4986317952473958,0.33346100435613346,0.4986317952473958
1637,54.56666666666667,0,0,1,0.0,-1.0,0.011566162109375,0.974077240947536,0.4968159993489583,0.33508782749668675,0.4968159993489583
1638,54.6,0,0,1,0.0,-1.0,0.010981241861979166,0.9754336630665619,0.4947865804036458,0.3369068413020758,0.4947865804036458
1639,54.63333333333333,0,0,1,0.0,-1.0,0.010762532552083334,0.9759768205699655,0.4932352701822917,0.33831303440223165,0.4932352701822917
1640,54.666666666666664,0,0,1,0.0,-1.0,0.010533650716145834,0.9765219449023717,0.4916432698567708,0.3397488686169653,0.4916432698567708
1641,54.7,0,0,1,0.0,-1.0,0.01007080078125,0.9775961561705232,0.48974609375,0.3414777492161752,0.48974609375
1642,54.733333333333334,0,0,1,0.0,-1.0,0.010833740234375,0.9759779848019141,0.4879659016927083,0.343101376849389,0.4879659016927083
1643,54.766666666666666,0,0,1,0.0,-1.0,0.0118255615234375,0.9738712704525213,0.4865010579427083,0.34447624682036593,0.4865010579427083
1644,54.8,0,0,1,0.0,-1.0,0.011744181315104166,0.9741069910311677,0.4851837158203125,0.34571650393990594,0.4851837158203125
1645,54.833333333333336,0,0,1,0.0,-1.0,0.012613932291666666,0.9722835992281146,0.4837392171223958,0.347107777380807,0.4837392171223958
1646,54.86666666666667,0,0,1,0.0,-1.0,0.012980143229166666,0.9715320690929977,0.4823862711588542,0.34841029893245906,0.4823862711588542
1647,54.9,0,0,1,0.0,-1.0,0.0132293701171875,0.9710315156055924,0.4808197021484375,0.34990573730181906,0.4808197021484375
1648,54.93333333333333,0,0,1,0.0,-1.0,0.0132293701171875,0.9710734513585703,0.4800364176432292,0.3506691667784614,0.4800364176432292
1649,54.96666666666667,0,0,1,0.0,-1.0,0.013697306315104166,0.9701059181056665,0.4788970947265625,0.3517329217256153,0.4788970947265625
1650,55.0,0,0,1,0.0,-1.0,0.013712565104166666,0.9701003538104167,0.4780426025390625,0.35252830535553914,0.4780426025390625
1651,55.03333333333333,0,0,1,0.0,-1.0,0.013783772786458334,0.9699583222585821,0.4775492350260417,0.35299311511324083,0.4775492350260417
1652,55.06666666666667,0,0,1,0.0,-1.0,0.013722737630208334,0.9700944771819856,0.47650146484375,0.3539826641074877,0.47650146484375
1653,55.1,0,0,1,0.0,-1.0,0.013086954752604166,0.9714590546338411,0.4750315348307292,0.35539698480316717,0.4750315348307292
1654,55.13333333333333,0,0,1,0.0,-1.0,0.013153076171875,0.9713228908755258,0.4726969401041667,0.3576405353719023,0.4726969401041667
1655,55.166666666666664,0,0,1,0.0,-1.0,0.013275146484375,0.971063723105589,0.4696400960286458,0.3605855609742973,0.4696400960286458
1656,55.2,0,0,1,0.0,-1.0,0.013580322265625,0.970411307730725,0.4660288492838542,0.36406404955675115,0.4660288492838542
1657,55.233333333333334,0,0,1,0.0,-1.0,0.013493855794270834,0.9705987709366739,0.4627532958984375,0.36722333127944734,0.4627532958984375
1658,55.266666666666666,0,0,1,0.0,-1.0,0.013092041015625,0.9714618610858818,0.4595082600911458,0.3703194457350492,0.4595082600911458
1659,55.3,0,0,1,0.0,-1.0,0.012237548828125,0.973302371911817,0.4554850260416667,0.37410217055276096,0.4554850260416667
1660,55.333333333333336,0,0,1,0.0,-1.0,0.0116119384765625,0.9746604588062522,0.4514923095703125,0.37783179438142245,0.4514923095703125
1661,55.36666666666667,0,0,1,0.0,-1.0,0.011011759440104166,0.9759702686904492,0.44830322265625,0.38081286375391465,0.44830322265625
1662,55.4,0,0,1,0.0,-1.0,0.010004679361979166,0.9781644550952984,0.4463043212890625,0.38269583418969044,0.4463043212890625
1663,55.43333333333333,0,0,1,0.0,-1.0,0.009267171223958334,0.9797786127877461,0.4450836181640625,0.3838552491162791,0.4450836181640625
1664,55.46666666666667,0,0,1,0.0,-1.0,0.009129842122395834,0.9801024320192343,0.4441019694010417,0.38477082916842786,0.4441019694010417
1665,55.5,0,0,1,0.0,-1.0,0.008707682291666666,0.9810419122785987,0.4431915283203125,0.38557683575237744,0.4431915283203125
1666,55.53333333333333,0,0,1,0.0,-1.0,0.008534749348958334,0.981447741031702,0.441864013671875,0.3867236823472574,0.441864013671875
1667,55.56666666666667,0,0,1,0.0,-1.0,0.00823974609375,0.9821046094936419,0.440582275390625,0.3877892699060734,0.440582275390625
1668,55.6,0,0,1,0.0,-1.0,0.008168538411458334,0.9822870204066754,0.439361572265625,0.388789184352751,0.439361572265625
1669,55.63333333333333,0,0,1,0.0,-1.0,0.007771809895833333,0.9831672851576123,0.4385833740234375,0.38937398247667204,0.4385833740234375
1670,55.666666666666664,0,0,1,0.0,-1.0,0.007593790690104167,0.983574706485078,0.4375813802083333,0.39017631392886715,0.4375813802083333
1671,55.7,0,0,1,0.0,-1.0,0.007619222005208333,0.9835437284976851,0.4359334309895833,0.39160303374048877,0.4359334309895833
1672,55.733333333333334,0,0,1,0.0,-1.0,0.007481892903645833,0.9838584189956053,0.434356689453125,0.39297825044365076,0.434356689453125
1673,55.766666666666666,0,0,1,0.0,-1.0,0.0076904296875,0.9834305162088826,0.4334309895833333,0.3938475932768911,0.4334309895833333
1674,55.8,0,0,1,0.0,-1.0,0.007695515950520833,0.9834415272569883,0.433349609375,0.39397459770303217,0.433349609375
1675,55.833333333333336,0,0,1,0.0,-1.0,0.007268269856770833,0.9843669768062318,0.4338175455729167,0.3935616089217616,0.4338175455729167
1676,55.86666666666667,0,0,1,0.0,-1.0,0.0103302001953125,0.9778838615506562,0.4339141845703125,0.3934223970174917,0.4339141845703125
1677,55.9,0,0,1,0.0,-1.0,0.020594278971354168,0.9565037338338969,0.4335886637369792,0.3935962789798247,0.4335886637369792
1678,55.93333333333333,0,0,1,0.0,-1.0,0.0276641845703125,0.9421475962109569,0.433807373046875,0.3931504521182866,0.433807373046875
1679,55.96666666666667,0,0,1,0.0,-1.0,0.031611124674479164,0.9342846289598566,0.4315032958984375,0.3951402663834777,0.4315032958984375
1680,56.0,0,0,1,0.0,-1.0,0.029154459635416668,0.9393974231412525,0.4338938395182292,0.3927259174093653,0.4338938395182292
1681,56.03333333333333,0,0,1,0.0,-1.0,0.055135091145833336,0.8894022178024032,0.4339345296223958,0.3930778434473262,0.4339345296223958
1682,56.06666666666667,0,0,1,0.0,-1.0,0.0754241943359375,0.8534531613965942,0.4286295572916667,0.3988487126122122,0.4286295572916667
1683,56.1,0,0,1,0.0,-1.0,0.08575948079427083,0.8366248433961214,0.4262491861979167,0.4016614921236286,0.4262491861979167
1684,56.13333333333333,0,0,1,0.0,-1.0,0.08045450846354167,0.8468469845418974,0.4251759847005208,0.402995241987598,0.4251759847005208
1685,56.166666666666664,0,0,1,0.0,-1.0,0.057795206705729164,0.8877444385672728,0.425506591796875,0.40278100528822947,0.425506591796875
1686,56.2,1,1,1,0.0,-1.0,0.035085042317708336,0.9302305664324577,0.428375244140625,0.39998814515566994,0.428375244140625
1687,56.233333333333334,1,1,1,0.0,-1.0,0.015553792317708334,0.9683770586799231,0.4300944010416667,0.3982395969102893,0.4300944010416667
1688,56.266666666666666,1,1,1,0.0,-1.0,0.0112457275390625,0.9770043511752338,0.4312489827473958,0.39704649140937215,0.4312489827473958
1689,56.3,1,1,1,0.0,-1.0,0.009958902994791666,0.9796157769356353,0.4319407145182292,0.396288656108685,0.4319407145182292
1690,56.333333333333336,1,1,1,0.0,-1.0,0.011205037434895834,0.9771196587910749,0.4305318196614583,0.3975628492018266,0.4305318196614583
1691,56.36666666666667,1,1,1,0.0,-1.0,0.012237548828125,0.9750781755762645,0.4280497233072917,0.3999041219146309,0.4280497233072917
1692,56.4,1,1,1,0.0,-1.0,0.014760335286458334,0.9700745446066958,0.4245096842447917,0.40336058865775093,0.4245096842447917
1693,56.43333333333333,1,1,1,0.0,-1.0,0.016184488932291668,0.9673183838310071,0.4195760091145833,0.40830801479990275,0.4195760091145833
1694,56.46666666666667,1,1,1,0.0,-1.0,0.018117268880208332,0.9635981508528744,0.4149525960286458,0.4130477277147039,0.4149525960286458
1695,56.5,1,1,1,0.0,-1.0,0.0196685791015625,0.9606745797262837,0.4123128255208333,0.4158561580724088,0.4123128255208333
1696,56.53333333333333,1,1,1,0.0,-1.0,0.021219889322916668,0.9577686543822898,0.4112447102864583,0.4170617455790488,0.4112447102864583
1697,56.56666666666667,1,1,1,0.0,-1.0,0.022013346354166668,0.9563596295374395,0.4114125569661458,0.41697291850108437,0.4114125569661458
1698,56.6,1,1,1,0.0,-1.0,0.0235748291015625,0.9534766439462933,0.4122772216796875,0.4161416710552529,0.4122772216796875
1699,56.63333333333333,1,1,1,0.0,-1.0,0.025075276692708332,0.9507146590741025,0.4126230875651042,0.41580581389587434,0.4126230875651042
1700,56.666666666666664,1,1,1,0.0,-1.0,0.026158650716145832,0.9487538771372411,0.4132080078125,0.41521451293542666,0.4132080078125
1701,56.7,1,1,1,0.0,-1.0,0.027496337890625,0.9463103116015656,0.4138387044270833,0.4145698917568659,0.4138387044270833
1702,56.733333333333334,1,1,1,0.0,-1.0,0.0285491943359375,0.9443937700281579,0.4115041097005208,0.41687932810690276,0.4115041097005208
1703,56.766666666666666,1,1,1,0.0,-1.0,0.030125935872395832,0.9414718284872947,0.4072723388671875,0.4210654057057017,0.4072723388671875
1704,56.8,1,1,1,0.0,-1.0,0.031346638997395836,0.9392058852435956,0.4031626383463542,0.4250570830266957,0.4031626383463542
1705,56.833333333333336,1,1,1,0.0,-1.0,0.0327301025390625,0.9366116136621847,0.4011383056640625,0.42679423730866467,0.4011383056640625
1706,56.86666666666667,1,1,1,0.0,-1.0,0.034525553385416664,0.9332186937039326,0.4002583821614583,0.42722464601267446,0.4002583821614583
1707,56.9,1,1,1,0.0,-1.0,0.037333170572916664,0.927910888657207,0.3997853597005208,0.4271913931940415,0.3997853597005208
1708,56.93333333333333,1,1,1,0.0,-1.0,0.040242513020833336,0.9223993535443494,0.3987630208333333,0.4278172548422903,0.3987630208333333
1709,56.96666666666667,1,1,1,0.0,-1.0,0.0429534912109375,0.9172378926822111,0.3980916341145833,0.42815726159166,0.3980916341145833
1710,57.0,1,1,1,0.0,-1.0,0.046173095703125,0.9111247000322896,0.3989919026692708,0.42687150201305313,0.3989919026692708
1711,57.03333333333333,1,1,1,0.0,-1.0,0.048624674479166664,0.906395708261212,0.3995259602864583,0.42594432724873854,0.3995259602864583
1712,57.06666666666667,1,1,1,0.0,-1.0,0.054453531901041664,0.8956434176162213,0.4026285807291667,0.4227588663869152,0.4026285807291667
1713,57.1,1,1,1,0.0,-1.0,0.075347900390625,0.8588727317871698,0.4141337076822917,0.41210634132646456,0.4141337076822917
1714,57.13333333333333,1,1,1,0.0,-1.0,0.08450826009114583,0.8437017240707235,0.4188385009765625,0.4081305430317533,0.4188385009765625
1715,57.166666666666664,1,1,1,0.0,-1.0,0.07108561197916667,0.8670055397860804,0.4228871663411458,0.40409978739940533,0.4228871663411458
1716,57.2,1,1,1,0.0,-1.0,0.062357584635416664,0.8822712276249438,0.4253946940104167,0.40146161642956557,0.4253946940104167
1717,57.233333333333334,1,1,1,0.0,-1.0,0.057856241861979164,0.8901387500997096,0.423553466796875,0.40298287337984917,0.423553466796875
1718,57.266666666666666,1,1,1,0.0,-1.0,0.055745442708333336,0.8937315265443244,0.4203440348307292,0.405713627738879,0.4203440348307292
1719,57.3,1,1,1,0.0,-1.0,0.056360880533854164,0.8923567425155599,0.4194183349609375,0.40602484426139107,0.4194183349609375
1720,57.333333333333336,1,1,1,0.0,-1.0,0.058497111002604164,0.8881876374621558,0.4198150634765625,0.40487389480970026,0.4198150634765625
1721,57.36666666666667,1,1,1,0.0,-1.0,0.058904012044270836,0.8869758751593223,0.4255421956380208,0.3983728375873058,0.4255421956380208
1722,57.4,1,1,1,0.0,-1.0,0.058644612630208336,0.8866042632083189,0.430755615234375,0.3923138948050958,0.430755615234375
1723,57.43333333333333,1,1,1,0.0,-1.0,0.059417724609375,0.8839066719878466,0.4376169840494792,0.3844120182068182,0.4376169840494792
1724,57.46666666666667,1,1,1,0.0,-1.0,0.0597381591796875,0.881726035556712,0.4384206136067708,0.38221327215437284,0.4384206136067708
1725,57.5,1,1,1,0.0,-1.0,0.056610107421875,0.8859750120461337,0.4363555908203125,0.38284665493308795,0.4363555908203125
1726,57.53333333333333,1,1,1,0.0,-1.0,0.056233723958333336,0.8851582757589906,0.4319101969401042,0.3863832144210435,0.4319101969401042
1727,57.56666666666667,1,1,1,0.0,-1.0,0.05712890625,0.8820001861980392,0.4280598958333333,0.3900689216485912,0.4280598958333333
1728,57.6,1,1,1,0.0,-1.0,0.058497111002604164,0.877596068999166,0.4245351155598958,0.39418266502308547,0.4245351155598958
1729,57.63333333333333,1,1,1,0.0,-1.0,0.058558146158854164,0.8753881106807521,0.4315338134765625,0.3881546093406896,0.4315338134765625
1730,57.666666666666664,1,1,1,0.0,-1.0,0.056783040364583336,0.8762719478472338,0.4445749918619792,0.37618500710619207,0.4445749918619792
1731,57.7,1,1,1,0.0,-1.0,0.05499267578125,0.8759993781729642,0.4588826497395833,0.36246711585060976,0.4588826497395833
1732,57.733333333333334,1,1,1,0.0,-1.0,0.052892049153645836,0.87451359558284,0.47064208984375,0.3501070263763507,0.47064208984375
1733,57.766666666666666,1,1,1,0.0,-1.0,0.0519561767578125,0.8678889821783856,0.4843292236328125,0.33453185837936883,0.4843292236328125
1734,57.8,1,1,1,0.0,-1.0,0.051111857096354164,0.857288376368972,0.4987284342447917,0.31722035432578416,0.4987284342447917
1735,57.833333333333336,1,1,1,0.0,-1.0,0.047220865885416664,0.8513580542997043,0.5223337809244791,0.2919703852105453,0.5223337809244791
1736,57.86666666666667,1,1,1,0.0,-1.0,0.038055419921875,0.8618047056577773,0.5448862711588541,0.2693835166693874,0.5448862711588541
1737,57.9,1,1,1,0.0,-1.0,0.02880859375,0.879944643174461,0.5573832194010416,0.25753579269725596,0.5573832194010416
1738,57.93333333333333,1,1,1,0.0,-1.0,0.0242919921875,0.8883146384011522,0.5668284098307291,0.24952402824383826,0.5668284098307291
1739,57.96666666666667,1,1,1,0.0,-1.0,0.02130126953125,0.8947059300350246,0.5779774983723959,0.24079053165099465,0.5779774983723959
1740,58.0,1,1,1,0.0,-1.0,0.017552693684895832,0.9070420033601663,0.5892232259114584,0.23196627476667742,0.5892232259114584
1741,58.03333333333333,1,1,1,0.0,-1.0,0.016352335611979168,0.908724678239371,0.5985107421875,0.22500572151489143,0.5985107421875
1742,58.06666666666667,1,1,1,0.0,-1.0,0.015421549479166666,0.9098379595744723,0.6036275227864584,0.22083915807909854,0.6036275227864584
1743,58.1,1,1,1,0.0,-1.0,0.012044270833333334,0.9250631923381041,0.6032460530598959,0.22059706111583027,0.6032460530598959
1744,58.13333333333333,1,1,1,0.0,-1.0,0.014678955078125,0.9077123724294924,0.6015167236328125,0.22156155768746824,0.6015167236328125
1745,58.166666666666664,1,1,1,0.0,-1.0,0.016184488932291668,0.898706465605414,0.6009267171223959,0.22176773534659366,0.6009267171223959
1746,58.2,1,1,1,0.0,-1.0,0.018030802408854168,0.887140485023691,0.6068623860677084,0.21670525236697818,0.6068623860677084
1747,58.233333333333334,1,1,1,0.0,-1.0,0.0165252685546875,0.8935421614621946,0.6148478190104166,0.21122337482903483,0.6148478190104166
1748,58.266666666666666,1,1,1,0.0,-1.0,0.016225179036458332,0.8946839275343625,0.6209208170572916,0.20791171076251408,0.6209208170572916
1749,58.3,1,1,1,0.0,-1.0,0.0170440673828125,0.8886085359182959,0.62298583984375,0.20794885574229222,0.62298583984375
1750,58.333333333333336,1,1,1,0.0,-1.0,0.016316731770833332,0.8910611773944218,0.6290486653645834,0.20464023713473303,0.6290486653645834
1751,58.36666666666667,1,1,1,0.0,-1.0,0.015970865885416668,0.8898826542708564,0.634368896484375,0.2011121655961134,0.634368896484375
1752,58.4,1,1,1,0.0,-1.0,0.015950520833333332,0.8887616973337058,0.6373291015625,0.19922287993179494,0.6373291015625
1753,58.43333333333333,1,1,1,0.0,-1.0,0.020182291666666668,0.8669574897065915,0.6330057779947916,0.20287546712954851,0.6330057779947916
1754,58.46666666666667,1,1,1,0.0,-1.0,0.0225372314453125,0.8635536646693174,0.6237386067708334,0.21035656897782085,0.6237386067708334
1755,58.5,1,1,1,0.0,-1.0,0.024592081705729168,0.8667546966844966,0.613861083984375,0.21924656308174076,0.613861083984375
1756,58.53333333333333,1,1,1,0.0,-1.0,0.030054728190104168,0.8593552327462475,0.5994466145833334,0.2328492493831887,0.5994466145833334
1757,58.56666666666667,1,1,1,0.0,-1.0,0.0290069580078125,0.8788250338313393,0.5963083902994791,0.2380706206500461,0.5963083902994791
1758,58.6,1,1,1,0.0,-1.0,0.0287017822265625,0.8905141130055351,0.5968221028645834,0.24014664197195718,0.5968221028645834
1759,58.63333333333333,1,1,1,0.0,-1.0,0.033884684244791664,0.8809265285468251,0.6011454264322916,0.23886083995119234,0.6011454264322916
1760,58.666666666666664,1,1,1,0.0,-1.0,0.046407063802083336,0.8475416726390109,0.6070404052734375,0.235115880750003,0.6070404052734375
1761,58.7,1,1,1,0.0,-1.0,0.0543365478515625,0.8255710293967449,0.6150105794270834,0.22909869572339056,0.6150105794270834
1762,58.733333333333334,1,1,1,0.0,-1.0,0.0562286376953125,0.818946846872145,0.6178538004557291,0.22683761062760505,0.6178538004557291
1763,58.766666666666666,1,1,1,0.0,-1.0,0.054484049479166664,0.8216904264319831,0.6143544514973959,0.22882542708816267,0.6143544514973959
1764,58.8,1,1,1,0.0,-1.0,0.0531005859375,0.8228453661391438,0.6069844563802084,0.23386254121312006,0.6069844563802084
1765,58.833333333333336,1,1,1,0.0,-1.0,0.052886962890625,0.8218631539881116,0.6035614013671875,0.23614258960428897,0.6035614013671875
1766,58.86666666666667,1,1,1,0.0,-1.0,0.052881876627604164,0.8219526119216662,0.6121978759765625,0.22992614018963703,0.6121978759765625
1767,58.9,1,1,1,0.0,-1.0,0.0560150146484375,0.815996526767633,0.6131235758463541,0.23050576360621183,0.6131235758463541
1768,58.93333333333333,1,1,1,0.0,-1.0,0.052088419596354164,0.83141440790951,0.6171875,0.22864474775055071,0.6171875
1769,58.96666666666667,1,1,1,0.0,-1.0,0.047810872395833336,0.8460136250238106,0.6230875651041666,0.22521107921888894,0.6230875651041666
1770,59.0,1,1,1,0.0,-1.0,0.0492095947265625,0.8436642928777216,0.6265157063802084,0.22332456588567687,0.6265157063802084
1771,59.03333333333333,1,1,1,0.0,-1.0,0.053792317708333336,0.8337755885501411,0.6196085611979166,0.22921992161911622,0.6196085611979166
1772,59.06666666666667,1,1,1,0.0,-1.0,0.0477294921875,0.8540342720189369,0.6129404703776041,0.23460426812398205,0.6129404703776041
1773,59.1,1,1,1,0.0,-1.0,0.044952392578125,0.8646345040320275,0.6072794596354166,0.2390574323315861,0.6072794596354166
1774,59.13333333333333,1,1,1,0.0,-1.0,0.045745849609375,0.8636123849487791,0.6053924560546875,0.2405834597045625,0.6053924560546875
1775,59.166666666666664,1,1,1,0.0,-1.0,0.047297159830729164,0.8585505708794041,0.608673095703125,0.23836392454778838,0.608673095703125
1776,59.2,1,1,1,0.0,-1.0,0.042409261067708336,0.8709150669420946,0.6134033203125,0.23549864217046396,0.6134033203125
1777,59.233333333333334,1,1,1,0.0,-1.0,0.039774576822916664,0.8777097585620526,0.6205647786458334,0.2308375398773791,0.6205647786458334
1778,59.266666666666666,1,1,1,0.0,-1.0,0.0341644287109375,0.892911358218837,0.6294759114583334,0.22459940735957468,0.6294759114583334
1779,59.3,1,1,1,0.0,-1.0,0.0295867919921875,0.9049963877631098,0.6347808837890625,0.22077715949381854,0.6347808837890625
1780,59.333333333333336,1,1,1,0.0,-1.0,0.0278472900390625,0.9087245712935985,0.6387176513671875,0.21770825323906667,0.6387176513671875
1781,59.36666666666667,1,1,1,0.0,-1.0,0.024607340494791668,0.9173680894615825,0.640167236328125,0.2164000914084741,0.640167236328125
1782,59.4,1,1,1,0.0,-1.0,0.020838419596354168,0.928440948984924,0.641876220703125,0.21491272961715197,0.641876220703125
1783,59.43333333333333,1,1,1,0.0,-1.0,0.018376668294270832,0.9358945449426739,0.644287109375,0.21320940199383853,0.644287109375
1784,59.46666666666667,1,1,1,0.0,-1.0,0.0166778564453125,0.9415745500364494,0.6483408610026041,0.2106608640494495,0.6483408610026041
1785,59.5,1,1,1,0.0,-1.0,0.015716552734375,0.9452563838322536,0.6539560953776041,0.20707136806822724,0.6539560953776041
1786,59.53333333333333,1,1,1,0.0,-1.0,0.01312255859375,0.9544344859342452,0.6592661539713541,0.20360746185490797,0.6592661539713541
1787,59.56666666666667,1,1,1,0.0,-1.0,0.008906046549479166,0.9687714793144431,0.6643880208333334,0.20015236371427436,0.6643880208333334
1788,59.6,1,1,1,0.0,-1.0,0.008646647135416666,0.9693584507588727,0.6687266031901041,0.19713645814292846,0.6687266031901041
1789,59.63333333333333,1,1,1,0.0,-1.0,0.012624104817708334,0.954925370243178,0.6721750895182291,0.194727322520796,0.6721750895182291
1790,59.666666666666664,1,1,1,0.0,-1.0,0.016805013020833332,0.9394842608123273,0.6763356526692709,0.191896830448321,0.6763356526692709
1791,59.7,1,1,1,0.0,-1.0,0.0195770263671875,0.9290212207489814,0.6900482177734375,0.18247747050776497,0.6900482177734375
1792,59.733333333333334,1,1,1,0.0,-1.0,0.021453857421875,0.9216690330738719,0.6965535481770834,0.1781649385442908,0.6965535481770834
1793,59.766666666666666,1,1,1,0.0,-1.0,0.0158233642578125,0.9404729357735536,0.7038014729817709,0.17334171424566286,0.7038014729817709
1794,59.8,1,1,1,0.0,-1.0,0.020762125651041668,0.9228296148964048,0.7063547770182291,0.17178409875741874,0.7063547770182291
1795,59.833333333333336,1,1,1,0.0,-1.0,0.046819051106770836,0.8395907488051639,0.7112833658854166,0.16857796499111677,0.7112833658854166
1796,59.86666666666667,1,1,1,0.0,-1.0,0.0723419189453125,0.7723338163717959,0.7121480305989584,0.16810172771539345,0.7121480305989584
1797,59.9,1,1,1,0.0,-1.0,0.08906046549479167,0.7368836588556736,0.7185109456380209,0.1637976534949933,0.7185109456380209
1798,59.93333333333333,1,1,1,0.0,-1.0,0.09505716959635417,0.7271340836713809,0.7206522623697916,0.1623266129559561,0.7206522623697916
1799,59.96666666666667,1,1,1,0.0,-1.0,0.087493896484375,0.7469413370432088,0.721588134765625,0.1616602644768268,0.721588134765625
1800,60.0,1,1,1,0.0,-1.0,0.06937662760416667,0.7918539138392884,0.7223256429036459,0.16113102322647838,0.7223256429036459
1801,60.03333333333333,1,1,1,0.0,-1.0,0.057703653971354164,0.8236561481479034,0.7233632405598959,0.16036187435056543,0.7233632405598959
1802,60.06666666666667,1,1,1,0.0,-1.0,0.056950887044270836,0.8261340656611346,0.727386474609375,0.15769296015801262,0.727386474609375
1803,60.1,1,1,1,0.0,-1.0,0.0535736083984375,0.8331725669273835,0.7318623860677084,0.15475169854662274,0.7318623860677084
1804,60.13333333333333,1,1,1,0.0,-1.0,0.046183268229166664,0.852092910998747,0.7356313069661459,0.15227415559891144,0.7356313069661459
1805,60.166666666666664,1,1,1,0.0,-1.0,0.041920979817708336,0.8634358651217111,0.7396901448567709,0.1495756351737423,0.7396901448567709
1806,60.2,1,1,1,0.0,-1.0,0.035980224609375,0.8812743627967565,0.7455342610677084,0.145681486821548,0.7455342610677084
1807,60.233333333333334,1,1,1,0.0,-1.0,0.032262166341145836,0.8928688346252343,0.7496846516927084,0.1428940128336826,0.7496846516927084
1808,60.266666666666666,1,1,1,0.0,-1.0,0.031687418619791664,0.8948746792841042,0.7523905436197916,0.14106035650640658,0.7523905436197916
1809,60.3,1,1,1,0.0,-1.0,0.030415852864583332,0.8991955795427997,0.7561187744140625,0.13861003441995154,0.7561187744140625
1810,60.333333333333336,1,1,1,0.0,-1.0,0.028635660807291668,0.9052098840958817,0.7562357584635416,0.138533045689087,0.7562357584635416
1811,60.36666666666667,1,1,1,0.0,-1.0,0.030003865559895832,0.9017140463813829,0.7547658284505209,0.1395218670496901,0.7547658284505209
1812,60.4,1,1,1,0.0,-1.0,0.028447469075520832,0.9069965707437269,0.7531178792317709,0.14065606042345502,0.7531178792317709
1813,60.43333333333333,1,1,1,0.0,-1.0,0.024220784505208332,0.9202812186789244,0.752349853515625,0.1412086094880931,0.752349853515625
1814,60.46666666666667,1,1,1,0.0,-1.0,0.029047648111979168,0.905388802838543,0.75213623046875,0.14139863724683913,0.75213623046875
1815,60.5,1,1,1,0.0,-1.0,0.043294270833333336,0.8628758688980798,0.7498524983723959,0.14293137837320014,0.7498524983723959
1816,60.53333333333333,1,1,1,0.0,-1.0,0.048329671223958336,0.8477148548523671,0.7446492513020834,0.14636092206474102,0.7446492513020834
1817,60.56666666666667,1,1,1,0.0,-1.0,0.049112955729166664,0.8457076852444971,0.7366129557291666,0.151662623298126,0.7366129557291666
1818,60.6,1,1,1,0.0,-1.0,0.049875895182291664,0.8445300440741037,0.7279052734375,0.15743878519108778,0.7279052734375
1819,60.63333333333333,1,1,1,0.0,-1.0,0.050089518229166664,0.8475818452221149,0.71124267578125,0.16873522482896322,0.71124267578125
1820,60.666666666666664,1,1,1,0.0,-1.0,0.03436279296875,0.8926288262014006,0.7145945231119791,0.16639335240425143,0.7145945231119791
1821,60.7,1,1,1,0.0,-1.0,0.026804606119791668,0.9134875378232672,0.7162984212239584,0.16524037895274085,0.7162984212239584
1822,60.733333333333334,1,1,1,0.0,-1.0,0.025370279947916668,0.9179329978973544,0.71954345703125,0.16306607485030988,0.71954345703125
1823,60.766666666666666,1,1,1,0.0,-1.0,0.026214599609375,0.915092549462443,0.7223561604817709,0.1611841867139755,0.7223561604817709
1824,60.8,1,1,1,0.0,-1.0,0.025538126627604168,0.9167490949785383,0.7254384358723959,0.15911701441047071,0.7254384358723959
1825,60.833333333333336,1,1,1,0.0,-1.0,0.020955403645833332,0.9305133515564268,0.72772216796875,0.15758276804901994,0.72772216796875
1826,60.86666666666667,1,1,1,0.0,-1.0,0.0187225341796875,0.9368169807661328,0.7306162516276041,0.1556227536247939,0.7306162516276041
1827,60.9,1,1,1,0.0,-1.0,0.018198649088541668,0.937589146571546,0.7301076253255209,0.15592801915925444,0.7301076253255209
1828,60.93333333333333,1,1,1,0.0,-1.0,0.023162841796875,0.9207738732480006,0.7295125325520834,0.15627242065309102,0.7295125325520834
1829,60.96666666666667,1,1,1,0.0,-1.0,0.0279388427734375,0.9051545164811836,0.7273712158203125,0.15766080242138644,0.7273712158203125
1830,61.0,1,1,1,0.0,-1.0,0.032079060872395836,0.8921241399107869,0.7260894775390625,0.15845859543796365,0.7260894775390625
1831,61.03333333333333,1,1,1,0.0,-1.0,0.035288492838541664,0.882169172207582,0.7256215413411459,0.1586983293540582,0.7256215413411459
1832,61.06666666666667,1,1,1,0.0,-1.0,0.048746744791666664,0.8451098507614575,0.7175089518229166,0.16427732671393216,0.7175089518229166
1833,61.1,1,1,1,0.0,-1.0,0.05133056640625,0.8385141773760885,0.725555419921875,0.15867402976485118,0.725555419921875
1834,61.13333333333333,1,1,1,0.0,-1.0,0.044336954752604164,0.8570673862633877,0.7296498616536459,0.15597311228892158,0.7296498616536459
1835,61.166666666666664,1,1,1,0.0,-1.0,0.0570220947265625,0.8249383532643229,0.7199045817057291,0.1627030104008037,0.7199045817057291
1836,61.2,1,1,1,0.0,-1.0,0.056360880533854164,0.8277310370595364,0.7188771565755209,0.16338880777280473,0.7188771565755209
1837,61.233333333333334,1,1,1,0.0,-1.0,0.051676432291666664,0.8416760819663532,0.715179443359375,0.16603805260117155,0.715179443359375
1838,61.266666666666666,1,1,1,0.0,-1.0,0.056833902994791664,0.8316216500972795,0.718353271484375,0.16390495596335392,0.718353271484375
1839,61.3,1,1,1,0.0,-1.0,0.059514363606770836,0.8271050018767956,0.714935302734375,0.1662017232701683,0.714935302734375
1840,61.333333333333336,1,1,1,0.0,-1.0,0.0631256103515625,0.8189246323767534,0.7184702555338541,0.16380025479446828,0.7184702555338541
1841,61.36666666666667,1,1,1,0.0,-1.0,0.055597941080729164,0.8347800616203975,0.730133056640625,0.15598012830015912,0.730133056640625
1842,61.4,1,1,1,0.0,-1.0,0.041361490885416664,0.8681641210214013,0.7366587320963541,0.15160546690130372,0.7366587320963541
1843,61.43333333333333,1,1,1,0.0,-1.0,0.027684529622395832,0.9060489988237762,0.7386932373046875,0.1502166910490167,0.7386932373046875
1844,61.46666666666667,1,1,1,0.0,-1.0,0.023539225260416668,0.9187670125893446,0.7368876139322916,0.15144087285499935,0.7368876139322916
1845,61.5,1,1,1,0.0,-1.0,0.024571736653645832,0.9174505347931821,0.7309010823567709,0.1554625434773989,0.7309010823567709
1846,61.53333333333333,1,1,1,0.0,-1.0,0.026555379231770832,0.9137888785859988,0.7250417073567709,0.15939202891402765,0.7250417073567709
1847,61.56666666666667,1,1,1,0.0,-1.0,0.031972249348958336,0.8998766505577589,0.7177937825520834,0.16427214001118035,0.7177937825520834
1848,61.6,1,1,1,0.0,-1.0,0.035822550455729164,0.891762074404705,0.7101949055989584,0.16941259979488338,0.7101949055989584
1849,61.63333333333333,1,1,1,0.0,-1.0,0.041117350260416664,0.880589380722405,0.7014923095703125,0.1753121413999123,0.7014923095703125
1850,61.666666666666664,1,1,1,0.0,-1.0,0.044306437174479164,0.8760136696778409,0.6931915283203125,0.18089957059938594,0.6931915283203125
1851,61.7,1,1,1,0.0,-1.0,0.0489501953125,0.8682472354430875,0.6856333414713541,0.185908288750173,0.6856333414713541
1852,61.733333333333334,1,1,1,0.0,-1.0,0.054595947265625,0.8587824745585715,0.6784718831380209,0.19057036804424277,0.6784718831380209
1853,61.766666666666666,1,1,1,0.0,-1.0,0.061757405598958336,0.8464354600011492,0.6725972493489584,0.19431844616180027,0.6725972493489584
1854,61.8,1,1,1,0.0,-1.0,0.06500244140625,0.8425799186235972,0.6711527506510416,0.1950813038463547,0.6711527506510416
1855,61.833333333333336,1,1,1,0.0,-1.0,0.06516011555989583,0.8439457567548517,0.6714426676432291,0.19485147658853824,0.6714426676432291
1856,61.86666666666667,1,1,1,0.0,-1.0,0.064727783203125,0.8457540076237244,0.6703236897786459,0.19566834269228772,0.6703236897786459
1857,61.9,1,1,1,0.0,-1.0,0.059636433919270836,0.8576084462182054,0.668670654296875,0.19684344529085207,0.668670654296875
1858,61.93333333333333,1,1,1,0.0,-1.0,0.053395589192708336,0.8723125636962865,0.6677144368489584,0.19744334404866243,0.6677144368489584
1859,61.96666666666667,1,1,1,0.0,-1.0,0.048131306966145836,0.885094224329613,0.667877197265625,0.19714873936531727,0.667877197265625
1860,62.0,1,1,1,0.0,-1.0,0.043736775716145836,0.8960680855145864,0.6683146158854166,0.19664752781741823,0.6683146158854166
1861,62.03333333333333,1,1,1,0.0,-1.0,0.039637247721354164,0.9062875322039483,0.66650390625,0.19782041848537069,0.66650390625
1862,62.06666666666667,1,1,1,0.0,-1.0,0.035700480143229164,0.9158845957176666,0.6640268961588541,0.19953920401306005,0.6640268961588541
1863,62.1,1,1,1,0.0,-1.0,0.031946818033854164,0.9248836836919057,0.6640675862630209,0.1994728895460864,0.6640675862630209
1864,62.13333333333333,1,1,1,0.0,-1.0,0.028737386067708332,0.9325057559480163,0.6659088134765625,0.19814640201127182,0.6659088134765625
1865,62.166666666666664,1,1,1,0.0,-1.0,0.0257110595703125,0.939469095870459,0.6691385904947916,0.19591950443650474,0.6691385904947916
1866,62.2,1,1,1,0.0,-1.0,0.025843302408854168,0.9392278830647011,0.6719970703125,0.19402645950420339,0.6719970703125
1867,62.233333333333334,1,1,1,0.0,-1.0,0.02655029296875,0.9377721730911991,0.67596435546875,0.1914630246058357,0.67596435546875
1868,62.266666666666666,1,1,1,0.0,-1.0,0.0251922607421875,0.9408104137384763,0.6805928548177084,0.18853761376896083,0.6805928548177084
1869,62.3,1,1,1,0.0,-1.0,0.024210611979166668,0.9429091872680468,0.6841786702473959,0.18637500246960823,0.6841786702473959
1870,62.333333333333336,1,1,1,0.0,-1.0,0.024485270182291668,0.9421618178561217,0.6863962809244791,0.1851929012382746,0.6863962809244791
1871,62.36666666666667,1,1,1,0.0,-1.0,0.023203531901041668,0.9450156116916258,0.685455322265625,0.18619850287611206,0.685455322265625
1872,62.4,1,1,1,0.0,-1.0,0.021260579427083332,0.9493884572719963,0.6841684977213541,0.1873159683470561,0.6841684977213541
1873,62.43333333333333,1,1,1,0.0,-1.0,0.019419352213541668,0.9535393197907882,0.6846720377604166,0.18702449256652098,0.6846720377604166
1874,62.46666666666667,1,1,1,0.0,-1.0,0.0165252685546875,0.9601934269508297,0.6871795654296875,0.1852188106081424,0.6871795654296875
1875,62.5,1,1,1,0.0,-1.0,0.0170745849609375,0.9588929108753284,0.6902821858723959,0.18293465162495465,0.6902821858723959
1876,62.53333333333333,1,1,1,0.0,-1.0,0.020105997721354168,0.9517666107623943,0.6934153238932291,0.18071249960095076,0.6934153238932291
1877,62.56666666666667,1,1,1,0.0,-1.0,0.019134521484375,0.9539131962651957,0.6953175862630209,0.1795514406345981,0.6953175862630209
1878,62.6,1,1,1,0.0,-1.0,0.073699951171875,0.8357371863960894,0.694976806640625,0.1798808638345567,0.694976806640625
1879,62.63333333333333,1,1,1,0.0,-1.0,0.126617431640625,0.7304800072584703,0.7171783447265625,0.16456428248050564,0.7171783447265625
1880,62.666666666666664,1,1,1,0.0,-1.0,0.17169698079427084,0.6703853774682971,0.6319224039713541,0.22375436055795328,0.6319224039713541
1881,62.7,1,1,1,0.0,-1.0,0.17638651529947916,0.692500579939983,0.6060129801432291,0.23384963162395234,0.6060129801432291
1882,62.733333333333334,1,1,1,0.0,-1.0,0.15988667805989584,0.7234023769573696,0.6104227701822916,0.22727200187417956,0.6104227701822916
1883,62.766666666666666,1,1,1,0.0,-1.0,0.18498738606770834,0.687753531578199,0.58978271484375,0.23118135379973836,0.58978271484375
1884,62.8,1,1,1,0.0,-1.0,0.22860209147135416,0.6258944709991864,0.5846913655598959,0.23179897690039944,0.5846913655598959
1885,62.833333333333336,1,1,1,0.0,-1.0,0.16808064778645834,0.7112945184731794,0.5846405029296875,0.2384382154243756,0.5846405029296875
1886,62.86666666666667,1,1,1,0.0,-1.0,0.13018290201822916,0.7692768034993531,0.5731658935546875,0.2466607723979271,0.5731658935546875
1887,62.9,1,1,1,0.0,-1.0,0.1378173828125,0.7575945980087364,0.5949656168619791,0.23660249379714265,0.5949656168619791
1888,62.93333333333333,1,1,1,0.0,-1.0,0.12385050455729167,0.7793409434888251,0.6198832194010416,0.22327922215568707,0.6198832194010416
1889,62.96666666666667,1,1,1,0.0,-1.0,0.10878499348958333,0.8020327129511529,0.6329345703125,0.21684504721281167,0.6329345703125
1890,63.0,1,1,1,0.0,-1.0,0.09921773274739583,0.8151401334459143,0.6458536783854166,0.2096494724671869,0.6458536783854166
1891,63.03333333333333,1,1,1,0.0,-1.0,0.08835856119791667,0.8305918383309734,0.6575419108072916,0.20257081467766652,0.6575419108072916
1892,63.06666666666667,1,1,1,0.0,-1.0,0.08096822102864583,0.84085659201884,0.6674906412760416,0.19632505798330097,0.6674906412760416
1893,63.1,1,1,1,0.0,-1.0,0.0886383056640625,0.8256152304035826,0.6770477294921875,0.18951455315701438,0.6770477294921875
1894,63.13333333333333,1,1,1,0.0,-1.0,0.08781941731770833,0.8262204970919085,0.6858673095703125,0.1834786999391964,0.6858673095703125
1895,63.166666666666664,1,1,1,0.0,-1.0,0.08200581868489583,0.8356540232409237,0.6839752197265625,0.1850030379539796,0.6839752197265625
1896,63.2,1,1,1,0.0,-1.0,0.07571919759114583,0.8464772461219356,0.6822458902994791,0.18634694988306183,0.6822458902994791
1897,63.233333333333334,1,1,1,0.0,-1.0,0.07486470540364583,0.8479629311041881,0.6778666178385416,0.18961659354033078,0.6778666178385416
1898,63.266666666666666,1,1,1,0.0,-1.0,0.07284037272135417,0.8518961859757817,0.6757965087890625,0.19110907264948843,0.6757965087890625
1899,63.3,1,1,1,0.0,-1.0,0.0672607421875,0.86248841116714,0.6768697102864584,0.19033195351221005,0.6768697102864584
1900,63.333333333333336,1,1,1,0.0,-1.0,0.061309814453125,0.8737282686722808,0.6781158447265625,0.18945492530391556,0.6781158447265625
1901,63.36666666666667,1,1,1,0.0,-1.0,0.056401570638020836,0.8832398772478307,0.6753794352213541,0.19105799587577543,0.6753794352213541
1902,63.4,1,1,1,0.0,-1.0,0.051294962565104164,0.8941605281781899,0.6687825520833334,0.1948120028400978,0.6687825520833334
1903,63.43333333333333,1,1,1,0.0,-1.0,0.053278605143229164,0.8920275389453188,0.6573842366536459,0.2016737852573454,0.6573842366536459
1904,63.46666666666667,1,1,1,0.0,-1.0,0.057652791341145836,0.8855004010988099,0.6422373453776041,0.210783852074177,0.6422373453776041
1905,63.5,1,1,1,0.0,-1.0,0.07265218098958333,0.8602457430333376,0.6296030680338541,0.2179639894379222,0.6296030680338541
1906,63.53333333333333,1,1,1,0.0,-1.0,0.08739725748697917,0.8365017983356482,0.6086985270182291,0.23114509931505223,0.6086985270182291
1907,63.56666666666667,1,1,1,0.0,-1.0,0.09649658203125,0.8225973801251958,0.5857493082682291,0.2469803582784526,0.5857493082682291
1908,63.6,1,1,1,0.0,-1.0,0.10858154296875,0.8033095787530591,0.5583292643229166,0.2683243515392331,0.5583292643229166
1909,63.63333333333333,1,1,1,0.0,-1.0,0.11570231119791667,0.7916961765020061,0.5298970540364584,0.2931526023852635,0.5298970540364584
1910,63.666666666666664,1,1,1,0.0,-1.0,0.13719685872395834,0.7565434167150418,0.4991658528645833,0.32240847497197345,0.4991658528645833
1911,63.7,1,1,1,0.0,-1.0,0.130889892578125,0.7598173524226122,0.5088602701822916,0.3208670548054227,0.5088602701822916
1912,63.733333333333334,1,1,1,0.0,-1.0,0.08720906575520833,0.8206677111630316,0.5376129150390625,0.2990743231108731,0.5376129150390625
1913,63.766666666666666,1,1,1,0.0,-1.0,0.07922871907552083,0.8269175916821846,0.5537465413411459,0.28589579382665653,0.5537465413411459
1914,63.8,1,1,1,0.0,-1.0,0.0859222412109375,0.8120010155644535,0.57183837890625,0.27105422275350527,0.57183837890625
1915,63.833333333333336,1,1,1,0.0,-1.0,0.07816569010416667,0.8317028151221288,0.5595957438151041,0.27940892592816324,0.5595957438151041
1916,63.86666666666667,1,1,1,0.0,-1.0,0.07268269856770833,0.8471906574335364,0.5680185953776041,0.2723670605332741,0.5680185953776041
1917,63.9,1,1,1,0.0,-1.0,0.029510498046875,0.934573367836675,0.5703125,0.27118467365949683,0.5703125
1918,63.93333333333333,1,1,1,0.0,-1.0,0.017608642578125,0.9602626041568105,0.5600789388020834,0.2796328728188953,0.5600789388020834
1919,63.96666666666667,1,1,1,0.0,-1.0,0.018427530924479168,0.9586848879674735,0.5513153076171875,0.2868876224161627,0.5513153076171875
1920,64.0,1,1,1,0.0,-1.0,0.019770304361979168,0.9559993487409115,0.5413564046223959,0.2951547083474754,0.5413564046223959
1921,64.03333333333333,1,1,1,0.0,-1.0,0.019927978515625,0.9559130897561224,0.5310312906901041,0.3037758456499912,0.5310312906901041
1922,64.06666666666666,1,1,1,0.0,-1.0,0.019983927408854168,0.9560676651338093,0.5215352376302084,0.31181504003952154,0.5215352376302084
1923,64.1,1,1,1,0.0,-1.0,0.022216796875,0.9515894085301935,0.5132598876953125,0.31885780593064883,0.5132598876953125
1924,64.13333333333334,1,1,1,0.0,-1.0,0.021764119466145832,0.9528655252796031,0.5052439371744791,0.32579197227958573,0.5052439371744791
1925,64.16666666666667,1,1,1,0.0,-1.0,0.0211639404296875,0.9543642919615984,0.4972941080729167,0.33287481024818066,0.4972941080729167
1926,64.2,1,1,1,0.0,-1.0,0.019688924153645832,0.9576130295425448,0.4894510904947917,0.3401766420403863,0.4894510904947917
1927,64.23333333333333,1,1,1,0.0,-1.0,0.017812093098958332,0.9616469069772072,0.480804443359375,0.3484471627177286,0.480804443359375
1928,64.26666666666667,1,1,1,0.0,-1.0,0.016626993815104168,0.9640905121341695,0.4754587809244792,0.3540417272532187,0.4754587809244792
1929,64.3,1,1,1,0.0,-1.0,0.016565958658854168,0.9639470150414859,0.4733378092447917,0.3566820077223909,0.4733378092447917
1930,64.33333333333333,1,1,1,0.0,-1.0,0.010625203450520834,0.9765271743429604,0.4722086588541667,0.3580720912469414,0.4722086588541667
1931,64.36666666666666,1,1,1,0.0,-1.0,0.013112386067708334,0.9710583929376222,0.4691263834635417,0.36103779882085585,0.4691263834635417
1932,64.4,1,1,1,0.0,-1.0,0.017710367838541668,0.9612064038860864,0.4679412841796875,0.36218240942632873,0.4679412841796875
1933,64.43333333333334,1,1,1,0.0,-1.0,0.021540323893229168,0.9531712604900008,0.4654998779296875,0.36445763910658263,0.4654998779296875
1934,64.46666666666667,1,1,1,0.0,-1.0,0.024805704752604168,0.946412869931637,0.4645436604817708,0.36535763207175026,0.4645436604817708
1935,64.5,1,1,1,0.0,-1.0,0.026178995768229168,0.9436548568250192,0.4649454752604167,0.3650124987101686,0.4649454752604167
1936,64.53333333333333,1,1,1,0.0,-1.0,0.024851481119791668,0.9464670688212913,0.4659372965494792,0.364157688028772,0.4659372965494792
1937,64.56666666666666,1,1,1,0.0,-1.0,0.022257486979166668,0.9518352734704534,0.4678192138671875,0.36250164434320264,0.4678192138671875
1938,64.6,1,1,1,0.0,-1.0,0.0209503173828125,0.9545112853507456,0.4703470865885417,0.3602179782041742,0.4703470865885417
1939,64.63333333333334,1,1,1,0.0,-1.0,0.019068400065104168,0.9583310710885369,0.471923828125,0.35874294174934884,0.471923828125
1940,64.66666666666667,1,1,1,0.0,-1.0,0.018976847330729168,0.9582549493781056,0.4730733235677083,0.35756771578100244,0.4730733235677083
1941,64.7,1,1,1,0.0,-1.0,0.021906534830729168,0.951525831101691,0.4779561360677083,0.3528917334069289,0.4779561360677083
1942,64.73333333333333,1,1,1,0.0,-1.0,0.022501627604166668,0.9496373744629761,0.48626708984375,0.34510656144802554,0.48626708984375
1943,64.76666666666667,1,1,1,0.0,-1.0,0.0179901123046875,0.959066087814607,0.4936116536458333,0.33837370068508765,0.4936116536458333
1944,64.8,1,1,1,0.0,-1.0,0.012420654296875,0.9713859146222399,0.4977366129557292,0.33471668339998295,0.4977366129557292
1945,64.83333333333333,1,1,1,0.0,-1.0,0.0133819580078125,0.9692320976343884,0.499847412109375,0.3329348836213272,0.499847412109375
1946,64.86666666666666,1,1,1,0.0,-1.0,0.014745076497395834,0.9662952007699088,0.5021769205729166,0.33094844586948513,0.5021769205729166
1947,64.9,1,1,1,0.0,-1.0,0.0159912109375,0.9636766765538104,0.5017547607421875,0.3313500041686276,0.5017547607421875
1948,64.93333333333334,1,1,1,0.0,-1.0,0.017862955729166668,0.9597794100201815,0.4990692138671875,0.3337648260688084,0.4990692138671875
1949,64.96666666666667,1,1,1,0.0,-1.0,0.018727620442708332,0.958229272103198,0.4963887532552083,0.3361910074331055,0.4963887532552083
1950,65.0,1,1,1,0.0,-1.0,0.019256591796875,0.9574519967585435,0.4958902994791667,0.3367020421862941,0.4958902994791667
1951,65.03333333333333,1,1,1,0.0,-1.0,0.019460042317708332,0.9573774779421211,0.4972025553385417,0.3356062768495032,0.4972025553385417
1952,65.06666666666666,1,1,1,0.0,-1.0,0.018351236979166668,0.9600461340094907,0.4995218912760417,0.33360430015401665,0.4995218912760417
1953,65.1,1,1,1,0.0,-1.0,0.017038981119791668,0.9630449773140742,0.502410888671875,0.33108789789427073,0.502410888671875
1954,65.13333333333334,1,1,1,0.0,-1.0,0.022440592447916668,0.9516169927035443,0.5117848714192709,0.32283020407584273,0.5117848714192709
1955,65.16666666666667,1,1,1,0.0,-1.0,0.027247111002604168,0.941094539815676,0.525238037109375,0.3111245737780424,0.525238037109375
1956,65.2,1,1,1,0.0,-1.0,0.016988118489583332,0.9623984760296443,0.5327402750651041,0.30474741881103945,0.5327402750651041
1957,65.23333333333333,1,1,1,0.0,-1.0,0.0132293701171875,0.9704198439512874,0.53656005859375,0.3015820925109417,0.53656005859375
1958,65.26666666666667,1,1,1,0.0,-1.0,0.019205729166666668,0.9573367504764996,0.5380096435546875,0.30037970737819053,0.5380096435546875
1959,65.3,1,1,1,0.0,-1.0,0.025049845377604168,0.9448851079960031,0.5390370686848959,0.29943701815592993,0.5390370686848959
1960,65.33333333333333,1,1,1,0.0,-1.0,0.027247111002604168,0.94047505404939,0.5404052734375,0.29812543554485227,0.5404052734375
1961,65.36666666666666,1,1,1,0.0,-1.0,0.028025309244791668,0.9391556145937345,0.5417226155598959,0.2968500621256046,0.5417226155598959
1962,65.4,1,1,1,0.0,-1.0,0.027949015299479168,0.9395193953481753,0.5427093505859375,0.29596237134552866,0.5427093505859375
1963,65.43333333333334,1,1,1,0.0,-1.0,0.024556477864583332,0.9466486126389173,0.5384165445963541,0.29962568257365707,0.5384165445963541
1964,65.46666666666667,1,1,1,0.0,-1.0,0.020899454752604168,0.9543655230739894,0.5332438151041666,0.30402627938327154,0.5332438151041666
1965,65.5,1,1,1,0.0,-1.0,0.027903238932291668,0.9399800633502283,0.5242360432942709,0.31151023345913764,0.5242360432942709
1966,65.53333333333333,1,1,1,0.0,-1.0,0.031148274739583332,0.9338383102567553,0.5209604899088541,0.3142161275195552,0.5209604899088541
1967,65.56666666666666,1,1,1,0.0,-1.0,0.033732096354166664,0.9285031583334491,0.5241597493489584,0.3115073204867338,0.5241597493489584
1968,65.6,1,1,1,0.0,-1.0,0.029551188151041668,0.9366181140832494,0.5323486328125,0.30461037461665974,0.5323486328125
1969,65.63333333333334,1,1,1,0.0,-1.0,0.021311442057291668,0.9534026230987164,0.5431162516276041,0.29556691680502256,0.5431162516276041
1970,65.66666666666667,1,1,1,0.0,-1.0,0.016977945963541668,0.962626162450807,0.548797607421875,0.2905499789287098,0.548797607421875
1971,65.7,1,1,1,0.0,-1.0,0.0211944580078125,0.953985042915343,0.5532633463541666,0.28639067245066097,0.5532633463541666
1972,65.73333333333333,1,1,1,0.0,-1.0,0.0250091552734375,0.9466040865185178,0.5544586181640625,0.28490746703493763,0.5544586181640625
1973,65.76666666666667,1,1,1,0.0,-1.0,0.027826944986979168,0.9415813835418494,0.545623779296875,0.2919612385508245,0.545623779296875
1974,65.8,1,1,1,0.0,-1.0,0.030385335286458332,0.9372916339985695,0.532806396484375,0.3026737893352227,0.532806396484375
1975,65.83333333333333,1,1,1,0.0,-1.0,0.031829833984375,0.9353532599667922,0.5197499593098959,0.31392520398659957,0.5197499593098959
1976,65.86666666666666,1,1,1,0.0,-1.0,0.0327301025390625,0.934457315440621,0.5094757080078125,0.3228393714408514,0.5094757080078125
1977,65.9,1,1,1,0.0,-1.0,0.030619303385416668,0.9391953428163757,0.5040995279947916,0.3274308158245516,0.5040995279947916
1978,65.93333333333334,1,1,1,0.0,-1.0,0.027318318684895832,0.9459700528964081,0.5055033365885416,0.3259472174415934,0.5055033365885416
1979,65.96666666666667,1,1,1,0.0,-1.0,0.028279622395833332,0.944403427688954,0.5093434651692709,0.3222507889487236,0.5093434651692709
1980,66.0,1,1,1,0.0,-1.0,0.0289154052734375,0.943343377798505,0.517852783203125,0.31467217594824815,0.517852783203125
1981,66.03333333333333,1,1,1,0.0,-1.0,0.028391520182291668,0.9443860714092573,0.5325927734375,0.302027899370833,0.5325927734375
1982,66.06666666666666,1,1,1,0.0,-1.0,0.0213775634765625,0.9578304795699403,0.545379638671875,0.29126585604905997,0.545379638671875
1983,66.1,1,1,1,0.0,-1.0,0.0200653076171875,0.9603345903288742,0.5529022216796875,0.28540044946106424,0.5529022216796875
1984,66.13333333333334,1,1,1,0.0,-1.0,0.0256195068359375,0.9495443070188934,0.5562489827473959,0.28330572717030866,0.5562489827473959
1985,66.16666666666667,1,1,1,0.0,-1.0,0.032374064127604164,0.9364940665108343,0.5526072184244791,0.2870685086352881,0.5526072184244791
1986,66.2,1,1,1,0.0,-1.0,0.0393218994140625,0.9230371216807922,0.550201416015625,0.2897036883879585,0.550201416015625
1987,66.23333333333333,1,1,1,0.0,-1.0,0.041737874348958336,0.9178837378874926,0.5472920735677084,0.29251133512899696,0.5472920735677084
1988,66.26666666666667,1,1,1,0.0,-1.0,0.0423736572265625,0.9156957213126169,0.54290771484375,0.2962327834857005,0.54290771484375
1989,66.3,1,1,1,0.0,-1.0,0.038665771484375,0.9215250420709578,0.5383097330729166,0.2998600390753226,0.5383097330729166
1990,66.33333333333333,1,1,1,0.0,-1.0,0.034571329752604164,0.9282795153154887,0.5395355224609375,0.29827438302683085,0.5395355224609375
1991,66.36666666666666,1,1,1,0.0,-1.0,0.027913411458333332,0.9406724210309982,0.5410563151041666,0.2960149913829868,0.5410563151041666
1992,66.4,1,1,1,0.0,-1.0,0.0211334228515625,0.9542184070965709,0.539337158203125,0.2961261129387511,0.539337158203125
1993,66.43333333333334,1,1,1,0.0,-1.0,0.038838704427083336,0.9176344395440801,0.5313771565755209,0.302246072106117,0.5313771565755209
1994,66.46666666666667,1,1,1,0.0,-1.0,0.049916585286458336,0.8971102666608349,0.5339558919270834,0.3005245026456358,0.5339558919270834
1995,66.5,1,1,1,0.0,-1.0,0.034210205078125,0.9293518767527018,0.538665771484375,0.2969587541081026,0.538665771484375
1996,66.53333333333333,1,1,1,0.0,-1.0,0.014536539713541666,0.9694998965393382,0.5401662190755209,0.29581522986332576,0.5401662190755209
1997,66.56666666666666,1,1,1,0.0,-1.0,0.013203938802083334,0.972257408266234,0.5388081868489584,0.2971180350164877,0.5388081868489584
1998,66.6,1,1,1,0.0,-1.0,0.014012654622395834,0.9705965182779329,0.5369618733723959,0.2990070842564232,0.5369618733723959
1999,66.63333333333334,1,1,1,0.0,-1.0,0.015782674153645832,0.9670245739438503,0.535369873046875,0.30068095661694005,0.535369873046875
2000,66.66666666666667,1,1,1,0.0,-1.0,0.016260782877604168,0.9661402821244813,0.5346781412760416,0.3015821226609334,0.5346781412760416
2001,66.7,1,1,1,0.0,-1.0,0.0186004638671875,0.9614511783922866,0.5337320963541666,0.3026059295477901,0.5337320963541666
2002,66.73333333333333,1,1,1,0.0,-1.0,0.022491455078125,0.9535744900870913,0.5365956624348959,0.30020489820063967,0.5365956624348959
2003,66.76666666666667,1,1,1,0.0,-1.0,0.026891072591145832,0.9445509278515956,0.5380401611328125,0.29879176012021313,0.5380401611328125
2004,66.8,1,1,1,0.0,-1.0,0.029805501302083332,0.9382820445430193,0.5384724934895834,0.2979374337277959,0.5384724934895834
2005,66.83333333333333,1,1,1,0.0,-1.0,0.029897054036458332,0.9373956947575748,0.5374094645182291,0.2980529746187605,0.5374094645182291
2006,66.86666666666666,1,1,1,0.0,-1.0,0.0356903076171875,0.9256754571669297,0.5385843912760416,0.29729115197594813,0.5385843912760416
2007,66.9,1,1,1,0.0,-1.0,0.0476531982421875,0.9031440316446763,0.5424296061197916,0.2944665032540379,0.5424296061197916
2008,66.93333333333334,1,1,1,0.0,-1.0,0.029973347981770832,0.9385289752227515,0.5423075358072916,0.29491069076484644,0.5423075358072916
2009,66.96666666666667,1,1,1,0.0,-1.0,0.021820068359375,0.9550465019772494,0.5361175537109375,0.3002835474772415,0.5361175537109375
2010,67.0,1,1,1,0.0,-1.0,0.0198211669921875,0.9591107093050335,0.5371297200520834,0.29981434878402924,0.5371297200520834
2011,67.03333333333333,1,1,1,0.0,-1.0,0.026194254557291668,0.9464847958634257,0.5453338623046875,0.29342031092981236,0.5453338623046875
2012,67.06666666666666,1,1,1,0.0,-1.0,0.029805501302083332,0.9395912586386781,0.5568033854166666,0.28419548093304947,0.5568033854166666
2013,67.1,1,1,1,0.0,-1.0,0.029703776041666668,0.9400255708366612,0.5641276041666666,0.2782476340944794,0.5641276041666666
2014,67.13333333333334,1,1,1,0.0,-1.0,0.029154459635416668,0.941244552432126,0.5590108235677084,0.28223984588632556,0.5590108235677084
2015,67.16666666666667,1,1,1,0.0,-1.0,0.030100504557291668,0.9393542118054636,0.5394083658854166,0.2978826592625808,0.5394083658854166
2016,67.2,1,1,1,0.0,-1.0,0.035308837890625,0.9288268019519408,0.5153757731119791,0.31744248414456133,0.5153757731119791
2017,67.23333333333333,1,1,1,0.0,-1.0,0.0399322509765625,0.9189550531140658,0.5018768310546875,0.32840001757606707,0.5018768310546875
2018,67.26666666666667,1,1,1,0.0,-1.0,0.042638142903645836,0.9119154164992717,0.5090484619140625,0.32160807173269557,0.5090484619140625
2019,67.3,1,1,1,0.0,-1.0,0.040827433268229164,0.9150876867575243,0.5215047200520834,0.31272118294421625,0.5215047200520834
2020,67.33333333333333,1,1,1,0.0,-1.0,0.051172892252604164,0.8969091615955579,0.5419514973958334,0.2967744358356767,0.5419514973958334
2021,67.36666666666666,1,1,1,0.0,-1.0,0.036224365234375,0.9270578500610286,0.5610555013020834,0.2811636020622036,0.5610555013020834
2022,67.4,1,1,1,0.0,-1.0,0.0171966552734375,0.9649036926155257,0.5621388753255209,0.28029321870566065,0.5621388753255209
2023,67.43333333333334,1,1,1,0.0,-1.0,0.019353230794270832,0.9606656892699574,0.5480855305989584,0.29191007878291636,0.5480855305989584
2024,67.46666666666667,1,1,1,0.0,-1.0,0.017466227213541668,0.9644802672503673,0.5253957112630209,0.31111213701728446,0.5253957112630209
2025,67.5,1,1,1,0.0,-1.0,0.0171661376953125,0.9651703310484769,0.5076497395833334,0.3265321056040888,0.5076497395833334
2026,67.53333333333333,1,1,1,0.0,-1.0,0.0186920166015625,0.9622184334287989,0.4961954752604167,0.3366774939807361,0.4961954752604167
2027,67.56666666666666,1,1,1,0.0,-1.0,0.0226593017578125,0.9544199865915728,0.4930470784505208,0.3394760966247222,0.4930470784505208
2028,67.6,1,1,1,0.0,-1.0,0.030375162760416668,0.9392220023648611,0.4929911295572917,0.3394805880096686,0.4929911295572917
2029,67.63333333333334,1,1,1,0.0,-1.0,0.035746256510416664,0.9283388476647376,0.4925537109375,0.33984154376592546,0.4925537109375
2030,67.66666666666667,1,1,1,0.0,-1.0,0.0389556884765625,0.921056239691728,0.4947662353515625,0.3377578633575926,0.4947662353515625
2031,67.7,1,1,1,0.0,-1.0,0.037455240885416664,0.9223980336631223,0.4981943766276042,0.33455831180711537,0.4981943766276042
2032,67.73333333333333,1,1,1,0.0,-1.0,0.032491048177083336,0.9319400602786583,0.4958750406901042,0.3369843762895189,0.4958750406901042
2033,67.76666666666667,1,1,1,0.0,-1.0,0.046574910481770836,0.9055958161034823,0.49517822265625,0.33752674915894,0.49517822265625
2034,67.8,1,1,1,0.0,-1.0,0.027887980143229168,0.9432277711795088,0.4959869384765625,0.3366163386040093,0.4959869384765625
2035,67.83333333333333,1,1,1,0.0,-1.0,0.01708984375,0.9650334484070429,0.4905293782552083,0.34162719285688675,0.4905293782552083
2036,67.86666666666666,1,1,1,0.0,-1.0,0.022247314453125,0.9547390702198115,0.4836476643880208,0.3480088628637499,0.4836476643880208
2037,67.9,1,1,1,0.0,-1.0,0.025060017903645832,0.9491520772289954,0.4781290690104167,0.35305056189162765,0.4781290690104167
2038,67.93333333333334,1,1,1,0.0,-1.0,0.028656005859375,0.9421170618370249,0.4788157145182292,0.35234773229142713,0.4788157145182292
2039,67.96666666666667,1,1,1,0.0,-1.0,0.02984619140625,0.9397775399125314,0.4816080729166667,0.3497069019991032,0.4816080729166667
2040,68.0,1,1,1,0.0,-1.0,0.031361897786458336,0.9366558527690766,0.488616943359375,0.34324368165964164,0.488616943359375
2041,68.03333333333333,1,1,1,0.0,-1.0,0.032496134440104164,0.9339671348222816,0.493499755859375,0.3386371791167344,0.493499755859375
2042,68.06666666666666,1,1,1,0.0,-1.0,0.033803304036458336,0.9305097507626574,0.4986317952473958,0.3336307843698366,0.4986317952473958
2043,68.1,1,1,1,0.0,-1.0,0.036310831705729164,0.9239791823187096,0.509552001953125,0.3230614588049039,0.509552001953125
2044,68.13333333333334,1,1,1,0.0,-1.0,0.036249796549479164,0.9218941526723045,0.5222371419270834,0.3105022691751407,0.5222371419270834
2045,68.16666666666667,1,1,1,0.0,-1.0,0.0391387939453125,0.9151703006468288,0.5249481201171875,0.3083771135482395,0.5249481201171875
2046,68.2,1,1,1,0.0,-1.0,0.049799601236979164,0.8956436402487542,0.5311482747395834,0.30376185173117265,0.5311482747395834
2047,68.23333333333333,1,1,1,0.0,-1.0,0.033640543619791664,0.9297009097593294,0.5380503336588541,0.2980636344750588,0.5380503336588541
2048,68.26666666666667,1,1,1,0.0,-1.0,0.0132293701171875,0.9719792845346227,0.5381673177083334,0.29753854028383014,0.5381673177083334
2049,68.3,1,1,1,0.0,-1.0,0.01312255859375,0.9722897688205644,0.5364176432291666,0.29843042370609096,0.5364176432291666
2050,68.33333333333333,1,1,1,0.0,-1.0,0.013743082682291666,0.9711209657447676,0.5390981038411459,0.29582397270690536,0.5390981038411459
2051,68.36666666666666,1,1,1,0.0,-1.0,0.015497843424479166,0.9676841706373812,0.5448557535807291,0.29076898503947424,0.5448557535807291
2052,68.4,1,1,1,0.0,-1.0,0.016291300455729168,0.9662381400430817,0.5522562662760416,0.28446528653202324,0.5522562662760416
2053,68.43333333333334,1,1,1,0.0,-1.0,0.018427530924479168,0.9620456554414465,0.5589701334635416,0.27878612079961435,0.5589701334635416
2054,68.46666666666667,1,1,1,0.0,-1.0,0.022089640299479168,0.9547266638953724,0.5646260579427084,0.2737549558703925,0.5646260579427084
2055,68.5,1,1,1,0.0,-1.0,0.026112874348958332,0.9465445805368449,0.5682830810546875,0.27008799048589827,0.5682830810546875
2056,68.53333333333333,1,1,1,0.0,-1.0,0.0285797119140625,0.9412220432840348,0.5724945068359375,0.26565612115296217,0.5724945068359375
2057,68.56666666666666,1,1,1,0.0,-1.0,0.030181884765625,0.9372924062689578,0.5776163736979166,0.260069923850777,0.5776163736979166
2058,68.6,1,1,1,0.0,-1.0,0.035558064778645836,0.9263627093396162,0.5814208984375,0.25751248754237277,0.5814208984375
2059,68.63333333333334,1,1,1,0.0,-1.0,0.050181070963541664,0.8986651293508948,0.588134765625,0.25271823079085687,0.588134765625
2060,68.66666666666667,1,1,1,0.0,-1.0,0.0314178466796875,0.9357187887857501,0.590179443359375,0.2510296918102696,0.590179443359375
2061,68.7,1,1,1,0.0,-1.0,0.0186614990234375,0.9613627847055638,0.5841573079427084,0.25543834079677913,0.5841573079427084
2062,68.73333333333333,1,1,1,0.0,-1.0,0.021596272786458332,0.9554731552880091,0.5752156575520834,0.2624758184648185,0.5752156575520834
2063,68.76666666666667,1,1,1,0.0,-1.0,0.024454752604166668,0.9499296409557539,0.5637003580729166,0.27228066561786274,0.5637003580729166
2064,68.8,1,1,1,0.0,-1.0,0.026972452799479168,0.9452406855930227,0.5486907958984375,0.2852639304293486,0.5486907958984375
2065,68.83333333333333,1,1,1,0.0,-1.0,0.025665283203125,0.9480848537146638,0.533843994140625,0.2982296248562216,0.533843994140625
2066,68.86666666666666,1,1,1,0.0,-1.0,0.023951212565104168,0.9516027346692288,0.5233154296875,0.30730431741137243,0.5233154296875
2067,68.9,1,1,1,0.0,-1.0,0.023000081380208332,0.9534115983032624,0.5099894205729166,0.31831016220916314,0.5099894205729166
2068,68.93333333333334,1,1,1,0.0,-1.0,0.026143391927083332,0.9468878326914707,0.4981689453125,0.3273460561373346,0.4981689453125
2069,68.96666666666667,1,1,1,0.0,-1.0,0.0306396484375,0.937296721257664,0.4910888671875,0.3313571203470178,0.4910888671875
2070,69.0,1,1,1,0.0,-1.0,0.035074869791666664,0.9272568281791864,0.4844462076822917,0.33412950206672093,0.4844462076822917
2071,69.03333333333333,1,1,1,0.0,-1.0,0.031733194986979164,0.9337183877519093,0.48211669921875,0.3370058637269362,0.48211669921875
2072,69.06666666666666,1,1,1,0.0,-1.0,0.0421905517578125,0.914369993001511,0.4881540934244792,0.33323247912219056,0.4881540934244792
2073,69.1,1,1,1,0.0,-1.0,0.030629475911458332,0.9378981253319553,0.494659423828125,0.3279816523158519,0.494659423828125
2074,69.13333333333334,1,1,1,0.0,-1.0,0.018727620442708332,0.9617343099808595,0.4855804443359375,0.33641404689939014,0.4855804443359375
2075,69.16666666666667,1,1,1,0.0,-1.0,0.020838419596354168,0.957574713575865,0.4740854899088542,0.34713997969641613,0.4740854899088542
2076,69.2,1,1,1,0.0,-1.0,0.020538330078125,0.958240326556896,0.4625803629557292,0.3586155820389124,0.4625803629557292
2077,69.23333333333333,1,1,1,0.0,-1.0,0.0232391357421875,0.9530572805360007,0.4527435302734375,0.36891961493864045,0.4527435302734375
2078,69.26666666666667,1,1,1,0.0,-1.0,0.02740478515625,0.9451098780775287,0.43951416015625,0.3825960876242004,0.43951416015625
2079,69.3,1,1,1,0.0,-1.0,0.031499226888020836,0.937344535216764,0.4243316650390625,0.39784027293126667,0.4243316650390625
2080,69.33333333333333,1,1,1,0.0,-1.0,0.035837809244791664,0.9288995842545805,0.4069417317708333,0.41437897921083733,0.4069417317708333
2081,69.36666666666666,1,1,1,0.0,-1.0,0.040613810221354164,0.919043726774964,0.3870290120442708,0.4320969873294045,0.3870290120442708
2082,69.4,1,1,1,0.0,-1.0,0.043752034505208336,0.9111212264405437,0.3738047281901042,0.44068574579392944,0.3738047281901042
2083,69.43333333333334,1,1,1,0.0,-1.0,0.047236124674479164,0.9004107279351599,0.3678080240885417,0.439075980549015,0.3678080240885417
2084,69.46666666666667,1,1,1,0.0,-1.0,0.037251790364583336,0.9183016387836621,0.3597208658854167,0.44706872234851325,0.3597208658854167
2085,69.5,1,1,1,0.0,-1.0,0.054056803385416664,0.885488834229667,0.3574473063151042,0.45248610257324695,0.3574473063151042
2086,69.53333333333333,1,1,1,0.0,-1.0,0.035100301106770836,0.9255065808884161,0.3620452880859375,0.4500454052866486,0.3620452880859375
2087,69.56666666666666,1,1,1,0.0,-1.0,0.010442097981770834,0.9773762041384862,0.3602752685546875,0.45263884690290285,0.3602752685546875
2088,69.6,1,1,1,0.0,-1.0,0.017695109049479168,0.9618236377261444,0.3567301432291667,0.45634441771170964,0.3567301432291667
2089,69.63333333333334,1,1,1,0.0,-1.0,0.016850789388020832,0.9634317795466512,0.3574778238932292,0.4559367270508671,0.3574778238932292
2090,69.66666666666667,1,1,1,0.0,-1.0,0.017186482747395832,0.962590310325733,0.3615570068359375,0.4518199719033987,0.3615570068359375
2091,69.7,1,1,1,0.0,-1.0,0.019261678059895832,0.9578612490122623,0.3619333902994792,0.45087015219915216,0.3619333902994792
2092,69.73333333333333,1,1,1,0.0,-1.0,0.026947021484375,0.9404014590829353,0.3603006998697917,0.4498063598921387,0.3603006998697917
2093,69.76666666666667,1,1,1,0.0,-1.0,0.040293375651041664,0.9083414686356743,0.3578236897786458,0.44561746849593487,0.3578236897786458
2094,69.8,1,1,1,0.0,-1.0,0.031219482421875,0.9236235249274605,0.3534495035807292,0.4431375758998368,0.3534495035807292
2095,69.83333333333333,1,1,1,0.0,-1.0,0.020879109700520832,0.9456209534174139,0.3452046712239583,0.44674007084886486,0.3452046712239583
2096,69.86666666666666,1,1,1,0.0,-1.0,0.021138509114583332,0.9428443637810426,0.3371683756510417,0.45045886130319396,0.3371683756510417
2097,69.9,1,1,1,0.0,-1.0,0.021906534830729168,0.9382464551655455,0.3337554931640625,0.450106635273491,0.3337554931640625
2098,69.93333333333334,1,1,1,0.0,-1.0,0.0244598388671875,0.9281317683803458,0.33306884765625,0.44730157114426183,0.33306884765625
2099,69.96666666666667,1,1,1,0.0,-1.0,0.022410074869791668,0.9303440101839002,0.3334503173828125,0.44327854678992085,0.3334503173828125
2100,70.0,1,1,1,0.0,-1.0,0.0177459716796875,0.9410970240708365,0.3305918375651042,0.44312907176225425,0.3305918375651042
2101,70.03333333333333,1,1,1,0.0,-1.0,0.015920003255208332,0.9440173590138781,0.3295745849609375,0.44088097623473455,0.3295745849609375
2102,70.06666666666666,1,1,1,0.0,-1.0,0.016530354817708332,0.9387622277353793,0.3287455240885417,0.43806699773857743,0.3287455240885417
2103,70.1,1,1,1,0.0,-1.0,0.0172119140625,0.932631057101768,0.3263397216796875,0.436929995958294,0.3263397216796875
2104,70.13333333333334,1,1,1,0.0,-1.0,0.017293294270833332,0.9283140549384117,0.3258768717447917,0.4334942267638404,0.3258768717447917
2105,70.16666666666667,1,1,1,0.0,-1.0,0.0160675048828125,0.9297391871189065,0.3243204752604167,0.43186388433485307,0.3243204752604167
2106,70.2,1,1,1,0.0,-1.0,0.015721638997395832,0.9289407993125967,0.3211212158203125,0.43257066386077425,0.3211212158203125
2107,70.23333333333333,1,1,1,0.0,-1.0,0.0162506103515625,0.9248796725894033,0.318328857421875,0.4324302462523792,0.318328857421875
2108,70.26666666666667,1,1,1,0.0,-1.0,0.015726725260416668,0.9247211969594238,0.3161722819010417,0.4313718303665054,0.3161722819010417
2109,70.3,1,1,1,0.0,-1.0,0.01702880859375,0.9160852458417599,0.3198903401692708,0.42441334641646233,0.3198903401692708
2110,70.33333333333333,1,1,1,0.0,-1.0,0.0214080810546875,0.8927428705779895,0.3235371907552083,0.4178577935963852,0.3235371907552083
2111,70.36666666666666,1,1,1,0.0,-1.0,0.025487263997395832,0.8675870438906397,0.3302663167317708,0.4055326642356791,0.3302663167317708
2112,70.4,1,1,1,0.0,-1.0,0.027318318684895832,0.8378644996513314,0.3472849527994792,0.3759111267624478,0.3472849527994792
2113,70.43333333333334,1,1,1,0.0,-1.0,0.031260172526041664,0.7576326884338882,0.3636423746744792,0.3436574603290294,0.3636423746744792
2114,70.46666666666667,1,1,1,0.0,-1.0,0.027720133463541668,0.6371490724656298,0.373626708984375,0.3189071410129556,0.373626708984375
2115,70.5,1,1,1,0.0,-1.0,0.01007080078125,0.63257337718344,0.3764139811197917,0.3118625828593117,0.3764139811197917
2116,70.53333333333333,1,1,1,0.0,-1.0,0.004526774088541667,0.6962393317447169,0.376251220703125,0.31208894214346133,0.376251220703125
2117,70.56666666666666,1,1,1,0.0,-1.0,0.0036977132161458335,0.7807379076885125,0.37725830078125,0.3118327709959622,0.37725830078125
2118,70.6,1,1,1,0.0,-1.0,0.006927490234375,0.759474969889272,0.3819936116536458,0.3097860917324318,0.3819936116536458
2119,70.63333333333334,1,1,1,0.0,-1.0,0.009953816731770834,0.7880808561323516,0.3894755045572917,0.30632244186772434,0.3894755045572917
2120,70.66666666666667,1,1,1,0.0,-1.0,0.011077880859375,0.8265144163374707,0.3966318766276042,0.30298651821599565,0.3966318766276042
2121,70.7,1,1,1,0.0,-1.0,0.009663899739583334,0.8671166128102356,0.4011942545572917,0.3010276523543963,0.4011942545572917
2122,70.73333333333333,1,1,1,0.0,-1.0,0.007817586263020834,0.8974369532111395,0.4056650797526042,0.29915595785592336,0.4056650797526042
2123,70.76666666666667,1,1,1,0.0,-1.0,0.008412679036458334,0.8945119783487758,0.4105580647786458,0.29705757216700146,0.4105580647786458
2124,70.8,1,1,1,0.0,-1.0,0.009409586588541666,0.8870177996240072,0.4155629475911458,0.29509834548925185,0.4155629475911458
2125,70.83333333333333,1,1,1,0.0,-1.0,0.010411580403645834,0.882226546460879,0.4228108723958333,0.29166127667762354,0.4228108723958333
2126,70.86666666666666,1,1,1,0.0,-1.0,0.008839925130208334,0.9016909616067188,0.4256642659505208,0.29073181684670685,0.4256642659505208
2127,70.9,1,1,1,0.0,-1.0,0.008967081705729166,0.9028249929113508,0.4298299153645833,0.289121496729781,0.4298299153645833
2128,70.93333333333334,1,1,1,0.0,-1.0,0.009663899739583334,0.9000456085843676,0.4331410725911458,0.28744437068800355,0.4331410725911458
2129,70.96666666666667,1,1,1,0.0,-1.0,0.010060628255208334,0.9000116431549265,0.4344736735026042,0.286935701463042,0.4344736735026042
2130,71.0,1,1,1,0.0,-1.0,0.0111541748046875,0.8942714073982864,0.4343159993489583,0.28763461465371487,0.4343159993489583
2131,71.03333333333333,1,1,1,0.0,-1.0,0.011784871419270834,0.8928172345786121,0.4357198079427083,0.2868826695618966,0.4357198079427083
2132,71.06666666666666,1,1,1,0.0,-1.0,0.012507120768229166,0.8905850708935139,0.438079833984375,0.2859194842452645,0.438079833984375
2133,71.1,1,1,1,0.0,-1.0,0.01385498046875,0.8835326468882578,0.4430745442708333,0.2833486870106474,0.4430745442708333
2134,71.13333333333334,1,1,1,0.0,-1.0,0.014460245768229166,0.8825675235526032,0.4494984944661458,0.280503601808815,0.4494984944661458
2135,71.16666666666667,1,1,1,0.0,-1.0,0.013743082682291666,0.8910895694807257,0.4580281575520833,0.2764883574936561,0.4580281575520833
2136,71.2,1,1,1,0.0,-1.0,0.010894775390625,0.9132990000910521,0.4666493733723958,0.27255777697940015,0.4666493733723958
2137,71.23333333333333,1,1,1,0.0,-1.0,0.012522379557291666,0.9035443328351737,0.4771525065104167,0.26847258119291284,0.4771525065104167
2138,71.26666666666667,1,1,1,0.0,-1.0,0.012964884440104166,0.9039796074085011,0.4873504638671875,0.2644918911597744,0.4873504638671875
2139,71.3,1,1,1,0.0,-1.0,0.013270060221354166,0.9053254588150192,0.4970245361328125,0.260549025317597,0.4970245361328125
2140,71.33333333333333,1,1,1,0.0,-1.0,0.013371785481770834,0.907968619193012,0.5046590169270834,0.25715009933321087,0.5046590169270834
2141,71.36666666666666,1,1,1,0.0,-1.0,0.013493855794270834,0.9102443795321298,0.5072123209635416,0.25611872466988395,0.5072123209635416
2142,71.4,1,1,1,0.0,-1.0,0.013387044270833334,0.9137394309761374,0.5069783528645834,0.25606152056923304,0.5069783528645834
2143,71.43333333333334,1,1,1,0.0,-1.0,0.013239542643229166,0.917246071840143,0.50653076171875,0.2564130178617961,0.50653076171875
2144,71.46666666666667,1,1,1,0.0,-1.0,0.013071695963541666,0.9204825161453185,0.5081787109375,0.25637630243526893,0.5081787109375
2145,71.5,1,1,1,0.0,-1.0,0.012776692708333334,0.9240954755568491,0.5122782389322916,0.25556563470874627,0.5122782389322916
2146,71.53333333333333,1,1,1,0.0,-1.0,0.01287841796875,0.9253941220626989,0.5186411539713541,0.25343978510830695,0.5186411539713541
2147,71.56666666666666,1,1,1,0.0,-1.0,0.013178507486979166,0.9253426736627569,0.5233561197916666,0.2525460614196483,0.5233561197916666
2148,71.6,1,1,1,0.0,-1.0,0.013097127278645834,0.927072219585314,0.5286204020182291,0.2507506633654947,0.5286204020182291
2149,71.63333333333334,1,1,1,0.0,-1.0,0.012781778971354166,0.9297227921135072,0.5349578857421875,0.24814203137861485,0.5349578857421875
2150,71.66666666666667,1,1,1,0.0,-1.0,0.012781778971354166,0.9304104301117115,0.5389811197916666,0.24736527929302873,0.5389811197916666
2151,71.7,1,1,1,0.0,-1.0,0.0124969482421875,0.9323297177596195,0.5430043538411459,0.2460943396235287,0.5430043538411459
2152,71.73333333333333,1,1,1,0.0,-1.0,0.0121917724609375,0.934164874253792,0.5446217854817709,0.24544951396445291,0.5446217854817709
2153,71.76666666666667,1,1,1,0.0,-1.0,0.011474609375,0.9378367002480941,0.5419057210286459,0.2465833991986976,0.5419057210286459
2154,71.8,1,1,1,0.0,-1.0,0.010960896809895834,0.9405065557780912,0.5373382568359375,0.24847969667408668,0.5373382568359375
2155,71.83333333333333,1,1,1,0.0,-1.0,0.010584513346354166,0.9422954716510117,0.5317789713541666,0.2516367253071156,0.5317789713541666
2156,71.86666666666666,1,1,1,0.0,-1.0,0.0104522705078125,0.942815540127619,0.529693603515625,0.2534082097892633,0.529693603515625
2157,71.9,1,1,1,0.0,-1.0,0.0100860595703125,0.9445776908936989,0.5312296549479166,0.2533150583709601,0.5312296549479166
2158,71.93333333333334,1,1,1,0.0,-1.0,0.010126749674479166,0.9440539861266211,0.5358378092447916,0.25141115524028984,0.5358378092447916
2159,71.96666666666667,1,1,1,0.0,-1.0,0.0102996826171875,0.9427826199684136,0.5414581298828125,0.24891907884287523,0.5414581298828125
2160,72.0,1,1,1,0.0,-1.0,0.0107879638671875,0.9398001475519497,0.5482330322265625,0.2453320848644487,0.5482330322265625
2161,72.03333333333333,1,1,1,0.0,-1.0,0.011235555013020834,0.9367684772918354,0.5532023111979166,0.2426305168897056,0.5532023111979166
2162,72.06666666666666,1,1,1,0.0,-1.0,0.011830647786458334,0.9329127140042459,0.553680419921875,0.24232865077617222,0.553680419921875
2163,72.1,1,1,1,0.0,-1.0,0.011698404947916666,0.9328093754594377,0.5476888020833334,0.245406728580836,0.5476888020833334
2164,72.13333333333334,1,1,1,0.0,-1.0,0.012471516927083334,0.9275611168848903,0.5382334391276041,0.2500497881238879,0.5382334391276041
2165,72.16666666666667,1,1,1,0.0,-1.0,0.013193766276041666,0.9222575679894234,0.5281982421875,0.2550415555317149,0.5281982421875
2166,72.2,1,1,1,0.0,-1.0,0.013214111328125,0.9206170280236488,0.5195719401041666,0.2595320613534783,0.5195719401041666
2167,72.23333333333333,1,1,1,0.0,-1.0,0.012964884440104166,0.9201637039835184,0.5161997477213541,0.2610844498187348,0.5161997477213541
2168,72.26666666666667,1,1,1,0.0,-1.0,0.011850992838541666,0.9248588750729922,0.517333984375,0.26032684119471133,0.517333984375
2169,72.3,1,1,1,0.0,-1.0,0.011250813802083334,0.9269638220020724,0.5200347900390625,0.2591784903170208,0.5200347900390625
2170,72.33333333333333,1,1,1,0.0,-1.0,0.010228474934895834,0.931739765846273,0.5248057047526041,0.2566835317118699,0.5248057047526041
2171,72.36666666666666,1,1,1,0.0,-1.0,0.009318033854166666,0.9365399938876532,0.5307159423828125,0.25391462175929125,0.5307159423828125
2172,72.4,1,1,1,0.0,-1.0,0.010213216145833334,0.93091589781597,0.53887939453125,0.24922513906368843,0.53887939453125
2173,72.43333333333334,1,1,1,0.0,-1.0,0.0098724365234375,0.9336678368153325,0.5464019775390625,0.24462358812539686,0.5464019775390625
2174,72.46666666666667,1,1,1,0.0,-1.0,0.0102386474609375,0.9321850372739682,0.5482126871744791,0.243303722107999,0.5482126871744791
2175,72.5,1,1,1,0.0,-1.0,0.0111236572265625,0.9282386188240118,0.5436909993489584,0.24570677391831258,0.5436909993489584
2176,72.53333333333333,1,1,1,0.0,-1.0,0.0122222900390625,0.9240600837855395,0.5394388834635416,0.24784054788041407,0.5394388834635416
2177,72.56666666666666,1,1,1,0.0,-1.0,0.012883504231770834,0.9227938581079927,0.5372060139973959,0.2487906755441065,0.5372060139973959
2178,72.6,1,1,1,0.0,-1.0,0.012552897135416666,0.926913583009576,0.5369211832682291,0.2492092374645991,0.5369211832682291
2179,72.63333333333334,1,1,1,0.0,-1.0,0.012532552083333334,0.9291158974063018,0.5386708577473959,0.24887233774120704,0.5386708577473959
2180,72.66666666666667,1,1,1,0.0,-1.0,0.012135823567708334,0.9331229320969693,0.54107666015625,0.24852352835344294,0.54107666015625
2181,72.7,1,1,1,0.0,-1.0,0.011515299479166666,0.9381187067500405,0.5439046223958334,0.2478507981480309,0.5439046223958334
2182,72.73333333333333,1,1,1,0.0,-1.0,0.010772705078125,0.9435012763636614,0.5474344889322916,0.2464372716409634,0.5474344889322916
2183,72.76666666666667,1,1,1,0.0,-1.0,0.009938557942708334,0.948965203663872,0.5497639973958334,0.2454997937178675,0.5497639973958334
2184,72.8,1,1,1,0.0,-1.0,0.009785970052083334,0.950903364551107,0.5512898763020834,0.24456753310367774,0.5512898763020834
2185,72.83333333333333,1,1,1,0.0,-1.0,0.009541829427083334,0.9532166263279473,0.5494639078776041,0.2455705826212492,0.5494639078776041
2186,72.86666666666666,1,1,1,0.0,-1.0,0.009221394856770834,0.9558275704661314,0.5448201497395834,0.2480670466010398,0.5448201497395834
2187,72.9,1,1,1,0.0,-1.0,0.009312947591145834,0.9565074121058114,0.5399373372395834,0.25066635227044426,0.5399373372395834
2188,72.93333333333334,1,1,1,0.0,-1.0,0.009251912434895834,0.9578858555347296,0.536468505859375,0.25287586237887427,0.536468505859375
2189,72.96666666666667,1,1,1,0.0,-1.0,0.009989420572916666,0.9558502058156435,0.5367279052734375,0.2532097549599368,0.5367279052734375
2190,73.0,1,1,1,0.0,-1.0,0.0103302001953125,0.9557120503715699,0.5385080973307291,0.2531909158060698,0.5385080973307291
2191,73.03333333333333,1,1,1,0.0,-1.0,0.010869344075520834,0.9548589970965109,0.5412139892578125,0.2529009490944966,0.5412139892578125
2192,73.06666666666666,1,1,1,0.0,-1.0,0.011042277018229166,0.9556022799163533,0.5453236897786459,0.251867442425341,0.5453236897786459
2193,73.1,1,1,1,0.0,-1.0,0.011713663736979166,0.9545172269081492,0.5499165852864584,0.2506291513708474,0.5499165852864584
2194,73.13333333333334,1,1,1,0.0,-1.0,0.012827555338541666,0.9520003157031047,0.556549072265625,0.2480258269424635,0.556549072265625
2195,73.16666666666667,1,1,1,0.0,-1.0,0.0137176513671875,0.9505275158657838,0.5636749267578125,0.24514792582134282,0.5636749267578125
2196,73.2,1,1,1,0.0,-1.0,0.015085856119791666,0.9476577339674105,0.567413330078125,0.24441068827947154,0.567413330078125
2197,73.23333333333333,1,1,1,0.0,-1.0,0.0164947509765625,0.9450084917551733,0.5666707356770834,0.24639741484121297,0.5666707356770834
2198,73.26666666666667,1,1,1,0.0,-1.0,0.018544514973958332,0.9407729396155502,0.56451416015625,0.24928930235563287,0.56451416015625
2199,73.3,1,1,1,0.0,-1.0,0.022191365559895832,0.9324890858140583,0.5625661214192709,0.25262572270565464,0.5625661214192709
2200,73.33333333333333,1,1,1,0.0,-1.0,0.026407877604166668,0.9238056390424466,0.5617319742838541,0.25625928729277514,0.5617319742838541
2201,73.36666666666666,1,1,1,0.0,-1.0,0.030186971028645832,0.9174850005429686,0.5620066324869791,0.25999684270196166,0.5620066324869791
2202,73.4,1,1,1,0.0,-1.0,0.034947713216145836,0.9095501497479874,0.56494140625,0.26211663799523266,0.56494140625
2203,73.43333333333334,1,1,1,0.0,-1.0,0.040395100911458336,0.9010361401618885,0.5695699055989584,0.2626180995902532,0.5695699055989584
2204,73.46666666666667,1,1,1,0.0,-1.0,0.0475616455078125,0.8899132685737711,0.5675252278645834,0.2677797057503397,0.5675252278645834
2205,73.5,1,1,1,0.0,-1.0,0.051015218098958336,0.8873460296895279,0.5640869140625,0.2727258415178775,0.5640869140625
2206,73.53333333333333,1,1,1,0.0,-1.0,0.0538787841796875,0.8854075086322819,0.5630137125651041,0.27491954675434327,0.5630137125651041
2207,73.56666666666666,1,1,1,0.0,-1.0,0.056310017903645836,0.8837821400160957,0.5588175455729166,0.2794612596645692,0.5588175455729166
2208,73.6,1,1,1,0.0,-1.0,0.058990478515625,0.8814239515943556,0.5524648030598959,0.2861459607082847,0.5524648030598959
2209,73.63333333333334,1,1,1,0.0,-1.0,0.055302937825520836,0.8905542360449359,0.5577850341796875,0.2829864099148485,0.5577850341796875
2210,73.66666666666667,1,1,1,0.0,-1.0,0.0529937744140625,0.8966541716483377,0.5596415201822916,0.2822973321165438,0.5596415201822916
2211,73.7,1,1,1,0.0,-1.0,0.054107666015625,0.8961483929158169,0.5572255452473959,0.28404967348241306,0.5572255452473959
2212,73.73333333333333,1,1,1,0.0,-1.0,0.053995768229166664,0.8972557205406692,0.5507609049479166,0.28821431401250064,0.5507609049479166
2213,73.76666666666667,1,1,1,0.0,-1.0,0.0526123046875,0.9000342881625585,0.5389760335286459,0.29635969092476766,0.5389760335286459
2214,73.8,1,1,1,0.0,-1.0,0.0516204833984375,0.9016416940018706,0.533538818359375,0.2991931489614946,0.533538818359375
2215,73.83333333333333,1,1,1,0.0,-1.0,0.048060099283854164,0.9076362297075592,0.5301361083984375,0.30043783037552985,0.5301361083984375
2216,73.86666666666666,1,1,1,0.0,-1.0,0.039947509765625,0.9220596324274357,0.5249684651692709,0.3032903892693854,0.5249684651692709
2217,73.9,1,1,1,0.0,-1.0,0.030324300130208332,0.9398259269020242,0.5239969889322916,0.3027750127027913,0.5239969889322916
2218,73.93333333333334,1,1,1,0.0,-1.0,0.0199737548828125,0.959726031424211,0.5241190592447916,0.3014726987481569,0.5241190592447916
2219,73.96666666666667,1,1,1,0.0,-1.0,0.015482584635416666,0.9685365842606034,0.5261586507161459,0.29889943483617537,0.5261586507161459
2220,74.0,1,1,1,0.0,-1.0,0.019694010416666668,0.9601431672001959,0.5293223063151041,0.2959166327701625,0.5293223063151041
2221,74.03333333333333,1,1,1,0.0,-1.0,0.0243377685546875,0.9510606521617089,0.5337168375651041,0.2921202758879102,0.5337168375651041
2222,74.06666666666666,1,1,1,0.0,-1.0,0.028345743815104168,0.9433599568080455,0.5335032145182291,0.29228308179464735,0.5335032145182291
2223,74.1,1,1,1,0.0,-1.0,0.031453450520833336,0.9374966156178809,0.5338999430338541,0.2920316127621264,0.5338999430338541
2224,74.13333333333334,1,1,1,0.0,-1.0,0.028193155924479168,0.9439124136793544,0.5347035725911459,0.2913979621491222,0.5347035725911459
2225,74.16666666666667,1,1,1,0.0,-1.0,0.027242024739583332,0.945798479798436,0.5337422688802084,0.29181520058946436,0.5337422688802084
2226,74.2,1,1,1,0.0,-1.0,0.031473795572916664,0.9376005039986303,0.5303090413411459,0.2943258516850265,0.5303090413411459
2227,74.23333333333333,1,1,1,0.0,-1.0,0.0381927490234375,0.9246656653867431,0.5323740641276041,0.29211776353573216,0.5323740641276041
2228,74.26666666666667,1,1,1,0.0,-1.0,0.045115152994791664,0.9113968241196908,0.5302785237630209,0.2933421525953154,0.5302785237630209
2229,74.3,1,1,1,0.0,-1.0,0.053192138671875,0.8959828406939018,0.5247650146484375,0.2972805731921192,0.5247650146484375
2230,74.33333333333333,1,1,1,0.0,-1.0,0.057195027669270836,0.8881361739401197,0.5175526936848959,0.30263827654349074,0.5175526936848959
2231,74.36666666666666,1,1,1,0.0,-1.0,0.053599039713541664,0.8945878650180857,0.5099894205729166,0.3092156565916996,0.5099894205729166
2232,74.4,1,1,1,0.0,-1.0,0.050038655598958336,0.9015534568491593,0.5094146728515625,0.3106042141647409,0.5094146728515625
2233,74.43333333333334,1,1,1,0.0,-1.0,0.051518758138020836,0.8994313699971135,0.5103505452473959,0.31103270752287526,0.5103505452473959
2234,74.46666666666667,1,1,1,0.0,-1.0,0.0517425537109375,0.8997103984831346,0.51416015625,0.3092511203838935,0.51416015625
2235,74.5,1,1,1,0.0,-1.0,0.052698771158854164,0.8986116826473531,0.5200347900390625,0.3058059108955582,0.5200347900390625
2236,74.53333333333333,1,1,1,0.0,-1.0,0.053568522135416664,0.8975601466821429,0.5192464192708334,0.3080845060880964,0.5192464192708334
2237,74.56666666666666,1,1,1,0.0,-1.0,0.055150349934895836,0.8950701615910948,0.5191294352213541,0.30951620825986514,0.5191294352213541
2238,74.6,1,1,1,0.0,-1.0,0.058619181315104164,0.8890654683758294,0.5170389811197916,0.31237362740708485,0.5170389811197916
2239,74.63333333333334,1,1,1,0.0,-1.0,0.0653839111328125,0.8771941664223168,0.5196584065755209,0.3108767284102859,0.5196584065755209
2240,74.66666666666667,1,1,1,0.0,-1.0,0.0732421875,0.8635085340097874,0.5229441324869791,0.3085116609876573,0.5229441324869791
2241,74.7,1,1,1,0.0,-1.0,0.07963053385416667,0.8524685623427191,0.5240325927734375,0.3078275651082746,0.5240325927734375
2242,74.73333333333333,1,1,1,0.0,-1.0,0.08424886067708333,0.8444696167458441,0.5289204915364584,0.3039426856716856,0.5289204915364584
2243,74.76666666666667,1,1,1,0.0,-1.0,0.0879058837890625,0.8380331038457363,0.5300394694010416,0.30332384874755924,0.5300394694010416
2244,74.8,1,1,1,0.0,-1.0,0.09231058756510417,0.8302969850069688,0.52618408203125,0.3070846361159897,0.52618408203125
2245,74.83333333333333,1,1,1,0.0,-1.0,0.09639994303385417,0.8230318271573739,0.5266469319661459,0.307259847959085,0.5266469319661459
2246,74.86666666666666,1,1,1,0.0,-1.0,0.09897867838541667,0.8181804120253906,0.5228017171223959,0.31113641065294007,0.5228017171223959
2247,74.9,1,1,1,0.0,-1.0,0.09978739420572917,0.8158998515946818,0.5221455891927084,0.31232750867886616,0.5221455891927084
2248,74.93333333333334,1,1,1,0.0,-1.0,0.09704081217447917,0.819198739407888,0.5244700113932291,0.3107567705116089,0.5244700113932291
2249,74.96666666666667,1,1,1,0.0,-1.0,0.094451904296875,0.8219332907818717,0.5290883382161459,0.3071376563323736,0.5290883382161459
2250,75.0,1,1,1,0.0,-1.0,0.09315999348958333,0.8218185070940448,0.5358378092447916,0.3017884878204577,0.5358378092447916
2251,75.03333333333333,1,1,1,0.0,-1.0,0.0913238525390625,0.8217747344943693,0.5464223225911459,0.29319307336197314,0.5464223225911459
2252,75.06666666666666,1,1,1,0.0,-1.0,0.08531697591145833,0.8286834806757151,0.55499267578125,0.28617952420283876,0.55499267578125
2253,75.1,1,1,1,0.0,-1.0,0.07403564453125,0.8461158126550261,0.5594075520833334,0.2824853980588823,0.5594075520833334
2254,75.13333333333334,1,1,1,0.0,-1.0,0.06347147623697917,0.8639434609136981,0.5648091634114584,0.27797771325485665,0.5648091634114584
2255,75.16666666666667,1,1,1,0.0,-1.0,0.053339640299479164,0.8826219205452603,0.5678863525390625,0.27544570314931505,0.5678863525390625
2256,75.2,1,1,1,0.0,-1.0,0.043950398763020836,0.901046087763052,0.5735626220703125,0.27087371767123936,0.5735626220703125
2257,75.23333333333333,1,1,1,0.0,-1.0,0.0345916748046875,0.9205634479910213,0.5785878499348959,0.2668771615847282,0.5785878499348959
2258,75.26666666666667,1,1,1,0.0,-1.0,0.024449666341145832,0.9427730595433113,0.5808970133463541,0.26506328228190473,0.5808970133463541
2259,75.3,1,1,1,0.0,-1.0,0.0193328857421875,0.9542837116715686,0.5818023681640625,0.2643656123773923,0.5818023681640625
2260,75.33333333333333,1,1,1,0.0,-1.0,0.019841512044270832,0.9530412005459101,0.5834503173828125,0.2630610886784965,0.5834503173828125
2261,75.36666666666666,1,1,1,0.0,-1.0,0.019704182942708332,0.9532547695994669,0.5859425862630209,0.2610796364948045,0.5859425862630209
2262,75.4,1,1,1,0.0,-1.0,0.019622802734375,0.9533003553033914,0.5885009765625,0.2590456286091558,0.5885009765625
2263,75.43333333333334,1,1,1,0.0,-1.0,0.020090738932291668,0.9520249719772027,0.5905609130859375,0.2574038172118811,0.5905609130859375
2264,75.46666666666667,1,1,1,0.0,-1.0,0.0197601318359375,0.9525000294202537,0.5930887858072916,0.25539066322756726,0.5930887858072916
2265,75.5,1,1,1,0.0,-1.0,0.019475301106770832,0.9528222005173647,0.5972188313802084,0.25213067643592374,0.5972188313802084
2266,75.53333333333333,1,1,1,0.0,-1.0,0.017267862955729168,0.9576545612552064,0.6029713948567709,0.2476258234401097,0.6029713948567709
2267,75.56666666666666,1,1,1,0.0,-1.0,0.015187581380208334,0.9623289979261511,0.6087239583333334,0.2431491305110604,0.6087239583333334
2268,75.6,1,1,1,0.0,-1.0,0.013188680013020834,0.9669665773540447,0.6140289306640625,0.23903287941233067,0.6140289306640625
2269,75.63333333333334,1,1,1,0.0,-1.0,0.011006673177083334,0.9721977027363349,0.618988037109375,0.23518412692734234,0.618988037109375
2270,75.66666666666667,1,1,1,0.0,-1.0,0.009124755859375,0.9767878171079902,0.6234792073567709,0.2316785946982461,0.6234792073567709
2271,75.7,1,1,1,0.0,-1.0,0.0084075927734375,0.978521813676887,0.6288503011067709,0.22748287205410142,0.6288503011067709
2272,75.73333333333333,1,1,1,0.0,-1.0,0.007319132486979167,0.9812251012448605,0.6338704427083334,0.223536939872283,0.6338704427083334
2273,75.76666666666667,1,1,1,0.0,-1.0,0.006902058919270833,0.9822688077548603,0.6381022135416666,0.2201938400828896,0.6381022135416666
2274,75.8,1,1,1,0.0,-1.0,0.007670084635416667,0.9803438547773106,0.6408335367838541,0.21795763102745397,0.6408335367838541
2275,75.83333333333333,1,1,1,0.0,-1.0,0.008733113606770834,0.977732435957744,0.6418609619140625,0.21700288968989728,0.6418609619140625
2276,75.86666666666666,1,1,1,0.0,-1.0,0.0093231201171875,0.9763136670205315,0.6416371663411459,0.2170138204944847,0.6416371663411459
2277,75.9,1,1,1,0.0,-1.0,0.010080973307291666,0.9744727223527183,0.6411081949869791,0.2172487124217849,0.6411081949869791
2278,75.93333333333334,1,1,1,0.0,-1.0,0.011159261067708334,0.9718353795739895,0.640716552734375,0.2173860585138261,0.640716552734375
2279,75.96666666666667,1,1,1,0.0,-1.0,0.012095133463541666,0.9695605900497914,0.6398722330729166,0.2178916803023523,0.6398722330729166
2280,76.0,1,1,1,0.0,-1.0,0.013132731119791666,0.9670638868722707,0.6384785970052084,0.21886215639346007,0.6384785970052084
2281,76.03333333333333,1,1,1,0.0,-1.0,0.0144500732421875,0.9639193105469386,0.6366984049479166,0.22017687235868952,0.6366984049479166
2282,76.06666666666666,1,1,1,0.0,-1.0,0.0155181884765625,0.9614029090038142,0.6345621744791666,0.2218210537179884,0.6345621744791666
2283,76.1,1,1,1,0.0,-1.0,0.0166778564453125,0.9587350889678443,0.6328633626302084,0.22311940461715024,0.6328633626302084
2284,76.13333333333334,1,1,1,0.0,-1.0,0.017573038736979168,0.9567874011269242,0.6322021484375,0.2235535237793192,0.6322021484375
2285,76.16666666666667,1,1,1,0.0,-1.0,0.017552693684895832,0.9570696508817073,0.6321665445963541,0.22343916699458644,0.6321665445963541
2286,76.2,1,1,1,0.0,-1.0,0.017964680989583332,0.956357626634323,0.6323903401692709,0.2230168854529599,0.6323903401692709
2287,76.23333333333333,1,1,1,0.0,-1.0,0.018412272135416668,0.9556276261273604,0.63275146484375,0.22246735091490094,0.63275146484375
2288,76.26666666666667,1,1,1,0.0,-1.0,0.017206827799479168,0.9587514332269269,0.6318715413411459,0.22295627459977735,0.6318715413411459
2289,76.3,1,1,1,0.0,-1.0,0.0164947509765625,0.9606445525735363,0.6305643717447916,0.223863541918382,0.6305643717447916
2290,76.33333333333333,1,1,1,0.0,-1.0,0.014531453450520834,0.9654055545045632,0.6281840006510416,0.22571788956433542,0.6281840006510416
2291,76.36666666666666,1,1,1,0.0,-1.0,0.0123443603515625,0.9706177385838184,0.6259206136067709,0.22758315277572638,0.6259206136067709
2292,76.4,1,1,1,0.0,-1.0,0.0108489990234375,0.9741891235319622,0.6237233479817709,0.22939335035466962,0.6237233479817709
2293,76.43333333333334,1,1,1,0.0,-1.0,0.010009765625,0.9762175008331169,0.6212209065755209,0.23142847899700833,0.6212209065755209
2294,76.46666666666667,1,1,1,0.0,-1.0,0.009465535481770834,0.9775706685764457,0.6187591552734375,0.2333875168908363,0.6187591552734375
2295,76.5,1,1,1,0.0,-1.0,0.009541829427083334,0.9774854501665449,0.6154327392578125,0.2360335520636033,0.6154327392578125
2296,76.53333333333333,1,1,1,0.0,-1.0,0.009267171223958334,0.978226465781213,0.61187744140625,0.23888475135140608,0.61187744140625
2297,76.56666666666666,1,1,1,0.0,-1.0,0.0090179443359375,0.97889510253927,0.6092376708984375,0.2410265839536647,0.6092376708984375
2298,76.6,1,1,1,0.0,-1.0,0.010528564453125,0.975504728211489,0.6063283284505209,0.24336199774032366,0.6063283284505209
2299,76.63333333333334,1,1,1,0.0,-1.0,0.0158843994140625,0.9634820561151796,0.602020263671875,0.24670147885561924,0.602020263671875
2300,76.66666666666667,1,1,1,0.0,-1.0,0.021825154622395832,0.950502876176371,0.5981597900390625,0.24960265434472823,0.5981597900390625
2301,76.7,1,1,1,0.0,-1.0,0.027201334635416668,0.9391386514271769,0.5948079427083334,0.2520739853037849,0.5948079427083334
2302,76.73333333333333,1,1,1,0.0,-1.0,0.034138997395833336,0.9247329693703432,0.5906575520833334,0.25513651702431434,0.5906575520833334
2303,76.76666666666667,1,1,1,0.0,-1.0,0.041264851888020836,0.9103493238708968,0.585357666015625,0.2591424150371396,0.585357666015625
2304,76.8,1,1,1,0.0,-1.0,0.048395792643229164,0.8963047768278383,0.582366943359375,0.26134609182919477,0.582366943359375
2305,76.83333333333333,1,1,1,0.0,-1.0,0.055333455403645836,0.8829920553040311,0.5763448079427084,0.26603240879589796,0.5763448079427084
2306,76.86666666666666,1,1,1,0.0,-1.0,0.062311808268229164,0.8697382176873416,0.5711517333984375,0.2701632542044894,0.5711517333984375
2307,76.9,1,1,1,0.0,-1.0,0.06943257649739583,0.8562972307228749,0.5644734700520834,0.2756522686914452,0.5644734700520834
2308,76.93333333333334,1,1,1,0.0,-1.0,0.07297770182291667,0.8495780717945147,0.5595957438151041,0.27984787350805596,0.5595957438151041
2309,76.96666666666667,1,1,1,0.0,-1.0,0.07491048177083333,0.8457134167954171,0.5581207275390625,0.2813110705498399,0.5581207275390625
2310,77.0,1,1,1,0.0,-1.0,0.07594807942708333,0.8437492731355178,0.5560506184895834,0.28318920385228163,0.5560506184895834
2311,77.03333333333333,1,1,1,0.0,-1.0,0.0762176513671875,0.8437893954713788,0.5559336344401041,0.28323933204671414,0.5559336344401041
2312,77.06666666666666,1,1,1,0.0,-1.0,0.07702128092447917,0.8434458649480743,0.556640625,0.2824499151768536,0.556640625
2313,77.1,1,1,1,0.0,-1.0,0.07859293619791667,0.8419935182976699,0.5519917805989584,0.28587086819371893,0.5519917805989584
2314,77.13333333333334,1,1,1,0.0,-1.0,0.07932027180989583,0.8421331702899892,0.5503387451171875,0.28670407021807526,0.5503387451171875
2315,77.16666666666667,1,1,1,0.0,-1.0,0.07680765787760417,0.8476091458798521,0.5530954996744791,0.2840549652907091,0.5530954996744791
2316,77.2,1,1,1,0.0,-1.0,0.0720977783203125,0.8561923319355056,0.5599568684895834,0.27835534015515756,0.5599568684895834
2317,77.23333333333333,1,1,1,0.0,-1.0,0.07366434733072917,0.8525219542114324,0.574249267578125,0.2668456519535759,0.574249267578125
2318,77.26666666666667,1,1,1,0.0,-1.0,0.07080078125,0.8561990723812235,0.591644287109375,0.2535938481337058,0.591644287109375
2319,77.3,1,1,1,0.0,-1.0,0.068267822265625,0.8580337844815731,0.6125742594401041,0.2382327660991664,0.6125742594401041
2320,77.33333333333333,1,1,1,0.0,-1.0,0.0674285888671875,0.8554344929167126,0.6338043212890625,0.2230143442149068,0.6338043212890625
2321,77.36666666666666,1,1,1,0.0,-1.0,0.06815083821614583,0.848548532509973,0.6527303059895834,0.20965281299727107,0.6527303059895834
2322,77.4,1,1,1,0.0,-1.0,0.06762186686197917,0.8434420733970849,0.665435791015625,0.20077057801624276,0.665435791015625
2323,77.43333333333334,1,1,1,0.0,-1.0,0.0606842041015625,0.8527414461390426,0.676849365234375,0.19270228234600328,0.676849365234375
2324,77.46666666666667,1,1,1,0.0,-1.0,0.056284586588541664,0.8580993533951866,0.689910888671875,0.18348981029984324,0.689910888671875
2325,77.5,1,1,1,0.0,-1.0,0.055445353190104164,0.856626090779031,0.7000732421875,0.17639510788005058,0.7000732421875
2326,77.53333333333333,1,1,1,0.0,-1.0,0.054331461588541664,0.8578295705776127,0.7025553385416666,0.17469023985320506,0.7025553385416666
2327,77.56666666666666,1,1,1,0.0,-1.0,0.053370157877604164,0.8608128740982739,0.7046356201171875,0.17327034305687722,0.7046356201171875
2328,77.6,1,1,1,0.0,-1.0,0.0496063232421875,0.8719972410505012,0.6974945068359375,0.17818094711484944,0.6974945068359375
2329,77.63333333333334,1,1,1,0.0,-1.0,0.048100789388020836,0.8788710537641895,0.6943308512369791,0.18023629989469114,0.6943308512369791
2330,77.66666666666667,1,1,1,0.0,-1.0,0.0472412109375,0.8840654372741382,0.6932881673177084,0.18073518541947436,0.6932881673177084
2331,77.7,1,1,1,0.0,-1.0,0.041051228841145836,0.8997457424726517,0.6961415608723959,0.17863003683147355,0.6961415608723959
2332,77.73333333333333,1,1,1,0.0,-1.0,0.031850179036458336,0.9222496889028668,0.6943003336588541,0.17958699587073024,0.6943003336588541
2333,77.76666666666667,1,1,1,0.0,-1.0,0.0263671875,0.9372636479332992,0.6812693277994791,0.18788021614875325,0.6812693277994791
2334,77.8,1,1,1,0.0,-1.0,0.030609130859375,0.9306174519233215,0.66717529296875,0.1966830797221461,0.66717529296875
2335,77.83333333333333,1,1,1,0.0,-1.0,0.035161336263020836,0.9239234544662602,0.6488901774088541,0.20819236305156946,0.6488901774088541
2336,77.86666666666666,1,1,1,0.0,-1.0,0.040456136067708336,0.9161336499907359,0.631500244140625,0.21864663105062732,0.631500244140625
2337,77.9,1,1,1,0.0,-1.0,0.044016520182291664,0.9118367256126294,0.6163177490234375,0.22690624496562206,0.6163177490234375
2338,77.93333333333334,1,1,1,0.0,-1.0,0.054311116536458336,0.894778384961508,0.592010498046875,0.24172554988935163,0.592010498046875
2339,77.96666666666667,1,1,1,0.0,-1.0,0.057993570963541664,0.8896301652669915,0.5605265299479166,0.26252008446864167,0.5605265299479166
2340,78.0,1,1,1,0.0,-1.0,0.058512369791666664,0.88937629656558,0.5405782063802084,0.2748322424988427,0.5405782063802084
2341,78.03333333333333,1,1,1,0.0,-1.0,0.055699666341145836,0.894434662081027,0.5372772216796875,0.27455206578151037,0.5372772216796875
2342,78.06666666666666,1,1,1,0.0,-1.0,0.048273722330729164,0.9076863597354945,0.5300954182942709,0.27977431721469664,0.5300954182942709
2343,78.1,1,1,1,0.0,-1.0,0.041900634765625,0.9193000648791152,0.5221659342447916,0.2870767256951199,0.5221659342447916
2344,78.13333333333334,1,1,1,0.0,-1.0,0.0355682373046875,0.9310588380713676,0.5119781494140625,0.29700791419893824,0.5119781494140625
2345,78.16666666666667,1,1,1,0.0,-1.0,0.029530843098958332,0.9424393203126404,0.5081329345703125,0.3019240890432722,0.5081329345703125
2346,78.2,1,1,1,0.0,-1.0,0.022272745768229168,0.9563063134618994,0.5010630289713541,0.3101599351824872,0.5010630289713541
2347,78.23333333333333,1,1,1,0.0,-1.0,0.01312255859375,0.9740539913332911,0.5030721028645834,0.31131024430967486,0.5030721028645834
2348,78.26666666666667,1,1,1,0.0,-1.0,0.008087158203125,0.9839469782926944,0.5055796305338541,0.311881901484807,0.5055796305338541
2349,78.3,1,1,1,0.0,-1.0,0.004786173502604167,0.9904724023313701,0.5042317708333334,0.3153747059574701,0.5042317708333334
2350,78.33333333333333,1,1,1,0.0,-1.0,0.002288818359375,0.9954327937564349,0.5043131510416666,0.31709157444423985,0.5043131510416666
2351,78.36666666666666,1,1,1,0.0,-1.0,0.0002593994140625,0.9994813356782053,0.5069020589192709,0.3160123885268121,0.5069020589192709
2352,78.4,1,1,1,0.0,-1.0,2.0345052083333332e-05,0.999959310723642,0.5115203857421875,0.3128580189624005,0.5115203857421875
2353,78.43333333333334,1,1,1,0.0,-1.0,2.0345052083333332e-05,0.999959310723642,0.5161997477213541,0.309214844834007,0.5161997477213541
2354,78.46666666666667,1,1,1,0.0,-1.0,4.0690104166666664e-05,0.9999186231028927,0.5207722981770834,0.3053988819400111,0.5207722981770834
2355,78.5,1,1,1,0.0,-1.0,0.0017242431640625,0.9965574489121943,0.5243682861328125,0.3022226342209449,0.5243682861328125
2356,78.53333333333333,1,1,1,0.0,-1.0,0.004343668619791667,0.9913502229434168,0.5266164143880209,0.30032364158112235,0.5266164143880209
2357,78.56666666666666,1,1,1,0.0,-1.0,0.0066070556640625,0.9868725768462321,0.526824951171875,0.30032773187927125,0.526824951171875
2358,78.6,1,1,1,0.0,-1.0,0.009938557942708334,0.9803183870510418,0.5260670979817709,0.3012231998606297,0.5260670979817709
2359,78.63333333333334,1,1,1,0.0,-1.0,0.0126953125,0.9749275633565115,0.5237325032552084,0.3032910033768247,0.5237325032552084
2360,78.66666666666667,1,1,1,0.0,-1.0,0.012624104817708334,0.9750664491252066,0.5195363362630209,0.3065595092818409,0.5195363362630209
2361,78.7,1,1,1,0.0,-1.0,0.011784871419270834,0.9767046369131711,0.5181630452473959,0.30717114675237306,0.5181630452473959
2362,78.73333333333333,1,1,1,0.0,-1.0,0.010991414388020834,0.9782559744776519,0.5155995686848959,0.30870146855120384,0.5155995686848959
2363,78.76666666666667,1,1,1,0.0,-1.0,0.009847005208333334,0.9804978280189793,0.5149332682291666,0.30874705735170554,0.5149332682291666
2364,78.8,1,1,1,0.0,-1.0,0.009648640950520834,0.9808868915893846,0.5141194661458334,0.3092584188974338,0.5141194661458334
2365,78.83333333333333,1,1,1,0.0,-1.0,0.011174519856770834,0.9778976914016311,0.5143280029296875,0.30927127655844955,0.5143280029296875
2366,78.86666666666666,1,1,1,0.0,-1.0,0.01300048828125,0.9743325121299538,0.5137074788411459,0.3102023242814508,0.5137074788411459
2367,78.9,1,1,1,0.0,-1.0,0.014109293619791666,0.972173905719299,0.5126597086588541,0.3115536801536755,0.5126597086588541
2368,78.93333333333334,1,1,1,0.0,-1.0,0.014948527018229166,0.9705432658231196,0.5130666097005209,0.3114248444931107,0.5130666097005209
2369,78.96666666666667,1,1,1,0.0,-1.0,0.015650431315104168,0.9691814586296956,0.514312744140625,0.3103129869869854,0.514312744140625
2370,79.0,1,1,1,0.0,-1.0,0.0162811279296875,0.967959338756982,0.5178731282552084,0.3070174808729469,0.5178731282552084
2371,79.03333333333333,1,1,1,0.0,-1.0,0.016179402669270832,0.9681562916203017,0.5220540364583334,0.30315467510915867,0.5220540364583334
2372,79.06666666666666,1,1,1,0.0,-1.0,0.0155029296875,0.9694673424486279,0.5241139729817709,0.3013526921427296,0.5241139729817709
2373,79.1,1,1,1,0.0,-1.0,0.015482584635416666,0.9695068134844811,0.52490234375,0.3006317694117886,0.52490234375
2374,79.13333333333334,1,1,1,0.0,-1.0,0.015024820963541666,0.9703950342806265,0.5231781005859375,0.30204905643602475,0.5231781005859375
2375,79.16666666666667,1,1,1,0.0,-1.0,0.014506022135416666,0.9714027004756982,0.5209910074869791,0.3037405777887773,0.5209910074869791
2376,79.2,1,1,1,0.0,-1.0,0.013519287109375,0.9733220180215022,0.5187632242838541,0.30527147139807587,0.5187632242838541
2377,79.23333333333333,1,1,1,0.0,-1.0,0.013275146484375,0.9737974738785602,0.5187021891276041,0.304798698511955,0.5187021891276041
2378,79.26666666666667,1,1,1,0.0,-1.0,0.012995402018229166,0.974342547780978,0.5186360677083334,0.30448962006240105,0.5186360677083334
2379,79.3,1,1,1,0.0,-1.0,0.012888590494791666,0.9745507065728367,0.5216166178385416,0.3017584676621495,0.5216166178385416
2380,79.33333333333333,1,1,1,0.0,-1.0,0.0121612548828125,0.9759695469249734,0.5234476725260416,0.30029917091349495,0.5234476725260416
2381,79.36666666666666,1,1,1,0.0,-1.0,0.011576334635416666,0.9771120126635673,0.5244903564453125,0.29953999114396934,0.5244903564453125
2382,79.4,1,1,1,0.0,-1.0,0.010213216145833334,0.9797797351637441,0.5246531168619791,0.29936593885820906,0.5246531168619791
2383,79.43333333333334,1,1,1,0.0,-1.0,0.009053548177083334,0.9820550399254302,0.5235697428385416,0.30003710382880666,0.5235697428385416
2384,79.46666666666667,1,1,1,0.0,-1.0,0.0084228515625,0.9832946502250646,0.5222371419270834,0.3006605352703881,0.5222371419270834
2385,79.5,1,1,1,0.0,-1.0,0.007512410481770833,0.9850869083051064,0.5205841064453125,0.30131980818207005,0.5205841064453125
2386,79.53333333333333,1,1,1,0.0,-1.0,0.0069122314453125,0.9862701720145801,0.5199534098307291,0.3010641045977088,0.5199534098307291
2387,79.56666666666666,1,1,1,0.0,-1.0,0.00567626953125,0.9887113354873549,0.5190582275390625,0.3011137829865064,0.5190582275390625
2388,79.6,1,1,1,0.0,-1.0,0.0052490234375,0.9895565426071349,0.5192362467447916,0.30049068155054515,0.5192362467447916
2389,79.63333333333334,1,1,1,0.0,-1.0,0.005472819010416667,0.989113655246134,0.519866943359375,0.29945620875996254,0.519866943359375
2390,79.66666666666667,1,1,1,0.0,-1.0,0.005518595377604167,0.9890231328617942,0.5195465087890625,0.2991457625692243,0.5195465087890625
2391,79.7,1,1,1,0.0,-1.0,0.005666097005208333,0.9887314010045324,0.5192972819010416,0.2987352143668015,0.5192972819010416
2392,79.73333333333333,1,1,1,0.0,-1.0,0.005167643229166667,0.9897176074152763,0.519775390625,0.2976250663144958,0.519775390625
2393,79.76666666666667,1,1,1,0.0,-1.0,0.004791259765625,0.9904629353327066,0.5205179850260416,0.2962739153428107,0.5205179850260416
2394,79.8,1,1,1,0.0,-1.0,0.0047454833984375,0.9905536229259743,0.5215657552083334,0.2947529630196128,0.5215657552083334
2395,79.83333333333333,1,1,1,0.0,-1.0,0.004552205403645833,0.9909366645474295,0.523101806640625,0.293068709392462,0.523101806640625
2396,79.86666666666666,1,1,1,0.0,-1.0,0.004781087239583333,0.9904831702781751,0.5240987141927084,0.2920444958208969,0.5240987141927084
2397,79.9,1,1,1,0.0,-1.0,0.004302978515625,0.9914307879349504,0.5251820882161459,0.29110223719214257,0.5251820882161459
2398,79.93333333333334,1,1,1,0.0,-1.0,0.004033406575520833,0.9919654827012245,0.5265706380208334,0.2899837897100816,0.5265706380208334
2399,79.96666666666667,1,1,1,0.0,-1.0,0.0034739176432291665,0.9930761338971114,0.528778076171875,0.2883012264998163,0.528778076171875
2400,80.0,1,1,1,0.0,-1.0,0.0029449462890625,0.9941273394624578,0.5314737955729166,0.2862967134657526,0.5314737955729166
2401,80.03333333333333,1,1,1,0.0,-1.0,0.0026702880859375,0.9946735846465596,0.5347849527994791,0.2838463890923767,0.5347849527994791
2402,80.06666666666666,1,1,1,0.0,-1.0,0.0026295979817708335,0.9947545287120623,0.538360595703125,0.2811437480845605,0.538360595703125
2403,80.1,1,1,1,0.0,-1.0,0.0026041666666666665,0.9948051044695659,0.5422770182291666,0.2781753359543664,0.5422770182291666
2404,80.13333333333334,1,1,1,0.0,-1.0,0.0024007161458333335,0.995209964851864,0.5455881754557291,0.2756425500699293,0.5455881754557291
2405,80.16666666666667,1,1,1,0.0,-1.0,0.0026143391927083335,0.9947848136739851,0.5488128662109375,0.27311848266474464,0.5488128662109375
2406,80.2,1,1,1,0.0,-1.0,0.0027313232421875,0.9945520186396644,0.5517578125,0.2708250025764236,0.5517578125
2407,80.23333333333333,1,1,1,0.0,-1.0,0.0030466715494791665,0.9939248369461873,0.553985595703125,0.26927508100123093,0.553985595703125
2408,80.26666666666667,1,1,1,0.0,-1.0,0.00299072265625,0.9940359726377542,0.55645751953125,0.2677065369589303,0.55645751953125
2409,80.3,1,1,1,0.0,-1.0,0.0031331380208333335,0.9937527244577145,0.5593058268229166,0.2660077897138306,0.5593058268229166
2410,80.33333333333333,1,1,1,0.0,-1.0,0.0032704671223958335,0.9934796139913832,0.5624593098958334,0.26418031186067564,0.5624593098958334
2411,80.36666666666666,1,1,1,0.0,-1.0,0.0034230550130208335,0.9931762355878435,0.565277099609375,0.2626269661515523,0.565277099609375
2412,80.4,1,1,1,0.0,-1.0,0.003692626953125,0.9926405795297029,0.5682017008463541,0.2609955349869604,0.5682017008463541
2413,80.43333333333334,1,1,1,0.0,-1.0,0.0035654703776041665,0.9928928724954214,0.5712076822916666,0.2592761407694967,0.5712076822916666
2414,80.46666666666667,1,1,1,0.0,-1.0,0.0037129720052083335,0.99259955104425,0.5736745198567709,0.2579040816013878,0.5736745198567709
2415,80.5,1,1,1,0.0,-1.0,0.003692626953125,0.9926395427083514,0.5761617024739584,0.2564281419983753,0.5761617024739584
2416,80.53333333333333,1,1,1,0.0,-1.0,0.0038350423177083335,0.9923562669177834,0.5782877604166666,0.2551981284344361,0.5782877604166666
2417,80.56666666666666,1,1,1,0.0,-1.0,0.004511515299479167,0.9910131562662723,0.5800730387369791,0.2542561343282792,0.5800730387369791
2418,80.6,1,1,1,0.0,-1.0,0.006779988606770833,0.9865216807043592,0.5824025472005209,0.25307626516679127,0.5824025472005209
2419,80.63333333333334,1,1,1,0.0,-1.0,0.008967081705729166,0.9822057471779964,0.5840301513671875,0.2524716509819377,0.5840301513671875
2420,80.66666666666667,1,1,1,0.0,-1.0,0.010965983072916666,0.9782697001504179,0.5857747395833334,0.25178500665458303,0.5857747395833334
2421,80.7,1,1,1,0.0,-1.0,0.013071695963541666,0.9741355428297767,0.5870310465494791,0.2514344767684273,0.5870310465494791
2422,80.73333333333333,1,1,1,0.0,-1.0,0.012980143229166666,0.9742968639710438,0.5892130533854166,0.25048166331171,0.5892130533854166
2423,80.76666666666667,1,1,1,0.0,-1.0,0.012522379557291666,0.9751720375970296,0.5901692708333334,0.25044737852974197,0.5901692708333334
2424,80.8,1,1,1,0.0,-1.0,0.011693318684895834,0.9767796169759679,0.5904388427734375,0.25088280655594575,0.5904388427734375
2425,80.83333333333333,1,1,1,0.0,-1.0,0.010564168294270834,0.9789801321242733,0.5914204915364584,0.25063087736955403,0.5914204915364584
2426,80.86666666666666,1,1,1,0.0,-1.0,0.010386149088541666,0.979311507630862,0.5939534505208334,0.24904883068161515,0.5939534505208334
2427,80.9,1,1,1,0.0,-1.0,0.010915120442708334,0.9782489108805915,0.5961812337239584,0.24741564233330743,0.5961812337239584
2428,80.93333333333334,1,1,1,0.0,-1.0,0.015604654947916666,0.9690441426245975,0.5950978597005209,0.24795278682872668,0.5950978597005209
2429,80.96666666666667,1,1,1,0.0,-1.0,0.0197296142578125,0.9610084664827411,0.5936381022135416,0.24907336565797328,0.5936381022135416
2430,81.0,1,1,1,0.0,-1.0,0.0289459228515625,0.9432390552470791,0.5914052327473959,0.25095737598668616,0.5914052327473959
2431,81.03333333333333,1,1,1,0.0,-1.0,0.032251993815104164,0.9368845804673591,0.5914154052734375,0.2509425627441296,0.5914154052734375
2432,81.06666666666666,1,1,1,0.0,-1.0,0.027394612630208332,0.9460766949785185,0.5912577311197916,0.2514414131451599,0.5912577311197916
2433,81.1,1,1,1,0.0,-1.0,0.029591878255208332,0.9418113387356567,0.5923817952473959,0.2509511029075989,0.5923817952473959
2434,81.13333333333334,1,1,1,0.0,-1.0,0.028264363606770832,0.9443263304914022,0.5934346516927084,0.2503797177494943,0.5934346516927084
2435,81.16666666666667,1,1,1,0.0,-1.0,0.029825846354166668,0.941349208702816,0.59344482421875,0.2504337506753369,0.59344482421875
2436,81.2,1,1,1,0.0,-1.0,0.031346638997395836,0.9385701060217805,0.5938975016276041,0.24932784236308167,0.5938975016276041
2437,81.23333333333333,1,1,1,0.0,-1.0,0.025370279947916668,0.9501742816890762,0.5899709065755209,0.25098295078707555,0.5899709065755209
2438,81.26666666666667,1,1,1,0.0,-1.0,0.034413655598958336,0.9332243139945787,0.5836334228515625,0.2542664557915377,0.5836334228515625
2439,81.3,1,1,1,0.0,-1.0,0.041514078776041664,0.9201381235058146,0.5756479899088541,0.2590091803901431,0.5756479899088541
2440,81.33333333333333,1,1,1,0.0,-1.0,0.0414886474609375,0.9203215144737218,0.5630900065104166,0.26493508297806634,0.5630900065104166
2441,81.36666666666666,1,1,1,0.0,-1.0,0.032435099283854164,0.9370974897170276,0.5538787841796875,0.26939302622101724,0.5538787841796875
2442,81.4,1,1,1,0.0,-1.0,0.025761922200520832,0.9496258958161278,0.552581787109375,0.26960569820837643,0.552581787109375
2443,81.43333333333334,1,1,1,0.0,-1.0,0.018096923828125,0.9643162077736736,0.550994873046875,0.27092071671194395,0.550994873046875
2444,81.46666666666667,1,1,1,0.0,-1.0,0.014612833658854166,0.9710653294786372,0.5550994873046875,0.26779029508485097,0.5550994873046875
2445,81.5,1,1,1,0.0,-1.0,0.00921630859375,0.9816389528115932,0.5595652262369791,0.26442546313353243,0.5595652262369791
2446,81.53333333333333,1,1,1,0.0,-1.0,0.008112589518229166,0.9838113425172952,0.5616200764973959,0.2626904643218803,0.5616200764973959
2447,81.56666666666666,1,1,1,0.0,-1.0,0.0086822509765625,0.9826741927428637,0.5614013671875,0.26229536638970125,0.5614013671875
2448,81.6,1,1,1,0.0,-1.0,0.0075836181640625,0.9848380694277394,0.559539794921875,0.26276893767829146,0.559539794921875
2449,81.63333333333334,1,1,1,0.0,-1.0,0.008046468098958334,0.9839072533447332,0.5566253662109375,0.26385152079103774,0.5566253662109375
2450,81.66666666666667,1,1,1,0.0,-1.0,0.0071868896484375,0.9856019334774078,0.5526885986328125,0.26545400345509523,0.5526885986328125
2451,81.7,1,1,1,0.0,-1.0,0.006540934244791667,0.9868785973016949,0.5478413899739584,0.2680372407424554,0.5478413899739584
2452,81.73333333333333,1,1,1,0.0,-1.0,0.006581624348958333,0.9867874464621555,0.54290771484375,0.27093507840921816,0.54290771484375
2453,81.76666666666667,1,1,1,0.0,-1.0,0.006317138671875,0.9873052393931603,0.5413055419921875,0.2722310322910261,0.5413055419921875
2454,81.8,1,1,1,0.0,-1.0,0.005157470703125,0.9896152995011278,0.5427500406901041,0.2718626898156111,0.5427500406901041
2455,81.83333333333333,1,1,1,0.0,-1.0,0.006169637044270833,0.9875796425916139,0.5468902587890625,0.27008836100924943,0.5468902587890625
2456,81.86666666666666,1,1,1,0.0,-1.0,0.006800333658854167,0.9863077982530382,0.5522867838541666,0.26718674905863427,0.5522867838541666
2457,81.9,1,1,1,0.0,-1.0,0.006139119466145833,0.9876174493816774,0.5554351806640625,0.26570174685412623,0.5554351806640625
2458,81.93333333333334,1,1,1,0.0,-1.0,0.006769816080729167,0.9863421518529365,0.5562693277994791,0.2655973287014738,0.5562693277994791
2459,81.96666666666667,1,1,1,0.0,-1.0,0.007486979166666667,0.9848909464335869,0.5546162923177084,0.26686752025199845,0.5546162923177084
2460,82.0,1,1,1,0.0,-1.0,0.0074005126953125,0.9850482472529478,0.5500335693359375,0.27041638036429383,0.5500335693359375
2461,82.03333333333333,1,1,1,0.0,-1.0,0.007939656575520834,0.9839497854494124,0.5430704752604166,0.27596629976848064,0.5430704752604166
2462,82.06666666666666,1,1,1,0.0,-1.0,0.007598876953125,0.9846154162295502,0.5315348307291666,0.28554607799293863,0.5315348307291666
2463,82.1,1,1,1,0.0,-1.0,0.0094757080078125,0.980832030521403,0.5163319905598959,0.29899528824970123,0.5163319905598959
2464,82.13333333333334,1,1,1,0.0,-1.0,0.01025390625,0.9792494082721547,0.49737548828125,0.31695268122378195,0.49737548828125
2465,82.16666666666667,1,1,1,0.0,-1.0,0.009572347005208334,0.9805834723066448,0.4814198811848958,0.33356640520000785,0.4814198811848958
2466,82.2,1,1,1,0.0,-1.0,0.010386149088541666,0.9789222848872059,0.4702911376953125,0.3462856157650011,0.4702911376953125
2467,82.23333333333333,1,1,1,0.0,-1.0,0.010498046875,0.9786883192586217,0.4622650146484375,0.35603788866855646,0.4622650146484375
2468,82.26666666666667,1,1,1,0.0,-1.0,0.012990315755208334,0.9736852884875482,0.4563446044921875,0.3631916268775013,0.4563446044921875
2469,82.3,1,1,1,0.0,-1.0,0.0201873779296875,0.9593676750086391,0.4523773193359375,0.3677771818143043,0.4523773193359375
2470,82.33333333333333,1,1,1,0.0,-1.0,0.024983723958333332,0.9498020093298232,0.4494832356770833,0.37042150238344984,0.4494832356770833
2471,82.36666666666666,1,1,1,0.0,-1.0,0.02813720703125,0.943450867161296,0.4410247802734375,0.3784902627590676,0.4410247802734375
2472,82.4,1,1,1,0.0,-1.0,0.03094482421875,0.9379125543528688,0.4390716552734375,0.3808293475641634,0.4390716552734375
2473,82.43333333333334,1,1,1,0.0,-1.0,0.031219482421875,0.9375730419906767,0.4356587727864583,0.3853310631669107,0.4356587727864583
2474,82.46666666666667,1,1,1,0.0,-1.0,0.034444173177083336,0.9319867056668941,0.4379831949869792,0.3850272176634109,0.4379831949869792
2475,82.5,1,1,1,0.0,-1.0,0.038981119791666664,0.9240669150445315,0.4427032470703125,0.381953074985972,0.4427032470703125
2476,82.53333333333333,1,1,1,0.0,-1.0,0.045201619466145836,0.9130159267612665,0.4462331136067708,0.38008254821272625,0.4462331136067708
2477,82.56666666666666,1,1,1,0.0,-1.0,0.0549774169921875,0.8955325960267668,0.4459737141927083,0.3814408971150979,0.4459737141927083
2478,82.6,1,1,1,0.0,-1.0,0.0616912841796875,0.8836430956714194,0.446044921875,0.38181570030607187,0.446044921875
2479,82.63333333333334,1,1,1,0.0,-1.0,0.052052815755208336,0.9008827855931487,0.4411366780598958,0.3865188104936728,0.4411366780598958
2480,82.66666666666667,1,1,1,0.0,-1.0,0.041900634765625,0.9193793225463778,0.43658447265625,0.3908005015913234,0.43658447265625
2481,82.7,1,1,1,0.0,-1.0,0.038386027018229164,0.9258740990609603,0.4304911295572917,0.39650557277456205,0.4304911295572917
2482,82.73333333333333,1,1,1,0.0,-1.0,0.035497029622395836,0.9312600078288777,0.4245351155598958,0.40206024930610645,0.4245351155598958
2483,82.76666666666667,1,1,1,0.0,-1.0,0.0318603515625,0.9380945531781997,0.4210408528645833,0.40526659415959576,0.4210408528645833
2484,82.8,1,1,1,0.0,-1.0,0.035486857096354164,0.9313081142028237,0.41949462890625,0.4067175168795554,0.41949462890625
2485,82.83333333333333,1,1,1,0.0,-1.0,0.043268839518229164,0.9168671369080381,0.421630859375,0.40447959276352574,0.421630859375
2486,82.86666666666666,1,1,1,0.0,-1.0,0.044270833333333336,0.9149478139406308,0.4253184000651042,0.4005654703958723,0.4253184000651042
2487,82.9,1,1,1,0.0,-1.0,0.036097208658854164,0.9299797427591621,0.4288279215494792,0.3969829077760767,0.4288279215494792
2488,82.93333333333334,1,1,1,0.0,-1.0,0.026067097981770832,0.9488633012594051,0.4251912434895833,0.4004660794111348,0.4251912434895833
2489,82.96666666666667,1,1,1,0.0,-1.0,0.0508575439453125,0.9022949979835495,0.4182179768880208,0.40623471620248575,0.4182179768880208
2490,83.0,1,1,1,0.0,-1.0,0.06285603841145833,0.8790396935731963,0.4267934163411458,0.3937903441092028,0.4267934163411458
2491,83.03333333333333,1,1,1,0.0,-1.0,0.06808980305989583,0.8655895945271423,0.4272715250651042,0.3877356680901995,0.4272715250651042
2492,83.06666666666666,1,1,1,0.0,-1.0,0.07059224446614583,0.8557058891126657,0.4270782470703125,0.3830976699905666,0.4270782470703125
2493,83.1,1,1,1,0.0,-1.0,0.0590667724609375,0.8747206165432668,0.4297536214192708,0.3790378542672742,0.4297536214192708
2494,83.13333333333334,1,1,1,0.0,-1.0,0.07122294108072917,0.8517657507830154,0.4402211507161458,0.37139760003807126,0.4402211507161458
2495,83.16666666666667,1,1,1,0.0,-1.0,0.07923380533854167,0.8402215932242914,0.4489084879557292,0.36635345803996633,0.4489084879557292
2496,83.2,1,1,1,0.0,-1.0,0.091522216796875,0.8222572395196943,0.4561971028645833,0.3628354977141319,0.4561971028645833
2497,83.23333333333333,1,1,1,0.0,-1.0,0.10648600260416667,0.8009227665564096,0.454681396484375,0.36740582118913123,0.454681396484375
2498,83.26666666666667,1,1,1,0.0,-1.0,0.12230428059895833,0.7790553028800686,0.4460856119791667,0.37820235906317257,0.4460856119791667
2499,83.3,1,1,1,0.0,-1.0,0.13113911946614584,0.7676986651659545,0.4364725748697917,0.38971410208481494,0.4364725748697917
2500,83.33333333333333,1,1,1,0.0,-1.0,0.1407012939453125,0.7529791642268018,0.4393717447916667,0.3886447951142634,0.4393717447916667
2501,83.36666666666666,1,1,1,0.0,-1.0,0.15176900227864584,0.7325391458223836,0.4529012044270833,0.3765546764923223,0.4529012044270833
2502,83.4,1,1,1,0.0,-1.0,0.17062886555989584,0.6942026279483269,0.4594980875651042,0.36871703679543555,0.4594980875651042
2503,83.43333333333334,1,1,1,0.0,-1.0,0.18387858072916666,0.6541265983568525,0.4806620279947917,0.34367240328370796,0.4806620279947917
2504,83.46666666666667,1,1,1,0.0,-1.0,0.18448384602864584,0.6190224078858636,0.5123850504557291,0.30696002307261294,0.5123850504557291
2505,83.5,1,1,1,0.0,-1.0,0.17200215657552084,0.592881478445213,0.5152130126953125,0.29633220701516333,0.5152130126953125
2506,83.53333333333333,1,1,1,0.0,-1.0,0.14395650227864584,0.5889831263502836,0.5396626790364584,0.2679715223573742,0.5396626790364584
2507,83.56666666666666,1,1,1,0.0,-1.0,0.11985270182291667,0.5885611275119067,0.5295359293619791,0.2733863959779854,0.5295359293619791
2508,83.6,1,1,1,0.0,-1.0,0.07447306315104167,0.6496703506472328,0.5432230631510416,0.2540378859972498,0.5432230631510416
2509,83.63333333333334,1,1,1,0.0,-1.0,0.039037068684895836,0.6826056347275806,0.5681406656901041,0.2270196196441838,0.5681406656901041
2510,83.66666666666667,1,1,1,0.0,-1.0,0.014211018880208334,0.778362045445763,0.5777028401692709,0.21961123311884703,0.5777028401692709
2511,83.7,1,1,1,0.0,-1.0,0.008595784505208334,0.8215844143339275,0.5843302408854166,0.215360767051945,0.5843302408854166
2512,83.73333333333333,1,1,1,0.0,-1.0,0.006296793619791667,0.838252996269292,0.5884195963541666,0.21199407749688617,0.5884195963541666
2513,83.76666666666667,1,1,1,0.0,-1.0,0.004180908203125,0.863175642888818,0.5877939860026041,0.21139450124762438,0.5877939860026041
2514,83.8,1,1,1,0.0,-1.0,0.0022532145182291665,0.9108597923644952,0.5829315185546875,0.21353170507699487,0.5829315185546875
2515,83.83333333333333,1,1,1,0.0,-1.0,0.0026804606119791665,0.8912270243767928,0.5758870442708334,0.21705298161677253,0.5758870442708334
2516,83.86666666666666,1,1,1,0.0,-1.0,0.0031534830729166665,0.8748527609676187,0.5692342122395834,0.22059617454086702,0.5692342122395834
2517,83.9,1,1,1,0.0,-1.0,0.004587809244791667,0.8346328015058588,0.565399169921875,0.22313425337080797,0.565399169921875
2518,83.93333333333334,1,1,1,0.0,-1.0,0.005625406901041667,0.815251458849153,0.5657501220703125,0.22353291177867265,0.5657501220703125
2519,83.96666666666667,1,1,1,0.0,-1.0,0.006988525390625,0.7895430949636151,0.5692647298177084,0.22207781731355244,0.5692647298177084
2520,84.0,1,1,1,0.0,-1.0,0.008056640625,0.7774466641488447,0.5734202067057291,0.2201579209555169,0.5734202067057291
2521,84.03333333333333,1,1,1,0.0,-1.0,0.01031494140625,0.7570340516365341,0.5737101236979166,0.22132634334159634,0.5737101236979166
2522,84.06666666666666,1,1,1,0.0,-1.0,0.0115509033203125,0.7778499781983661,0.5705108642578125,0.2248115238613283,0.5705108642578125
2523,84.1,1,1,1,0.0,-1.0,0.012659708658854166,0.8031883152899401,0.5612030029296875,0.23252337157821687,0.5612030029296875
2524,84.13333333333334,1,1,1,0.0,-1.0,0.014241536458333334,0.8204156363776152,0.5510355631510416,0.24056702286597803,0.5510355631510416
2525,84.16666666666667,1,1,1,0.0,-1.0,0.015986124674479168,0.8343483862679006,0.5404612223307291,0.24905123941463442,0.5404612223307291
2526,84.2,1,1,1,0.0,-1.0,0.018218994140625,0.8432851698268471,0.5318806966145834,0.25655613527980564,0.5318806966145834
2527,84.23333333333333,1,1,1,0.0,-1.0,0.02093505859375,0.8488232458908438,0.5253397623697916,0.2631370681167465,0.5253397623697916
2528,84.26666666666667,1,1,1,0.0,-1.0,0.02398681640625,0.8532259597968848,0.5206858317057291,0.26904800284388425,0.5206858317057291
2529,84.3,1,1,1,0.0,-1.0,0.025456746419270832,0.8643265955981541,0.5187276204427084,0.27301507452604024,0.5187276204427084
2530,84.33333333333333,1,1,1,0.0,-1.0,0.025121053059895832,0.8792427423016357,0.5215606689453125,0.27261139299909015,0.5215606689453125
2531,84.36666666666666,1,1,1,0.0,-1.0,0.025177001953125,0.8877364868779987,0.5235137939453125,0.2722922862774448,0.5235137939453125
2532,84.4,1,1,1,0.0,-1.0,0.026280721028645832,0.8875463251890283,0.5281117757161459,0.26815250325805806,0.5281117757161459
2533,84.43333333333334,1,1,1,0.0,-1.0,0.02520751953125,0.8926962945915906,0.5310923258463541,0.2645306559546532,0.5310923258463541
2534,84.46666666666667,1,1,1,0.0,-1.0,0.026392618815104168,0.8888415916794886,0.5328877766927084,0.26202261436837626,0.5328877766927084
2535,84.5,1,1,1,0.0,-1.0,0.026209513346354168,0.8903899513991071,0.5345102945963541,0.2592115395932784,0.5345102945963541
2536,84.53333333333333,1,1,1,0.0,-1.0,0.028594970703125,0.8822670968159425,0.5364939371744791,0.25668006864526693,0.5364939371744791
2537,84.56666666666666,1,1,1,0.0,-1.0,0.028167724609375,0.8847919898538656,0.5386810302734375,0.25380451232267714,0.5386810302734375
2538,84.6,1,1,1,0.0,-1.0,0.029566446940104168,0.8801749913908454,0.5416310628255209,0.2509914865566334,0.5416310628255209
2539,84.63333333333334,1,1,1,0.0,-1.0,0.031275431315104164,0.8742022804837992,0.5456390380859375,0.2474921846426894,0.5456390380859375
2540,84.66666666666667,1,1,1,0.0,-1.0,0.033162434895833336,0.8677176391188974,0.5512491861979166,0.2434917329902301,0.5512491861979166
2541,84.7,1,1,1,0.0,-1.0,0.032435099283854164,0.8705737867136651,0.5584259033203125,0.2379325015453621,0.5584259033203125
2542,84.73333333333333,1,1,1,0.0,-1.0,0.032933553059895836,0.8687480780176978,0.5672454833984375,0.23160701449722704,0.5672454833984375
2543,84.76666666666667,1,1,1,0.0,-1.0,0.029810587565104168,0.8801792727727571,0.5747782389322916,0.22599400683451581,0.5747782389322916
2544,84.8,1,1,1,0.0,-1.0,0.023961385091145832,0.9019347206485275,0.5784861246744791,0.22334937216932557,0.5784861246744791
2545,84.83333333333333,1,1,1,0.0,-1.0,0.005940755208333333,0.9741572394562701,0.5768280029296875,0.22398883718408127,0.5768280029296875
2546,84.86666666666666,1,1,1,0.0,-1.0,0.0021464029947916665,0.9904982395142932,0.57330322265625,0.22588057860119695,0.57330322265625
2547,84.9,1,1,1,0.0,-1.0,0.004302978515625,0.9812022577354775,0.5687764485677084,0.22832376458698855,0.5687764485677084
2548,84.93333333333334,1,1,1,0.0,-1.0,0.0042877197265625,0.9814545113889063,0.5630289713541666,0.23131089001222138,0.5630289713541666
2549,84.96666666666667,1,1,1,0.0,-1.0,0.0036722819010416665,0.9842142875014497,0.5575307210286459,0.23424174391428465,0.5575307210286459
2550,85.0,1,1,1,0.0,-1.0,0.0035349527994791665,0.9848816738016417,0.5540415445963541,0.23601424122050702,0.5540415445963541
2551,85.03333333333333,1,1,1,0.0,-1.0,0.0033111572265625,0.9859232292336391,0.5524139404296875,0.23687638127114655,0.5524139404296875
2552,85.06666666666666,1,1,1,0.0,-1.0,0.0038248697916666665,0.9838604433103327,0.5517171223958334,0.23739289753481174,0.5517171223958334
2553,85.1,1,1,1,0.0,-1.0,0.0043792724609375,0.9816693498735201,0.552337646484375,0.23727093202868837,0.552337646484375
2554,85.13333333333334,1,1,1,0.0,-1.0,0.0043792724609375,0.981774847266915,0.5535329182942709,0.23687995551586816,0.5535329182942709
2555,85.16666666666667,1,1,1,0.0,-1.0,0.004282633463541667,0.9822752482729888,0.5555775960286459,0.23591172516213196,0.5555775960286459
2556,85.2,1,1,1,0.0,-1.0,0.004201253255208333,0.9826983020957858,0.5571390787760416,0.23523059662066967,0.5571390787760416
2557,85.23333333333333,1,1,1,0.0,-1.0,0.0035298665364583335,0.9855013169394378,0.5584818522135416,0.2345705214850976,0.5584818522135416
2558,85.26666666666667,1,1,1,0.0,-1.0,0.0032806396484375,0.9865687035530792,0.5586598714192709,0.23439221318608636,0.5586598714192709
2559,85.3,1,1,1,0.0,-1.0,0.0028839111328125,0.9882461166475746,0.5569407145182291,0.23506240264521874,0.5569407145182291
2560,85.33333333333333,1,1,1,0.0,-1.0,0.0034586588541666665,0.9860431936921112,0.5533345540364584,0.23664337970092986,0.5533345540364584
2561,85.36666666666666,1,1,1,0.0,-1.0,0.00390625,0.9844429102841753,0.5492604573567709,0.2385424266808621,0.5492604573567709
2562,85.4,1,1,1,0.0,-1.0,0.005106608072916667,0.9800504377272509,0.5469309488932291,0.23982719673207797,0.5469309488932291
2563,85.43333333333334,1,1,1,0.0,-1.0,0.006927490234375,0.9736917223621628,0.5480753580729166,0.23963731281056536,0.5480753580729166
2564,85.46666666666667,1,1,1,0.0,-1.0,0.0075531005859375,0.972144115345372,0.5520579020182291,0.23805440369760558,0.5520579020182291
2565,85.5,1,1,1,0.0,-1.0,0.008565266927083334,0.9692961699277016,0.5578155517578125,0.23524812238043688,0.5578155517578125
2566,85.53333333333333,1,1,1,0.0,-1.0,0.0090789794921875,0.9681916477091232,0.5631764729817709,0.23281096814313565,0.5631764729817709
2567,85.56666666666666,1,1,1,0.0,-1.0,0.007837931315104166,0.9729168895907491,0.56781005859375,0.23053539017873909,0.56781005859375
2568,85.6,1,1,1,0.0,-1.0,0.007227579752604167,0.975318058167892,0.5707956949869791,0.22939840253243696,0.5707956949869791
2569,85.63333333333334,1,1,1,0.0,-1.0,0.0069732666015625,0.9764405196794842,0.5737406412760416,0.22821118850842348,0.5737406412760416
2570,85.66666666666667,1,1,1,0.0,-1.0,0.006663004557291667,0.977660726275853,0.5762532552083334,0.2272968637476885,0.5762532552083334
2571,85.7,1,1,1,0.0,-1.0,0.006749471028645833,0.9775056324979743,0.5774129231770834,0.2269571022024575,0.5774129231770834
2572,85.73333333333333,1,1,1,0.0,-1.0,0.0069122314453125,0.9770322431073257,0.5765380859375,0.22731682959735264,0.5765380859375
2573,85.76666666666667,1,1,1,0.0,-1.0,0.006764729817708333,0.9775110125588142,0.5717366536458334,0.22969204378023728,0.5717366536458334
2574,85.8,1,1,1,0.0,-1.0,0.0068817138671875,0.9771290780598894,0.5640614827473959,0.23367101130390783,0.5640614827473959
2575,85.83333333333333,1,1,1,0.0,-1.0,0.007029215494791667,0.9766155515171653,0.5561370849609375,0.23781133747537303,0.5561370849609375
2576,85.86666666666666,1,1,1,0.0,-1.0,0.007008870442708333,0.9766520150037187,0.5507914225260416,0.24060798272369543,0.5507914225260416
2577,85.9,1,1,1,0.0,-1.0,0.007085164388020833,0.9763257898033237,0.5481465657552084,0.24220005179906062,0.5481465657552084
2578,85.93333333333334,1,1,1,0.0,-1.0,0.007527669270833333,0.9748185718583329,0.5485585530598959,0.24203903246537267,0.5485585530598959
2579,85.96666666666667,1,1,1,0.0,-1.0,0.007227579752604167,0.9757692721377742,0.5505828857421875,0.24095643075591103,0.5505828857421875
2580,86.0,1,1,1,0.0,-1.0,0.0066680908203125,0.9775929261816237,0.5511067708333334,0.24102828149366817,0.5511067708333334
2581,86.03333333333333,1,1,1,0.0,-1.0,0.006566365559895833,0.9779284785711705,0.5505116780598959,0.24190156177323763,0.5505116780598959
2582,86.06666666666666,1,1,1,0.0,-1.0,0.006200154622395833,0.979127623529632,0.5500030517578125,0.2421968016330083,0.5500030517578125
2583,86.1,1,1,1,0.0,-1.0,0.006373087565104167,0.9785321477886499,0.5480448404947916,0.24342196325412815,0.5480448404947916
2584,86.13333333333334,1,1,1,0.0,-1.0,0.0057830810546875,0.9804875368186073,0.5450592041015625,0.2451089533001316,0.5450592041015625
2585,86.16666666666667,1,1,1,0.0,-1.0,0.005701700846354167,0.9807482247349683,0.5425364176432291,0.24601509179717634,0.5425364176432291
2586,86.2,1,1,1,0.0,-1.0,0.005345662434895833,0.9819123232813288,0.5399169921875,0.24673389782613084,0.5399169921875
2587,86.23333333333333,1,1,1,0.0,-1.0,0.005157470703125,0.982533711334207,0.5373128255208334,0.24757933082630237,0.5373128255208334
2588,86.26666666666667,1,1,1,0.0,-1.0,0.0049591064453125,0.9831991933533328,0.5363006591796875,0.247517682278283,0.5363006591796875
2589,86.3,1,1,1,0.0,-1.0,0.004750569661458333,0.983894977610527,0.5363718668619791,0.24712274897896175,0.5363718668619791
2590,86.33333333333333,1,1,1,0.0,-1.0,0.004216512044270833,0.9856863962606393,0.5364430745442709,0.2470428825370968,0.5364430745442709
2591,86.36666666666666,1,1,1,0.0,-1.0,0.004018147786458333,0.9863494893234408,0.536529541015625,0.24711091068040714,0.536529541015625
2592,86.4,1,1,1,0.0,-1.0,0.0035552978515625,0.9879077765440054,0.5371297200520834,0.24687168184075942,0.5371297200520834
2593,86.43333333333334,1,1,1,0.0,-1.0,0.0031026204427083335,0.9894419166192988,0.5382588704427084,0.24628791410464684,0.5382588704427084
2594,86.46666666666667,1,1,1,0.0,-1.0,0.003173828125,0.9892060166904083,0.5396321614583334,0.24561475403579547,0.5396321614583334
2595,86.5,1,1,1,0.0,-1.0,0.0028228759765625,0.9903979980422484,0.5405171712239584,0.24521945652140711,0.5405171712239584
2596,86.53333333333333,1,1,1,0.0,-1.0,0.0028635660807291665,0.990258809421012,0.540802001953125,0.245127245499763,0.540802001953125
2597,86.56666666666666,1,1,1,0.0,-1.0,0.0024973551432291665,0.9914997378966932,0.5400390625,0.24556922066116496,0.5400390625
2598,86.6,1,1,1,0.0,-1.0,0.0025177001953125,0.9914391052033384,0.5378621419270834,0.24675118205904847,0.5378621419270834
2599,86.63333333333334,1,1,1,0.0,-1.0,0.0024820963541666665,0.9915687242526243,0.5351765950520834,0.24824410096987268,0.5351765950520834
2600,86.66666666666667,1,1,1,0.0,-1.0,0.002532958984375,0.9914086276648195,0.5333048502604166,0.24940347009358335,0.5333048502604166
2601,86.7,1,1,1,0.0,-1.0,0.0025227864583333335,0.9914571018990583,0.5328216552734375,0.2499913648294898,0.5328216552734375
2602,86.73333333333333,1,1,1,0.0,-1.0,0.0025533040364583335,0.9913675340543708,0.5339101155598959,0.24986231666838984,0.5339101155598959
2603,86.76666666666667,1,1,1,0.0,-1.0,0.00244140625,0.9917590675268191,0.5362803141276041,0.2491019800695936,0.5362803141276041
2604,86.8,1,1,1,0.0,-1.0,0.0027516682942708335,0.990730518405695,0.539276123046875,0.24809888342339811,0.539276123046875
2605,86.83333333333333,1,1,1,0.0,-1.0,0.002838134765625,0.9904567477819559,0.5419158935546875,0.24732479108367675,0.5419158935546875
2606,86.86666666666666,1,1,1,0.0,-1.0,0.0028432210286458335,0.9904540194698495,0.5445048014322916,0.24655887780911495,0.5445048014322916
2607,86.9,1,1,1,0.0,-1.0,0.0028279622395833335,0.9905196518719133,0.5461273193359375,0.2462784905113584,0.5461273193359375
2608,86.93333333333334,1,1,1,0.0,-1.0,0.0026652018229166665,0.9910727088783484,0.5468851725260416,0.24629698303116473,0.5468851725260416
2609,86.96666666666667,1,1,1,0.0,-1.0,0.0026448567708333335,0.9911549918954606,0.5462646484375,0.24678915143087787,0.5462646484375
2610,87.0,1,1,1,0.0,-1.0,0.0027008056640625,0.990980855765351,0.5444895426432291,0.247635133473408,0.5444895426432291
2611,87.03333333333333,1,1,1,0.0,-1.0,0.002777099609375,0.9907390063510348,0.5423024495442709,0.24882047287090053,0.5423024495442709
2612,87.06666666666666,1,1,1,0.0,-1.0,0.0027364095052083335,0.9908853918707475,0.5415598551432291,0.24934475763350003,0.5415598551432291
2613,87.1,1,1,1,0.0,-1.0,0.0027516682942708335,0.9908438305940819,0.5427144368489584,0.24917405800960954,0.5427144368489584
2614,87.13333333333334,1,1,1,0.0,-1.0,0.0025838216145833335,0.991410477810617,0.5457051595052084,0.2482192208101654,0.5457051595052084
2615,87.16666666666667,1,1,1,0.0,-1.0,0.0026804606119791665,0.9911017727772287,0.5506235758463541,0.24619765968690493,0.5506235758463541
2616,87.2,1,1,1,0.0,-1.0,0.0023345947265625,0.9922531278097722,0.555572509765625,0.244386087094101,0.555572509765625
2617,87.23333333333333,1,1,1,0.0,-1.0,0.0022837320963541665,0.9924252078426833,0.5613352457682291,0.24225737666311,0.5613352457682291
2618,87.26666666666667,1,1,1,0.0,-1.0,0.0022176106770833335,0.9926469179573114,0.5667165120442709,0.24044889232263683,0.5667165120442709
2619,87.3,1,1,1,0.0,-1.0,0.0024363199869791665,0.9919300258780352,0.5710194905598959,0.23909682048703318,0.5710194905598959
2620,87.33333333333333,1,1,1,0.0,-1.0,0.004460652669270833,0.9853127867800635,0.5734761555989584,0.23840389063700648,0.5734761555989584
2621,87.36666666666666,1,1,1,0.0,-1.0,0.0047760009765625,0.9843161790924102,0.5736236572265625,0.23790206847573192,0.5736236572265625
2622,87.4,1,1,1,0.0,-1.0,0.0036468505859375,0.9880283651166557,0.5707194010416666,0.23857574479446222,0.5707194010416666
2623,87.43333333333334,1,1,1,0.0,-1.0,0.0036570231119791665,0.9880439768973865,0.5677388509114584,0.23986654999597684,0.5677388509114584
2624,87.46666666666667,1,1,1,0.0,-1.0,0.00396728515625,0.9871152279086116,0.5689442952473959,0.2394406942878313,0.5689442952473959
2625,87.5,1,1,1,0.0,-1.0,0.0045928955078125,0.9852094490088633,0.5728658040364584,0.23788456241188063,0.5728658040364584
2626,87.53333333333333,1,1,1,0.0,-1.0,0.0058135986328125,0.9815209008041983,0.5765787760416666,0.2370820951279811,0.5765787760416666
2627,87.56666666666666,1,1,1,0.0,-1.0,0.006174723307291667,0.9806521526077991,0.580535888671875,0.23612785973302042,0.580535888671875
2628,87.6,1,1,1,0.0,-1.0,0.006205240885416667,0.9808186991648726,0.5839792887369791,0.2354509197092659,0.5839792887369791
2629,87.63333333333334,1,1,1,0.0,-1.0,0.005925496419270833,0.9818936062568859,0.5874226888020834,0.2347170037125544,0.5874226888020834
2630,87.66666666666667,1,1,1,0.0,-1.0,0.0068359375,0.9793534753093649,0.5916544596354166,0.23335528151652676,0.5916544596354166
2631,87.7,1,1,1,0.0,-1.0,0.0070953369140625,0.9787911213133762,0.5955657958984375,0.2320508462689894,0.5955657958984375
2632,87.73333333333333,1,1,1,0.0,-1.0,0.008092244466145834,0.9761310405050142,0.5978647867838541,0.23137616745141526,0.5978647867838541
2633,87.76666666666667,1,1,1,0.0,-1.0,0.008539835611979166,0.9751702050708614,0.5962473551432291,0.2324564711499328,0.5962473551432291
2634,87.8,1,1,1,0.0,-1.0,0.008946736653645834,0.9743580261099152,0.5916900634765625,0.23509200815793535,0.5916900634765625
2635,87.83333333333333,1,1,1,0.0,-1.0,0.009465535481770834,0.9732582684588891,0.5874481201171875,0.2376974595932576,0.5874481201171875
2636,87.86666666666666,1,1,1,0.0,-1.0,0.010630289713541666,0.9703931181684677,0.5864919026692709,0.23880936039043915,0.5864919026692709
2637,87.9,1,1,1,0.0,-1.0,0.012369791666666666,0.9660382484731472,0.586883544921875,0.2397769453985433,0.586883544921875
2638,87.93333333333334,1,1,1,0.0,-1.0,0.014409383138020834,0.960938662579097,0.5889231363932291,0.23981318967638043,0.5889231363932291
2639,87.96666666666667,1,1,1,0.0,-1.0,0.016204833984375,0.9564560445536832,0.5902811686197916,0.24019431444660683,0.5902811686197916
2640,88.0,1,1,1,0.0,-1.0,0.020044962565104168,0.9465709675728398,0.5926615397135416,0.23975706378412834,0.5926615397135416
2641,88.03333333333333,1,1,1,0.0,-1.0,0.019434611002604168,0.9484101065396557,0.5958607991536459,0.2390217248033898,0.5958607991536459
2642,88.06666666666666,1,1,1,0.0,-1.0,0.018091837565104168,0.952183244070443,0.5974375406901041,0.2390040449609559,0.5974375406901041
2643,88.1,1,1,1,0.0,-1.0,0.016092936197916668,0.9575427216489758,0.595062255859375,0.24090857093856652,0.595062255859375
2644,88.13333333333334,1,1,1,0.0,-1.0,0.0144500732421875,0.9617312233001677,0.5905354817708334,0.24302789248413703,0.5905354817708334
2645,88.16666666666667,1,1,1,0.0,-1.0,0.012858072916666666,0.9656838775090048,0.583648681640625,0.24636504258584835,0.583648681640625
2646,88.2,1,1,1,0.0,-1.0,0.013020833333333334,0.9651682033134655,0.5756072998046875,0.2509336067615944,0.5756072998046875
2647,88.23333333333333,1,1,1,0.0,-1.0,0.011973063151041666,0.9679683866957299,0.5692189534505209,0.2552176923457545,0.5692189534505209
2648,88.26666666666667,1,1,1,0.0,-1.0,0.012542724609375,0.9666340836903307,0.5657501220703125,0.2582930101426174,0.5657501220703125
2649,88.3,1,1,1,0.0,-1.0,0.012603759765625,0.9666530048349331,0.5664571126302084,0.25849874130509365,0.5664571126302084
2650,88.33333333333333,1,1,1,0.0,-1.0,0.011515299479166666,0.9696498456996956,0.5685882568359375,0.25791550636717264,0.5685882568359375
2651,88.36666666666666,1,1,1,0.0,-1.0,0.011240641276041666,0.9704877524390041,0.5721689860026041,0.2562457189562031,0.5721689860026041
2652,88.4,1,1,1,0.0,-1.0,0.0109405517578125,0.9712739113362474,0.5775349934895834,0.25301365522754543,0.5775349934895834
2653,88.43333333333334,1,1,1,0.0,-1.0,0.009796142578125,0.9742542446729597,0.5815887451171875,0.2507498069105504,0.5815887451171875
2654,88.46666666666667,1,1,1,0.0,-1.0,0.010599772135416666,0.9721754804812288,0.5842488606770834,0.24896677636128361,0.5842488606770834
2655,88.5,1,1,1,0.0,-1.0,0.013203938802083334,0.9653860244211849,0.5862681070963541,0.24661002134120735,0.5862681070963541
2656,88.53333333333333,1,1,1,0.0,-1.0,0.013285319010416666,0.9649731264097425,0.5843505859375,0.24656398602209784,0.5843505859375
2657,88.56666666666666,1,1,1,0.0,-1.0,0.012446085611979166,0.9668303884471781,0.5820871988932291,0.24640942036423893,0.5820871988932291
2658,88.6,1,1,1,0.0,-1.0,0.010289510091145834,0.9722159415750239,0.5795491536458334,0.24713531248452197,0.5795491536458334
2659,88.63333333333334,1,1,1,0.0,-1.0,0.009694417317708334,0.9736303543431357,0.5787760416666666,0.2469682325471189,0.5787760416666666
2660,88.66666666666667,1,1,1,0.0,-1.0,0.008229573567708334,0.9774409325872555,0.5785929361979166,0.24691653996422455,0.5785929361979166
2661,88.7,1,1,1,0.0,-1.0,0.008127848307291666,0.977670245586735,0.5802154541015625,0.24575469390760157,0.5802154541015625
2662,88.73333333333333,1,1,1,0.0,-1.0,0.007893880208333334,0.9783213669787052,0.5827178955078125,0.24399486681443322,0.5827178955078125
2663,88.76666666666667,1,1,1,0.0,-1.0,0.008051554361979166,0.9779277105219875,0.5839487711588541,0.2429585198750715,0.5839487711588541
2664,88.8,1,1,1,0.0,-1.0,0.0077972412109375,0.9786341551934166,0.5842539469401041,0.2426762968884525,0.5842539469401041
2665,88.83333333333333,1,1,1,0.0,-1.0,0.007695515950520833,0.9789913773022721,0.5842997233072916,0.2425245401862737,0.5842997233072916
2666,88.86666666666666,1,1,1,0.0,-1.0,0.008575439453125,0.9766880902388293,0.5833485921223959,0.24254267890636722,0.5833485921223959
2667,88.9,1,1,1,0.0,-1.0,0.010533650716145834,0.9713921799524889,0.5824025472005209,0.2417517286359622,0.5824025472005209
2668,88.93333333333334,1,1,1,0.0,-1.0,0.008631388346354166,0.9764203669191623,0.5793863932291666,0.24325072614098664,0.5793863932291666
2669,88.96666666666667,1,1,1,0.0,-1.0,0.007731119791666667,0.9788787755867931,0.5765787760416666,0.245031205881114,0.5765787760416666
2670,89.0,1,1,1,0.0,-1.0,0.00677490234375,0.9814931560019164,0.5762786865234375,0.24543872027164026,0.5762786865234375
2671,89.03333333333333,1,1,1,0.0,-1.0,0.00628662109375,0.9828549277452623,0.5778910319010416,0.2449166868073337,0.5778910319010416
2672,89.06666666666666,1,1,1,0.0,-1.0,0.0073089599609375,0.9801722814241939,0.5801544189453125,0.2439390783363311,0.5801544189453125
2673,89.1,1,1,1,0.0,-1.0,0.0072021484375,0.9804820025847103,0.5829010009765625,0.24259966174186548,0.5829010009765625
2674,89.13333333333334,1,1,1,0.0,-1.0,0.006052652994791667,0.9835731656348506,0.5856984456380209,0.24119891069651922,0.5856984456380209
2675,89.16666666666667,1,1,1,0.0,-1.0,0.006535847981770833,0.9822789087210593,0.5883636474609375,0.23971811621359534,0.5883636474609375
2676,89.2,1,1,1,0.0,-1.0,0.00677490234375,0.9816295138659088,0.5892130533854166,0.2390863243890178,0.5892130533854166
2677,89.23333333333333,1,1,1,0.0,-1.0,0.0072784423828125,0.9802593916679982,0.5875447591145834,0.23964335393324498,0.5875447591145834
2678,89.26666666666667,1,1,1,0.0,-1.0,0.008931477864583334,0.9758269495078926,0.5846048990885416,0.2410696413504477,0.5846048990885416
2679,89.3,1,1,1,0.0,-1.0,0.009134928385416666,0.9752965354426115,0.5822652180989584,0.2423207108606489,0.5822652180989584
2680,89.33333333333333,1,1,1,0.0,-1.0,0.008977254231770834,0.9757210327078463,0.5803782145182291,0.24363144795495778,0.5803782145182291
2681,89.36666666666666,1,1,1,0.0,-1.0,0.007364908854166667,0.9800296995673827,0.5792897542317709,0.24520048468448963,0.5792897542317709
2682,89.4,1,1,1,0.0,-1.0,0.007415771484375,0.9799372859785462,0.57952880859375,0.24623149610913467,0.57952880859375
2683,89.43333333333334,1,1,1,0.0,-1.0,0.0080413818359375,0.978337126735528,0.5792592366536459,0.24772796684532447,0.5792592366536459
2684,89.46666666666667,1,1,1,0.0,-1.0,0.007685343424479167,0.9793792211060901,0.5788370768229166,0.2490752190034996,0.5788370768229166
2685,89.5,1,1,1,0.0,-1.0,0.007436116536458333,0.9801727341718682,0.5764821370442709,0.2514011347613098,0.5764821370442709
2686,89.53333333333333,1,1,1,0.0,-1.0,0.0079803466796875,0.9788590128597114,0.573272705078125,0.2537771757017502,0.573272705078125
2687,89.56666666666666,1,1,1,0.0,-1.0,0.008387247721354166,0.9778772786584552,0.5700429280598959,0.2560692588975325,0.5700429280598959
2688,89.6,1,1,1,0.0,-1.0,0.0086212158203125,0.9773593405634878,0.5681254069010416,0.25806438587442776,0.5681254069010416
2689,89.63333333333334,1,1,1,0.0,-1.0,0.01116943359375,0.9709434266353554,0.5693766276041666,0.2584440954764052,0.5693766276041666
2690,89.66666666666667,1,1,1,0.0,-1.0,0.014806111653645834,0.9619623891131563,0.5710550944010416,0.25898790654883896,0.5710550944010416
2691,89.7,1,1,1,0.0,-1.0,0.016850789388020832,0.9571695602001915,0.5724639892578125,0.2596633247290832,0.5724639892578125
2692,89.73333333333333,1,1,1,0.0,-1.0,0.020416259765625,0.9487704150662126,0.5775248209635416,0.2570285895336445,0.5775248209635416
2693,89.76666666666667,1,1,1,0.0,-1.0,0.024831136067708332,0.9384670391399779,0.5791524251302084,0.25668645765981035,0.5791524251302084
2694,89.8,1,1,1,0.0,-1.0,0.029947916666666668,0.9266464525023641,0.5795084635416666,0.2568097325018638,0.5795084635416666
2695,89.83333333333333,1,1,1,0.0,-1.0,0.030695597330729168,0.9248747174275418,0.58197021484375,0.2548633957872478,0.58197021484375
2696,89.86666666666666,1,1,1,0.0,-1.0,0.0306243896484375,0.9249337666609461,0.5811411539713541,0.2555927395688887,0.5811411539713541
2697,89.9,1,1,1,0.0,-1.0,0.0311279296875,0.9236158799093827,0.5827891031901041,0.2544997375256179,0.5827891031901041
2698,89.93333333333334,1,1,1,0.0,-1.0,0.0319061279296875,0.9215646849192962,0.5852457682291666,0.2527698979557682,0.5852457682291666
2699,89.96666666666667,1,1,1,0.0,-1.0,0.031697591145833336,0.9216320925552814,0.58880615234375,0.25010988868382084,0.58880615234375
2700,90.0,1,1,1,0.0,-1.0,0.029093424479166668,0.9273417667471764,0.5944620768229166,0.24587083893800615,0.5944620768229166
2701,90.03333333333333,1,1,1,0.0,-1.0,0.023681640625,0.9402445614879579,0.5957692464192709,0.24503689812466417,0.5957692464192709
2702,90.06666666666666,1,1,1,0.0,-1.0,0.0191497802734375,0.9513315082676634,0.5992889404296875,0.2424671995123543,0.5992889404296875
2703,90.1,1,1,1,0.0,-1.0,0.015950520833333332,0.9593071293444617,0.6030985514322916,0.23957900452150407,0.6030985514322916
2704,90.13333333333334,1,1,1,0.0,-1.0,0.015462239583333334,0.9605049614768078,0.605224609375,0.237780767837644,0.605224609375
2705,90.16666666666667,1,1,1,0.0,-1.0,0.014892578125,0.9618546467373772,0.6092885335286459,0.23450690005361674,0.6092885335286459
2706,90.2,1,1,1,0.0,-1.0,0.01788330078125,0.9544271866720617,0.6133473714192709,0.23140867664406856,0.6133473714192709
2707,90.23333333333333,1,1,1,0.0,-1.0,0.023198445638020832,0.941927047968936,0.6184539794921875,0.22801037663604512,0.6184539794921875
2708,90.26666666666667,1,1,1,0.0,-1.0,0.024515787760416668,0.939712949531344,0.6252593994140625,0.2233301673502241,0.6252593994140625
2709,90.3,1,1,1,0.0,-1.0,0.0251312255859375,0.9395712988778862,0.6297607421875,0.2206601987195726,0.6297607421875
2710,90.33333333333333,1,1,1,0.0,-1.0,0.027592976888020832,0.9356704501843056,0.6328379313151041,0.21926110256306686,0.6328379313151041
2711,90.36666666666666,1,1,1,0.0,-1.0,0.030904134114583332,0.9301615836058983,0.635406494140625,0.21818540190414887,0.635406494140625
2712,90.4,1,1,1,0.0,-1.0,0.035029093424479164,0.9233402972965126,0.6356658935546875,0.2192776040855116,0.6356658935546875
2713,90.43333333333334,1,1,1,0.0,-1.0,0.0357666015625,0.9240013459271594,0.6367085774739584,0.21985134979618912,0.6367085774739584
2714,90.46666666666667,1,1,1,0.0,-1.0,0.039128621419270836,0.919490056050065,0.6378428141276041,0.22029017180986285,0.6378428141276041
2715,90.5,1,1,1,0.0,-1.0,0.039306640625,0.9211768212024362,0.6350962320963541,0.22304828407112157,0.6350962320963541
2716,90.53333333333333,1,1,1,0.0,-1.0,0.037373860677083336,0.926226376435091,0.6289164225260416,0.22780353839693268,0.6289164225260416
2717,90.56666666666666,1,1,1,0.0,-1.0,0.0434722900390625,0.9155771574257465,0.6237589518229166,0.2315618119804918,0.6237589518229166
2718,90.6,1,1,1,0.0,-1.0,0.0463104248046875,0.9108962295442224,0.6143391927083334,0.23846974314211858,0.6143391927083334
2719,90.63333333333334,1,1,1,0.0,-1.0,0.049321492513020836,0.905782641840946,0.5975443522135416,0.25096012994781236,0.5975443522135416
2720,90.66666666666667,1,1,1,0.0,-1.0,0.052698771158854164,0.8998674016663379,0.5807037353515625,0.26332782304967367,0.5807037353515625
2721,90.7,1,1,1,0.0,-1.0,0.052159627278645836,0.9007526607832905,0.5615030924479166,0.27709479457436315,0.5615030924479166
2722,90.73333333333333,1,1,1,0.0,-1.0,0.0545501708984375,0.8957695528320211,0.5413767496744791,0.29054365712477936,0.5413767496744791
2723,90.76666666666667,1,1,1,0.0,-1.0,0.059834798177083336,0.8845234274404691,0.5186614990234375,0.3056787529961343,0.5186614990234375
2724,90.8,1,1,1,0.0,-1.0,0.0663299560546875,0.870090631367499,0.504913330078125,0.31383766150013037,0.504913330078125
2725,90.83333333333333,1,1,1,0.0,-1.0,0.0677642822265625,0.8638488770109611,0.4922739664713542,0.3203053925000565,0.4922739664713542
2726,90.86666666666666,1,1,1,0.0,-1.0,0.06311543782552083,0.8682266773811407,0.4808298746744792,0.32678053692332204,0.4808298746744792
2727,90.9,1,1,1,0.0,-1.0,0.057159423828125,0.8753450663833402,0.4687957763671875,0.33328218997122355,0.4687957763671875
2728,90.93333333333334,1,1,1,0.0,-1.0,0.06884256998697917,0.844300057136844,0.45159912109375,0.3427608446970093,0.45159912109375
2729,90.96666666666667,1,1,1,0.0,-1.0,0.0779876708984375,0.8143108685473892,0.4415639241536458,0.34556853912671276,0.4415639241536458
2730,91.0,1,1,1,0.0,-1.0,0.07623291015625,0.8100831997828359,0.4462839762369792,0.33900125524909996,0.4462839762369792
2731,91.03333333333333,1,1,1,0.0,-1.0,0.08558146158854167,0.7866304816734866,0.45245361328125,0.3316102991784659,0.45245361328125
2732,91.06666666666666,1,1,1,0.0,-1.0,0.09136454264322917,0.7663987667613255,0.4553019205729167,0.32301273826502214,0.4553019205729167
2733,91.1,1,1,1,0.0,-1.0,0.09169514973958333,0.7577511689845586,0.4516957600911458,0.3253094576825941,0.4516957600911458
2734,91.13333333333334,1,1,1,0.0,-1.0,0.0761260986328125,0.7889214478416248,0.4345347086588542,0.3374059672203228,0.4345347086588542
2735,91.16666666666667,1,1,1,0.0,-1.0,0.060638427734375,0.8156431046404471,0.414825439453125,0.3479975846887149,0.414825439453125
2736,91.2,1,1,1,0.0,-1.0,0.0418853759765625,0.8517053931994294,0.3959859212239583,0.3556762578238304,0.3959859212239583
2737,91.23333333333333,1,1,1,0.0,-1.0,0.045232137044270836,0.8216238224421359,0.3814239501953125,0.3616147377437678,0.3814239501953125
2738,91.26666666666667,1,1,1,0.0,-1.0,0.051539103190104164,0.7807158504764485,0.3759307861328125,0.3581678047082288,0.3759307861328125
2739,91.3,1,1,1,0.0,-1.0,0.047353108723958336,0.760195397606722,0.3662261962890625,0.351482040245241,0.3662261962890625
2740,91.33333333333333,1,1,1,0.0,-1.0,0.035380045572916664,0.7452735959009298,0.3519083658854167,0.348055290361321,0.3519083658854167
2741,91.36666666666666,1,1,1,0.0,-1.0,0.0228729248046875,0.7296280509623119,0.3415120442708333,0.3438799970803946,0.3415120442708333
2742,91.4,1,1,1,0.0,-1.0,0.015584309895833334,0.6470301905433927,0.3355865478515625,0.33621876897764397,0.3355865478515625
2743,91.43333333333334,1,1,1,0.0,-1.0,0.006642659505208333,0.5279047662955693,0.3276468912760417,0.3364880869991311,0.3276468912760417
2744,91.46666666666667,1,1,1,0.0,-1.0,0.0003560384114583333,0.4998219807942708,0.3214823404947917,0.3392588297526042,0.3214823404947917
2745,91.5,1,1,1,0.0,-1.0,0.00012715657552083334,0.49993642171223956,0.3161112467447917,0.3419733390504636,0.3161112467447917
2746,91.53333333333333,1,1,1,0.0,-1.0,0.0006968180338541666,0.49965159098307294,0.3122100830078125,0.34390230994582244,0.3122100830078125
2747,91.56666666666666,1,1,1,0.0,-1.0,0.0008646647135416666,0.4995676676432292,0.3074391682942708,0.34628041585286456,0.3074391682942708
2748,91.6,1,1,1,0.0,-1.0,0.0,1.0,0.3034515380859375,0.34827423095703125,0.3034515380859375
2749,91.63333333333334,1,1,1,0.0,-1.0,0.0,1.0,0.2993316650390625,0.35033416748046875,0.2993316650390625
2750,91.66666666666667,1,1,1,0.0,-1.0,0.0,1.0,0.2945404052734375,0.35272979736328125,0.2945404052734375
2751,91.7,1,1,1,0.0,-1.0,0.0,1.0,0.2901967366536458,0.35490163167317706,0.2901967366536458
2752,91.73333333333333,1,1,1,0.0,-1.0,0.0,1.0,0.2862091064453125,0.35689544677734375,0.2862091064453125
2753,91.76666666666667,1,1,1,0.0,-1.0,0.0,1.0,0.282623291015625,0.3586883544921875,0.282623291015625
2754,91.8,1,1,1,0.0,-1.0,0.0,1.0,0.2800038655598958,0.35999806722005206,0.2800038655598958
2755,91.83333333333333,1,1,1,0.0,-1.0,0.0,1.0,0.2776387532552083,0.3611806233723958,0.2776387532552083
2756,91.86666666666666,1,1,1,0.0,-1.0,0.0,1.0,0.2753448486328125,0.36232757568359375,0.2753448486328125
2757,91.9,1,1,1,0.0,-1.0,0.0,1.0,0.2735951741536458,0.36320241292317706,0.2735951741536458
2758,91.93333333333334,1,1,1,0.0,-1.0,0.0,1.0,0.2722218831380208,0.36388905843098956,0.2722218831380208
2759,91.96666666666667,1,1,1,0.0,-1.0,0.0,1.0,0.2719980875651042,0.36400095621744794,0.2719980875651042
2760,92.0,1,1,1,0.0,-1.0,0.0,1.0,0.272979736328125,0.3635101318359375,0.272979736328125
2761,92.03333333333333,1,1,1,0.0,-1.0,0.0,1.0,0.2754872639973958,0.36225636800130206,0.2754872639973958
2762,92.06666666666666,1,1,1,0.0,-1.0,0.0,1.0,0.2788645426432292,0.36056772867838544,0.2788645426432292
2763,92.1,1,1,1,0.0,-1.0,0.0,1.0,0.2814432779947917,0.3592783610026042,0.2814432779947917
2764,92.13333333333334,1,1,1,0.0,-1.0,0.0,1.0,0.2835184733072917,0.3582407633463542,0.2835184733072917
2765,92.16666666666667,1,1,1,0.0,-1.0,0.0,1.0,0.2844645182291667,0.3577677408854167,0.2844645182291667
2766,92.2,1,1,1,0.0,-1.0,0.0008748372395833334,0.4995625813802083,0.28607177734375,0.3570130794193345,0.28607177734375
2767,92.23333333333333,1,1,1,0.0,-1.0,0.0004374186197916667,0.806087445603509,0.2876485188802083,0.3562243922762588,0.2876485188802083
2768,92.26666666666667,1,1,1,0.0,-1.0,0.0009206136067708334,0.49953969319661456,0.28948974609375,0.355255126953125,0.28948974609375
2769,92.3,1,1,1,0.0,-1.0,0.0,1.0,0.2935841878255208,0.35320790608723956,0.2935841878255208
2770,92.33333333333333,1,1,1,0.0,-1.0,0.0,1.0,0.2989349365234375,0.35053253173828125,0.2989349365234375
2771,92.36666666666666,1,1,1,0.0,-1.0,0.0,1.0,0.3046366373697917,0.3476816813151042,0.3046366373697917
2772,92.4,1,1,1,0.0,-1.0,0.0,1.0,0.3103535970052083,0.3448232014973958,0.3103535970052083
2773,92.43333333333334,1,1,1,0.0,-1.0,0.0,1.0,0.31597900390625,0.342010498046875,0.31597900390625
2774,92.46666666666667,1,1,1,0.0,-1.0,0.0,1.0,0.3212788899739583,0.3393605550130208,0.3212788899739583
2775,92.5,1,1,1,0.0,-1.0,0.0,1.0,0.3265533447265625,0.33672332763671875,0.3265533447265625
2776,92.53333333333333,1,1,1,0.0,-1.0,0.0,1.0,0.3316141764322917,0.3341929117838542,0.3316141764322917
2777,92.56666666666666,1,1,1,0.0,-1.0,0.0,1.0,0.33612060546875,0.331939697265625,0.33612060546875
2778,92.6,1,1,1,0.0,-1.0,0.0,1.0,0.3400726318359375,0.32996368408203125,0.3400726318359375
2779,92.63333333333334,1,1,1,0.0,-1.0,0.004892985026041667,0.4975535074869792,0.343231201171875,0.3315407658224312,0.343231201171875
2780,92.66666666666667,1,1,1,0.0,-1.0,0.013397216796875,0.5999078006966901,0.3445332845052083,0.3383676843315385,0.3445332845052083
2781,92.7,1,1,1,0.0,-1.0,0.0254974365234375,0.6031321233874919,0.34454345703125,0.34539309946933094,0.34454345703125
2782,92.73333333333333,1,1,1,0.0,-1.0,0.037694295247395836,0.6748052148622031,0.3663075764973958,0.3416807568012362,0.3663075764973958
2783,92.76666666666667,1,1,1,0.0,-1.0,0.041956583658854164,0.771218288006696,0.3944244384765625,0.3319662857469503,0.3944244384765625
2784,92.8,1,1,1,0.0,-1.0,0.0471649169921875,0.8116870409904544,0.4189656575520833,0.3254807208269576,0.4189656575520833
2785,92.83333333333333,1,1,1,0.0,-1.0,0.06355794270833333,0.8047032089374304,0.42413330078125,0.33953809248306493,0.42413330078125
2786,92.86666666666666,1,1,1,0.0,-1.0,0.059565226236979164,0.8418390778739901,0.4222971598307292,0.3546124054060194,0.4222971598307292
2787,92.9,1,1,1,0.0,-1.0,0.032674153645833336,0.9146420552690484,0.4175262451171875,0.36098448237310427,0.4175262451171875
2788,92.93333333333334,1,1,1,0.0,-1.0,0.032246907552083336,0.9159520186320822,0.4055023193359375,0.3738977614761395,0.4055023193359375
2789,92.96666666666667,1,1,1,0.0,-1.0,0.036763509114583336,0.9039507019792142,0.3979695638020833,0.38072071384086564,0.3979695638020833
2790,93.0,1,1,1,0.0,-1.0,0.028635660807291668,0.9222228121111506,0.3973642985026042,0.37899426167563977,0.3973642985026042
2791,93.03333333333333,1,1,1,0.0,-1.0,0.021921793619791668,0.9386971527187886,0.4032847086588542,0.3736194252379499,0.4032847086588542
2792,93.06666666666666,1,1,1,0.0,-1.0,0.026331583658854168,0.927559119869422,0.4074300130208333,0.3715026334043227,0.4074300130208333
2793,93.1,1,1,1,0.0,-1.0,0.029876708984375,0.9189879563268777,0.4140116373697917,0.3652773735929806,0.4140116373697917
2794,93.13333333333334,1,1,1,0.0,-1.0,0.042388916015625,0.8826085269416993,0.4217478434244792,0.34966051784759444,0.4217478434244792
2795,93.16666666666667,1,1,1,0.0,-1.0,0.031280517578125,0.9069346680469159,0.4224344889322917,0.34849030690207705,0.4224344889322917
2796,93.2,1,1,1,0.0,-1.0,0.039296468098958336,0.8895934886711917,0.414215087890625,0.3645526620537888,0.414215087890625
2797,93.23333333333333,1,1,1,0.0,-1.0,0.021860758463541668,0.9401522748867683,0.4118194580078125,0.3697179568165803,0.4118194580078125
2798,93.26666666666667,1,1,1,0.0,-1.0,0.030385335286458332,0.9176272435118995,0.4119974772135417,0.365623479048413,0.4119974772135417
2799,93.3,1,1,1,0.0,-1.0,0.024846394856770832,0.9286979806182961,0.4108988444010417,0.3624442976894814,0.4108988444010417
2800,93.33333333333333,1,1,1,0.0,-1.0,0.0166168212890625,0.9495804411466975,0.409576416015625,0.36204243313484236,0.409576416015625
2801,93.36666666666666,1,1,1,0.0,-1.0,0.017730712890625,0.9450063122355923,0.4075978597005208,0.3631123089616945,0.4075978597005208
2802,93.4,1,1,1,0.0,-1.0,0.017705281575520832,0.9440265908956981,0.4047393798828125,0.3654963367501912,0.4047393798828125
2803,93.43333333333334,1,1,1,0.0,-1.0,0.016942342122395832,0.9462896729944945,0.4070485432942708,0.3644588476402245,0.4070485432942708
2804,93.46666666666667,1,1,1,0.0,-1.0,0.0211334228515625,0.9344132295920475,0.4092763264973958,0.3632166602180338,0.4092763264973958
2805,93.5,1,1,1,0.0,-1.0,0.0196075439453125,0.939375817620738,0.4119873046875,0.35980751061002253,0.4119873046875
2806,93.53333333333333,1,1,1,0.0,-1.0,0.029825846354166668,0.9086710232057773,0.4179128011067708,0.3511808939008784,0.4179128011067708
2807,93.56666666666666,1,1,1,0.0,-1.0,0.032938639322916664,0.8959569974680355,0.4232126871744792,0.34036558486797663,0.4232126871744792
2808,93.6,1,1,1,0.0,-1.0,0.018468221028645832,0.9369253005444442,0.4163614908854167,0.3431312122499551,0.4163614908854167
2809,93.63333333333334,1,1,1,0.0,-1.0,0.0286865234375,0.9032412791442537,0.4075978597005208,0.35097288899431744,0.4075978597005208
2810,93.66666666666667,1,1,1,0.0,-1.0,0.025716145833333332,0.9143969403336666,0.3980356852213542,0.36139000527259596,0.3980356852213542
2811,93.7,1,1,1,0.0,-1.0,0.024637858072916668,0.9208278080380969,0.3884836832682292,0.3732352634513443,0.3884836832682292
2812,93.73333333333333,1,1,1,0.0,-1.0,0.037867228190104164,0.8872836119245155,0.3866729736328125,0.3784547295192565,0.3866729736328125
2813,93.76666666666667,1,1,1,0.0,-1.0,0.015233357747395834,0.9542861214216836,0.3880971272786458,0.3778436266958344,0.3880971272786458
2814,93.8,1,1,1,0.0,-1.0,0.024525960286458332,0.9259621663093369,0.3901468912760417,0.3681254165328399,0.3901468912760417
2815,93.83333333333333,1,1,1,0.0,-1.0,0.023188273111979168,0.9242142795329469,0.3897959391276042,0.36131967351417715,0.3897959391276042
2816,93.86666666666666,1,1,1,0.0,-1.0,0.0172882080078125,0.9385372627537837,0.3899688720703125,0.35650013081098253,0.3899688720703125
2817,93.9,1,1,1,0.0,-1.0,0.019236246744791668,0.9270868123194915,0.3919525146484375,0.3481777782513631,0.3919525146484375
2818,93.93333333333334,1,1,1,0.0,-1.0,0.020131429036458332,0.9196517358080002,0.3944600423177083,0.3435142299148815,0.3944600423177083
2819,93.96666666666667,1,1,1,0.0,-1.0,0.043782552083333336,0.8436979590265322,0.402313232421875,0.34368067293514293,0.402313232421875
2820,94.0,1,1,1,0.0,-1.0,0.10450236002604167,0.7188422483888932,0.3910980224609375,0.3750916892087724,0.3910980224609375
2821,94.03333333333333,1,1,1,0.0,-1.0,0.06635538736979167,0.8276369470607527,0.3917897542317708,0.3786510307790801,0.3917897542317708
2822,94.06666666666666,1,1,1,0.0,-1.0,0.056803385416666664,0.8569119188809571,0.4098307291666667,0.36698408469257976,0.4098307291666667
2823,94.1,1,1,1,0.0,-1.0,0.0495758056640625,0.8791987655145144,0.4349924723307292,0.3475668646357078,0.4349924723307292
2824,94.13333333333334,1,1,1,0.0,-1.0,0.028966267903645832,0.9299105317272243,0.4508921305338542,0.33897828868585456,0.4508921305338542
2825,94.16666666666667,1,1,1,0.0,-1.0,0.028254191080729168,0.933756751863047,0.4585978190104167,0.3371907964663084,0.4585978190104167
2826,94.2,1,1,1,0.0,-1.0,0.042872111002604164,0.9042955992426032,0.4626261393229167,0.3396489968980707,0.4626261393229167
2827,94.23333333333333,1,1,1,0.0,-1.0,0.0406494140625,0.9125618386785443,0.4701182047526042,0.34050071249905745,0.4701182047526042
2828,94.26666666666667,1,1,1,0.0,-1.0,0.059315999348958336,0.8808635558196345,0.4744873046875,0.3447823479774166,0.4744873046875
2829,94.3,1,1,1,0.0,-1.0,0.0757293701171875,0.8566229442409476,0.4700673421223958,0.3563522647579813,0.4700673421223958
2830,94.33333333333333,1,1,1,0.0,-1.0,0.061014811197916664,0.8849459422621206,0.4686533610026042,0.3610122520529898,0.4686533610026042
2831,94.36666666666666,1,1,1,0.0,-1.0,0.0810089111328125,0.8484498485570715,0.4843037923177083,0.3470835374220672,0.4843037923177083
2832,94.4,1,1,1,0.0,-1.0,0.07397969563802083,0.8538754157352904,0.4780731201171875,0.3497369980640901,0.4780731201171875
2833,94.43333333333334,1,1,1,0.0,-1.0,0.031443277994791664,0.9312557742071472,0.4704386393229167,0.3549450959394864,0.4704386393229167
2834,94.46666666666667,1,1,1,0.0,-1.0,0.012425740559895834,0.9716944023012877,0.4675547281901042,0.3578941431623794,0.4675547281901042
2835,94.5,1,1,1,0.0,-1.0,0.0131988525390625,0.9701047540651648,0.4688262939453125,0.3573675192614993,0.4688262939453125
2836,94.53333333333333,1,1,1,0.0,-1.0,0.014460245768229166,0.9676046203345281,0.4703267415364583,0.35677394609633994,0.4703267415364583
2837,94.56666666666666,1,1,1,0.0,-1.0,0.0158538818359375,0.9649041618256449,0.4703776041666667,0.3573058604991147,0.4703776041666667
2838,94.6,1,1,1,0.0,-1.0,0.017125447591145832,0.9624337940500769,0.4709370930989583,0.35720164855927505,0.4709370930989583
2839,94.63333333333334,1,1,1,0.0,-1.0,0.017573038736979168,0.9616517720951736,0.4745585123697917,0.35411676945002746,0.4745585123697917
2840,94.66666666666667,1,1,1,0.0,-1.0,0.029413859049479168,0.9367651181796757,0.4740956624348958,0.3547070740762247,0.4740956624348958
2841,94.7,1,1,1,0.0,-1.0,0.018646240234375,0.959378124238943,0.4764404296875,0.352869355089463,0.4764404296875
2842,94.73333333333333,1,1,1,0.0,-1.0,0.018025716145833332,0.9607349439733228,0.480010986328125,0.34991956940145674,0.480010986328125
2843,94.76666666666667,1,1,1,0.0,-1.0,0.0184326171875,0.9599386780684671,0.4819590250651042,0.34850599414547867,0.4819590250651042
2844,94.8,1,1,1,0.0,-1.0,0.0220794677734375,0.9523983754654883,0.483673095703125,0.3472082960825332,0.483673095703125
2845,94.83333333333333,1,1,1,0.0,-1.0,0.027069091796875,0.9422459583333777,0.4852701822916667,0.34595235585761924,0.4852701822916667
2846,94.86666666666666,1,1,1,0.0,-1.0,0.032491048177083336,0.9314302494324329,0.4867502848307292,0.3446875895285385,0.4867502848307292
2847,94.9,1,1,1,0.0,-1.0,0.036529541015625,0.9234883696298932,0.4880828857421875,0.34347446214478805,0.4880828857421875
2848,94.93333333333334,1,1,1,0.0,-1.0,0.0398101806640625,0.9170594277086631,0.488006591796875,0.34346698391133146,0.488006591796875
2849,94.96666666666667,1,1,1,0.0,-1.0,0.044041951497395836,0.9086321042122381,0.4935251871744792,0.3384404760937124,0.4935251871744792
2850,95.0,1,1,1,0.0,-1.0,0.048009236653645836,0.9008236689882096,0.4980977376302083,0.3343315413093848,0.4980977376302083
2851,95.03333333333333,1,1,1,0.0,-1.0,0.050847371419270836,0.8952541085733552,0.5034535725911459,0.3295825701835917,0.5034535725911459
2852,95.06666666666666,1,1,1,0.0,-1.0,0.049112955729166664,0.8986682386534697,0.51336669921875,0.3209290865066729,0.51336669921875
2853,95.1,1,1,1,0.0,-1.0,0.047490437825520836,0.9023350656985815,0.5207773844401041,0.3146958535030917,0.5207773844401041
2854,95.13333333333334,1,1,1,0.0,-1.0,0.055613199869791664,0.8877123090334162,0.5267384847005209,0.30978083645350685,0.5267384847005209
2855,95.16666666666667,1,1,1,0.0,-1.0,0.0619659423828125,0.8771286201688695,0.529388427734375,0.30767335899459075,0.529388427734375
2856,95.2,1,1,1,0.0,-1.0,0.0659027099609375,0.871239537210112,0.5319112141927084,0.3055535688798175,0.5319112141927084
2857,95.23333333333333,1,1,1,0.0,-1.0,0.062113444010416664,0.8790007228172183,0.5310160319010416,0.3062661503988243,0.5310160319010416
2858,95.26666666666667,1,1,1,0.0,-1.0,0.0590972900390625,0.8846558806061093,0.5365753173828125,0.3015161159316303,0.5365753173828125
2859,95.3,1,1,1,0.0,-1.0,0.06334940592447917,0.8767683462290609,0.53692626953125,0.30117833703807434,0.53692626953125
2860,95.33333333333333,1,1,1,0.0,-1.0,0.07421366373697917,0.8575414900590135,0.537139892578125,0.30081833387852175,0.537139892578125
2861,95.36666666666666,1,1,1,0.0,-1.0,0.0914154052734375,0.8284362826961851,0.5336151123046875,0.3034601294648325,0.5336151123046875
2862,95.4,1,1,1,0.0,-1.0,0.09765625,0.8192230589600432,0.523406982421875,0.31148754998516703,0.523406982421875
2863,95.43333333333334,1,1,1,0.0,-1.0,0.08936564127604167,0.834397397818661,0.5152994791666666,0.31764510229680454,0.5152994791666666
2864,95.46666666666667,1,1,1,0.0,-1.0,0.06830342610677083,0.8714340703984707,0.5066731770833334,0.3243757325466424,0.5066731770833334
2865,95.5,1,1,1,0.0,-1.0,0.055241902669270836,0.8949458074926533,0.5074615478515625,0.32294007914148304,0.5074615478515625
2866,95.53333333333333,1,1,1,0.0,-1.0,0.0084991455078125,0.9830929742660781,0.5063069661458334,0.3235403737383991,0.5063069661458334
2867,95.56666666666666,1,1,1,0.0,-1.0,0.059748331705729164,0.8868884114624969,0.512176513671875,0.3181856544451638,0.512176513671875
2868,95.6,1,1,1,0.0,-1.0,0.06886800130208333,0.8705056687623667,0.519989013671875,0.31172701699545524,0.519989013671875
2869,95.63333333333334,1,1,1,0.0,-1.0,0.07269795735677083,0.8633165169021134,0.5186564127604166,0.3132549737352158,0.5186564127604166
2870,95.66666666666667,1,1,1,0.0,-1.0,0.06287638346354167,0.8797585485828978,0.5266469319661459,0.3074166962613797,0.5266469319661459
2871,95.7,1,1,1,0.0,-1.0,0.055048624674479164,0.8925825747319507,0.5338795979817709,0.3019747949448592,0.5338795979817709
2872,95.73333333333333,1,1,1,0.0,-1.0,0.041742960611979164,0.9163360473225793,0.5406748453776041,0.2967070001859605,0.5406748453776041
2873,95.76666666666667,1,1,1,0.0,-1.0,0.0323333740234375,0.9335173957757801,0.5517120361328125,0.287968713379773,0.5517120361328125
2874,95.8,1,1,1,0.0,-1.0,0.022547403971354168,0.9523336998298397,0.5603535970052084,0.28112821527179027,0.5603535970052084
2875,95.83333333333333,1,1,1,0.0,-1.0,0.017578125,0.9621662546991876,0.5667622884114584,0.27600703948967964,0.5667622884114584
2876,95.86666666666666,1,1,1,0.0,-1.0,0.012578328450520834,0.9725746542935283,0.5703786214192709,0.27310001990732324,0.5703786214192709
2877,95.9,1,1,1,0.0,-1.0,0.009053548177083334,0.9801298028447252,0.5720774332682291,0.27169521043583356,0.5720774332682291
2878,95.93333333333334,1,1,1,0.0,-1.0,0.010050455729166666,0.9780436505025636,0.57025146484375,0.27301281283663914,0.57025146484375
2879,95.96666666666667,1,1,1,0.0,-1.0,0.011647542317708334,0.9747993468728569,0.5655161539713541,0.276611171237858,0.5655161539713541
2880,96.0,1,1,1,0.0,-1.0,0.0127105712890625,0.972793691855699,0.5618133544921875,0.2792755140441624,0.5618133544921875
2881,96.03333333333333,1,1,1,0.0,-1.0,0.013819376627604166,0.9707486379242577,0.5588277180989584,0.2812748880757871,0.5588277180989584
2882,96.06666666666666,1,1,1,0.0,-1.0,0.0034637451171875,0.9926168618769828,0.5601450602213541,0.28007498376059975,0.5601450602213541
2883,96.1,1,1,1,0.0,-1.0,0.015584309895833334,0.9673835646867119,0.5580800374348959,0.2812098815264702,0.5580800374348959
2884,96.13333333333334,1,1,1,0.0,-1.0,0.0181427001953125,0.9624187506191078,0.5576527913411459,0.2811057602193678,0.5576527913411459
2885,96.16666666666667,1,1,1,0.0,-1.0,0.019170125325520832,0.9605291721546149,0.5571950276692709,0.28112906900181656,0.5571950276692709
2886,96.2,1,1,1,0.0,-1.0,0.020517985026041668,0.957947645320516,0.5574493408203125,0.2806456197995523,0.5574493408203125
2887,96.23333333333333,1,1,1,0.0,-1.0,0.024220784505208332,0.950670783148927,0.5585072835286459,0.2795995970659001,0.5585072835286459
2888,96.26666666666667,1,1,1,0.0,-1.0,0.025751749674479168,0.9476951565064191,0.558502197265625,0.2795389795451777,0.558502197265625
2889,96.3,1,1,1,0.0,-1.0,0.027867635091145832,0.9435258411935382,0.5557352701822916,0.2818382945376075,0.5557352701822916
2890,96.33333333333333,1,1,1,0.0,-1.0,0.030069986979166668,0.9391867134994045,0.5564676920572916,0.281266970310517,0.5564676920572916
2891,96.36666666666666,1,1,1,0.0,-1.0,0.03155517578125,0.9362550806474824,0.5584259033203125,0.27972778282796584,0.5584259033203125
2892,96.4,1,1,1,0.0,-1.0,0.030181884765625,0.938803274768814,0.5611826578776041,0.2777528716343838,0.5611826578776041
2893,96.43333333333334,1,1,1,0.0,-1.0,0.0258941650390625,0.947049273776633,0.5625457763671875,0.27691283620773754,0.5625457763671875
2894,96.46666666666667,1,1,1,0.0,-1.0,0.023549397786458332,0.9515357224149561,0.5648600260416666,0.2753168557970802,0.5648600260416666
2895,96.5,1,1,1,0.0,-1.0,0.021428426106770832,0.9555843854024164,0.5681864420572916,0.27294939795893786,0.5681864420572916
2896,96.53333333333333,1,1,1,0.0,-1.0,0.016565958658854168,0.965315499228254,0.5699462890625,0.2718146698762696,0.5699462890625
2897,96.56666666666666,1,1,1,0.0,-1.0,0.015324910481770834,0.9677318656375242,0.5708974202473959,0.2712670791170271,0.5708974202473959
2898,96.6,1,1,1,0.0,-1.0,0.003911336263020833,0.991641705593445,0.5701904296875,0.27191101080657987,0.5701904296875
2899,96.63333333333334,1,1,1,0.0,-1.0,0.016286214192708332,0.9656043669248802,0.571624755859375,0.2710053160565642,0.571624755859375
2900,96.66666666666667,1,1,1,0.0,-1.0,0.0164794921875,0.9650479930727225,0.5725606282552084,0.2704813191324523,0.5725606282552084
2901,96.7,1,1,1,0.0,-1.0,0.016840616861979168,0.964177419959074,0.5721282958984375,0.27100922623540075,0.5721282958984375
2902,96.73333333333333,1,1,1,0.0,-1.0,0.015691121419270832,0.9664978526301019,0.5713704427083334,0.27178976735368243,0.5713704427083334
2903,96.76666666666667,1,1,1,0.0,-1.0,0.014862060546875,0.9681562253629482,0.5714823404947916,0.2718764058603409,0.5714823404947916
2904,96.8,1,1,1,0.0,-1.0,0.011810302734375,0.9745103635092625,0.5719807942708334,0.271650685700083,0.5719807942708334
2905,96.83333333333333,1,1,1,0.0,-1.0,0.0099029541015625,0.9785055108700669,0.57208251953125,0.2717084827988787,0.57208251953125
2906,96.86666666666666,1,1,1,0.0,-1.0,0.0096282958984375,0.9790374593805888,0.571258544921875,0.27245694971479884,0.571258544921875
2907,96.9,1,1,1,0.0,-1.0,0.0096893310546875,0.9788641594068044,0.570831298828125,0.2728194771813478,0.570831298828125
2908,96.93333333333334,1,1,1,0.0,-1.0,0.009063720703125,0.9802080212632933,0.5709075927734375,0.2727134889235573,0.5709075927734375
2909,96.96666666666667,1,1,1,0.0,-1.0,0.010142008463541666,0.9778918245924683,0.5708872477213541,0.2726376271623419,0.5708872477213541
2910,97.0,1,1,1,0.0,-1.0,0.010752360026041666,0.9766356649983728,0.5705668131510416,0.2727693448661974,0.5705668131510416
2911,97.03333333333333,1,1,1,0.0,-1.0,0.011179606119791666,0.9757928240744325,0.570770263671875,0.272507924348198,0.570770263671875
2912,97.06666666666666,1,1,1,0.0,-1.0,0.0122833251953125,0.973538261417386,0.569915771484375,0.2731287949723259,0.569915771484375
2913,97.1,1,1,1,0.0,-1.0,0.013743082682291666,0.9705825066254542,0.5689239501953125,0.2738959341907906,0.5689239501953125
2914,97.13333333333334,1,1,1,0.0,-1.0,0.017903645833333332,0.9620536168525756,0.5666453043619791,0.2756807795029662,0.5666453043619791
2915,97.16666666666667,1,1,1,0.0,-1.0,0.026891072591145832,0.943880345690658,0.563873291015625,0.2778126748365821,0.563873291015625
2916,97.2,1,1,1,0.0,-1.0,0.035166422526041664,0.9276964004484294,0.561676025390625,0.2793631338593268,0.561676025390625
2917,97.23333333333333,1,1,1,0.0,-1.0,0.040283203125,0.9181223185978087,0.5593312581380209,0.2808968291697429,0.5593312581380209
2918,97.26666666666667,1,1,1,0.0,-1.0,0.042928059895833336,0.9135208539709113,0.5602264404296875,0.27969879034019846,0.5602264404296875
2919,97.3,1,1,1,0.0,-1.0,0.0461273193359375,0.9079473841870523,0.5577850341796875,0.28115383031829666,0.5577850341796875
2920,97.33333333333333,1,1,1,0.0,-1.0,0.0484771728515625,0.9041741767509031,0.5570068359375,0.28112638455616545,0.5570068359375
2921,97.36666666666666,1,1,1,0.0,-1.0,0.049433390299479164,0.9030735698752774,0.555908203125,0.28133401480914716,0.555908203125
2922,97.4,1,1,1,0.0,-1.0,0.0520477294921875,0.8989284029282452,0.5536092122395834,0.2823137625618861,0.5536092122395834
2923,97.43333333333334,1,1,1,0.0,-1.0,0.056584676106770836,0.8914186234440786,0.5452423095703125,0.2879600466561222,0.5452423095703125
2924,97.46666666666667,1,1,1,0.0,-1.0,0.059565226236979164,0.8867739199478635,0.5352681477864584,0.2946724392969705,0.5352681477864584
2925,97.5,1,1,1,0.0,-1.0,0.062408447265625,0.8822366421269907,0.5254872639973959,0.3009667845401175,0.5254872639973959
2926,97.53333333333333,1,1,1,0.0,-1.0,0.06348164876302083,0.8805896049415061,0.5166829427083334,0.30644934245927274,0.5166829427083334
2927,97.56666666666666,1,1,1,0.0,-1.0,0.0654754638671875,0.8770526041699267,0.51025390625,0.3094656304082175,0.51025390625
2928,97.6,1,1,1,0.0,-1.0,0.06537373860677083,0.8769131198869139,0.5028076171875,0.31318254238726073,0.5028076171875
2929,97.63333333333334,1,1,1,0.0,-1.0,0.06707763671875,0.873254670555219,0.493865966796875,0.3178628819187971,0.493865966796875
2930,97.66666666666667,1,1,1,0.0,-1.0,0.0668182373046875,0.8726970460404859,0.4796244303385417,0.3270939558368043,0.4796244303385417
2931,97.7,1,1,1,0.0,-1.0,0.06631978352864583,0.8722436396802786,0.4686279296875,0.3335542349472186,0.4686279296875
2932,97.73333333333333,1,1,1,0.0,-1.0,0.06734212239583333,0.8687118685668401,0.4542592366536458,0.343277936943,0.4542592366536458
2933,97.76666666666667,1,1,1,0.0,-1.0,0.056554158528645836,0.8876242149487529,0.4547627766927083,0.3428253376025981,0.4547627766927083
2934,97.8,1,1,1,0.0,-1.0,0.059163411458333336,0.8826044779594953,0.4522196451822917,0.34510849737695637,0.4522196451822917
2935,97.83333333333333,1,1,1,0.0,-1.0,0.062169392903645836,0.8766988328675774,0.4503275553385417,0.34650265150528464,0.4503275553385417
2936,97.86666666666666,1,1,1,0.0,-1.0,0.06666056315104167,0.8679221068513475,0.4446156819661458,0.35127592430321136,0.4446156819661458
2937,97.9,1,1,1,0.0,-1.0,0.07283528645833333,0.8559390910024751,0.4484710693359375,0.3465333948201027,0.4484710693359375
2938,97.93333333333334,1,1,1,0.0,-1.0,0.07846577962239583,0.8448779306962584,0.4432474772135417,0.35025079363796907,0.4432474772135417
2939,97.96666666666667,1,1,1,0.0,-1.0,0.08330281575520833,0.8351702989360292,0.4380035400390625,0.3538723284247302,0.4380035400390625
2940,98.0,1,1,1,0.0,-1.0,0.08361307779947917,0.8338386605505617,0.4380086263020833,0.3530706421244677,0.4380086263020833
2941,98.03333333333333,1,1,1,0.0,-1.0,0.08354695638020833,0.833869011682325,0.4317779541015625,0.35965087701359433,0.4317779541015625
2942,98.06666666666666,1,1,1,0.0,-1.0,0.08097330729166667,0.8385894657669191,0.4316151936848958,0.3597312727892317,0.4316151936848958
2943,98.1,1,1,1,0.0,-1.0,0.08011881510416667,0.839601353359865,0.429534912109375,0.3611718021311065,0.429534912109375
2944,98.13333333333334,1,1,1,0.0,-1.0,0.08083089192708333,0.8375645529447784,0.4289906819661458,0.36163809898766675,0.4289906819661458
2945,98.16666666666667,1,1,1,0.0,-1.0,0.08516438802083333,0.8292859650184934,0.4357452392578125,0.3558141539253725,0.4357452392578125
2946,98.2,1,1,1,0.0,-1.0,0.08744303385416667,0.8252543136033361,0.4406229654947917,0.3523780732088938,0.4406229654947917
2947,98.23333333333333,1,1,1,0.0,-1.0,0.08851114908854167,0.8236696995580576,0.4462331136067708,0.3486056586497039,0.4462331136067708
2948,98.26666666666667,1,1,1,0.0,-1.0,0.08761088053385417,0.8258550974833906,0.4505513509114583,0.3461191155204145,0.4505513509114583
2949,98.3,1,1,1,0.0,-1.0,0.085693359375,0.8298950310037868,0.453369140625,0.3452374433891612,0.453369140625
2950,98.33333333333333,1,1,1,0.0,-1.0,0.081573486328125,0.8377269960869351,0.4527791341145833,0.3469445984809674,0.4527791341145833
2951,98.36666666666666,1,1,1,0.0,-1.0,0.075469970703125,0.8487700446347106,0.4519551595052083,0.3484787161033132,0.4519551595052083
2952,98.4,1,1,1,0.0,-1.0,0.09102376302083333,0.8157200341538362,0.452117919921875,0.3401535173496437,0.452117919921875
2953,98.43333333333334,1,1,1,0.0,-1.0,0.042638142903645836,0.9060024558778721,0.4542134602864583,0.3410656242904612,0.4542134602864583
2954,98.46666666666667,1,1,1,0.0,-1.0,0.049158732096354164,0.8937896877377248,0.4576009114583333,0.34182561544610535,0.4576009114583333
2955,98.5,1,1,1,0.0,-1.0,0.05804443359375,0.878160045269921,0.4647878011067708,0.3399094661475973,0.4647878011067708
2956,98.53333333333333,1,1,1,0.0,-1.0,0.060994466145833336,0.8752452025708619,0.46917724609375,0.3408828586875809,0.46917724609375
2957,98.56666666666666,1,1,1,0.0,-1.0,0.06392923990885417,0.8724303622192568,0.4720052083333333,0.34270747689148057,0.4720052083333333
2958,98.6,1,1,1,0.0,-1.0,0.059946695963541664,0.8819467468461137,0.4777933756510417,0.3410881570601088,0.4777933756510417
2959,98.63333333333334,1,1,1,0.0,-1.0,0.0493316650390625,0.9023213210875118,0.4871368408203125,0.333103331296214,0.4871368408203125
2960,98.66666666666667,1,1,1,0.0,-1.0,0.044316609700520836,0.911184009205823,0.4825998942057292,0.3368629253155019,0.4825998942057292
2961,98.7,1,1,1,0.0,-1.0,0.029759724934895832,0.9393415126486502,0.4834849039713542,0.3379563882977752,0.4834849039713542
2962,98.73333333333333,1,1,1,0.0,-1.0,0.02532958984375,0.9487826979306825,0.4876149495442708,0.3372135684157697,0.4876149495442708
2963,98.76666666666667,1,1,1,0.0,-1.0,0.042027791341145836,0.9181096227306023,0.4912974039713542,0.33765623964703606,0.4912974039713542
2964,98.8,1,1,1,0.0,-1.0,0.048563639322916664,0.9072650534521676,0.497406005859375,0.33474084763047807,0.497406005859375
2965,98.83333333333333,1,1,1,0.0,-1.0,0.052347819010416664,0.9001166599564563,0.5022633870442709,0.3313239665424863,0.5022633870442709
2966,98.86666666666666,1,1,1,0.0,-1.0,0.0565643310546875,0.8901541389177454,0.5015411376953125,0.33126458286146604,0.5015411376953125
2967,98.9,1,1,1,0.0,-1.0,0.057027180989583336,0.8849288389577268,0.4980265299479167,0.33239740241124127,0.4980265299479167
2968,98.93333333333334,1,1,1,0.0,-1.0,0.0546417236328125,0.8834242432523107,0.4940846761067708,0.3330595566629119,0.4940846761067708
2969,98.96666666666667,1,1,1,0.0,-1.0,0.052556355794270836,0.8805964430227331,0.4833170572916667,0.33971844064983,0.4833170572916667
2970,99.0,1,1,1,0.0,-1.0,0.050572713216145836,0.8779061199174105,0.4689280192057292,0.3501541088646013,0.4689280192057292
2971,99.03333333333333,1,1,1,0.0,-1.0,0.0438232421875,0.8876829338402725,0.4589996337890625,0.3570038741240368,0.4589996337890625
2972,99.06666666666666,1,1,1,0.0,-1.0,0.037567138671875,0.8989412374327799,0.4510548909505208,0.3626575884499178,0.4510548909505208
2973,99.1,1,1,1,0.0,-1.0,0.031865437825520836,0.9114698971486408,0.4487965901692708,0.36365421044269625,0.4487965901692708
2974,99.13333333333334,1,1,1,0.0,-1.0,0.0261383056640625,0.9264093358121175,0.4475351969401042,0.3647342237504141,0.4475351969401042
2975,99.16666666666667,1,1,1,0.0,-1.0,0.016260782877604168,0.9539883665822428,0.4469146728515625,0.36595206141779335,0.4469146728515625
2976,99.2,1,1,1,0.0,-1.0,0.007161458333333333,0.9797005099674584,0.4474741617838542,0.3659805648237313,0.4474741617838542
2977,99.23333333333333,1,1,1,0.0,-1.0,0.008229573567708334,0.9769769884336954,0.4499715169270833,0.3644689057493336,0.4499715169270833
2978,99.26666666666667,1,1,1,0.0,-1.0,0.009623209635416666,0.9734393647482593,0.4512736002604167,0.3641005719432767,0.4512736002604167
2979,99.3,1,1,1,0.0,-1.0,0.011912027994791666,0.9675492381578247,0.4501749674479167,0.3656367370182957,0.4501749674479167
2980,99.33333333333333,1,1,1,0.0,-1.0,0.014256795247395834,0.9616493100522951,0.4462992350260417,0.36923161515827435,0.4462992350260417
2981,99.36666666666666,1,1,1,0.0,-1.0,0.0156707763671875,0.9583324433187275,0.4364217122395833,0.3779217271001838,0.4364217122395833
2982,99.4,1,1,1,0.0,-1.0,0.017140706380208332,0.9549869004416411,0.4212239583333333,0.39120593249441826,0.4212239583333333
2983,99.43333333333334,1,1,1,0.0,-1.0,0.018681844075520832,0.9515493578673451,0.4058837890625,0.40463711881472053,0.4058837890625
2984,99.46666666666667,1,1,1,0.0,-1.0,0.020136515299479168,0.948372299543285,0.3918406168619792,0.41749016556788066,0.3918406168619792
2985,99.5,1,1,1,0.0,-1.0,0.021046956380208332,0.9465503258950028,0.3858744303385417,0.4234560589241179,0.3858744303385417
2986,99.53333333333333,1,1,1,0.0,-1.0,0.021901448567708332,0.9448449666321126,0.3842569986979167,0.4256683689304761,0.3842569986979167
2987,99.56666666666666,1,1,1,0.0,-1.0,0.0230255126953125,0.9423838832357223,0.3854522705078125,0.42528645564170786,0.3854522705078125
2988,99.6,1,1,1,0.0,-1.0,0.022878011067708332,0.9428227173702602,0.3862711588541667,0.42511830774811493,0.3862711588541667
2989,99.63333333333334,1,1,1,0.0,-1.0,0.021189371744791668,0.9468215482113409,0.3884531656901042,0.42337839539421407,0.3884531656901042
2990,99.66666666666667,1,1,1,0.0,-1.0,0.018931070963541668,0.9521370759998263,0.3932545979817708,0.41874894811665364,0.3932545979817708
2991,99.7,1,1,1,0.0,-1.0,0.01593017578125,0.9593617696536375,0.3959808349609375,0.41607069443592604,0.3959808349609375
2992,99.73333333333333,1,1,1,0.0,-1.0,0.013737996419270834,0.964631403774156,0.399322509765625,0.41268662078520546,0.399322509765625
2993,99.76666666666667,1,1,1,0.0,-1.0,0.011357625325520834,0.9704557415788719,0.40234375,0.4094866810605412,0.40234375
2994,99.8,1,1,1,0.0,-1.0,0.009648640950520834,0.9746665185128465,0.4039052327473958,0.40753681142210235,0.4039052327473958
2995,99.83333333333333,1,1,1,0.0,-1.0,0.00811767578125,0.9784973451550034,0.4041290283203125,0.40669818934682334,0.4041290283203125
2996,99.86666666666666,1,1,1,0.0,-1.0,0.007130940755208333,0.980978026145188,0.4035746256510417,0.406534745292888,0.4035746256510417
2997,99.9,1,1,1,0.0,-1.0,0.006490071614583333,0.9826006262202743,0.40435791015625,0.4052095273857822,0.40435791015625
2998,99.93333333333334,1,1,1,0.0,-1.0,0.0057373046875,0.9845662933362886,0.4055226643880208,0.40391882758838865,0.4055226643880208
2999,99.96666666666667,1,1,1,0.0,-1.0,0.004994710286458333,0.9865482932937464,0.4074350992838542,0.4021309170578022,0.4074350992838542
3000,100.0,1,1,1,0.0,-1.0,0.005055745442708333,0.9864043349571638,0.4098358154296875,0.399966064564428,0.4098358154296875
3001,100.03333333333333,1,1,1,0.0,-1.0,0.004847208658854167,0.9869822006656872,0.4123687744140625,0.3975636780056365,0.4123687744140625
3002,100.06666666666666,1,1,1,0.0,-1.0,0.005213419596354167,0.986038520784792,0.4147389729817708,0.3952868176531943,0.4147389729817708
3003,100.1,1,1,1,0.0,-1.0,0.005772908528645833,0.9845868074524697,0.4165293375651042,0.3934920531229241,0.4165293375651042
3004,100.13333333333334,1,1,1,0.0,-1.0,0.006398518880208333,0.982951984438336,0.4182790120442708,0.3916187561178992,0.4182790120442708
3005,100.16666666666667,1,1,1,0.0,-1.0,0.007008870442708333,0.9813603040374501,0.419891357421875,0.38980964128781637,0.419891357421875
3006,100.2,1,1,1,0.0,-1.0,0.007273356119791667,0.9806914178517316,0.4205118815104167,0.38881971714660013,0.4205118815104167
3007,100.23333333333333,1,1,1,0.0,-1.0,0.008504231770833334,0.9774811438245994,0.4210408528645833,0.3876643954840606,0.4210408528645833
3008,100.26666666666667,1,1,1,0.0,-1.0,0.009577433268229166,0.9746725786556023,0.4218241373697917,0.38598119081514,0.4218241373697917
3009,100.3,1,1,1,0.0,-1.0,0.01068115234375,0.9717929437177096,0.4225311279296875,0.38415933392669555,0.4225311279296875
3010,100.33333333333333,1,1,1,0.0,-1.0,0.011067708333333334,0.9707734754132993,0.4223175048828125,0.38322699424920004,0.4223175048828125
3011,100.36666666666666,1,1,1,0.0,-1.0,0.011235555013020834,0.9703206932173932,0.4219462076822917,0.38258475438208206,0.4219462076822917
3012,100.4,1,1,1,0.0,-1.0,0.011179606119791666,0.9704631675898054,0.4215799967447917,0.3821305362086039,0.4215799967447917
3013,100.43333333333334,1,1,1,0.0,-1.0,0.010080973307291666,0.9733122663894709,0.421661376953125,0.3813695772125514,0.421661376953125
3014,100.46666666666667,1,1,1,0.0,-1.0,0.009333292643229166,0.9752520823146664,0.4228719075520833,0.3798207639333258,0.4228719075520833
3015,100.5,1,1,1,0.0,-1.0,0.009084065755208334,0.9758847811957839,0.424896240234375,0.3776019909936868,0.424896240234375
3016,100.53333333333333,1,1,1,0.0,-1.0,0.008570353190104166,0.9772208373802702,0.4274495442708333,0.3751682929043829,0.4274495442708333
3017,100.56666666666666,1,1,1,0.0,-1.0,0.008153279622395834,0.9783101628410713,0.429412841796875,0.3735369783977944,0.429412841796875
3018,100.6,1,1,1,0.0,-1.0,0.006510416666666667,0.9826137898199429,0.4312998453776042,0.3719683740526106,0.4312998453776042
3019,100.63333333333334,1,1,1,0.0,-1.0,0.0045166015625,0.9878691257226261,0.4333750406901042,0.37021655945859394,0.4333750406901042
3020,100.66666666666667,1,1,1,0.0,-1.0,0.0038248697916666665,0.9896738904994022,0.4335123697916667,0.37028722676769854,0.4335123697916667
3021,100.7,1,1,1,0.0,-1.0,0.0035349527994791665,0.9904199223659222,0.434112548828125,0.36984139423017826,0.434112548828125
3022,100.73333333333333,1,1,1,0.0,-1.0,0.0037892659505208335,0.9897284822065107,0.4345041910807292,0.36957610651615824,0.4345041910807292
3023,100.76666666666667,1,1,1,0.0,-1.0,0.0038299560546875,0.9896545018676488,0.4350331624348958,0.369181428269273,0.4350331624348958
3024,100.8,1,1,1,0.0,-1.0,0.0048828125,0.9869094511171153,0.4353434244791667,0.3687513443658401,0.4353434244791667
3025,100.83333333333333,1,1,1,0.0,-1.0,0.005086263020833333,0.986424116612226,0.4352518717447917,0.36844882690610303,0.4352518717447917
3026,100.86666666666666,1,1,1,0.0,-1.0,0.005564371744791667,0.9852014771830655,0.4356486002604167,0.3676333406277063,0.4356486002604167
3027,100.9,1,1,1,0.0,-1.0,0.006429036458333333,0.982971383893525,0.4356231689453125,0.36724873705826044,0.4356231689453125
3028,100.93333333333334,1,1,1,0.0,-1.0,0.0072021484375,0.9810022710874882,0.4351094563802083,0.36732872245517073,0.4351094563802083
3029,100.96666666666667,1,1,1,0.0,-1.0,0.008611043294270834,0.9774029977628582,0.4359690348307292,0.3660955586165122,0.4359690348307292
3030,101.0,1,1,1,0.0,-1.0,0.0100555419921875,0.9737539467848342,0.43695068359375,0.36483635074875975,0.43695068359375
3031,101.03333333333333,1,1,1,0.0,-1.0,0.010676066080729166,0.9722333889998618,0.4381866455078125,0.3634872755794917,0.4381866455078125
3032,101.06666666666666,1,1,1,0.0,-1.0,0.010747273763020834,0.9721183519113478,0.4391886393229167,0.3626231823546292,0.4391886393229167
3033,101.1,1,1,1,0.0,-1.0,0.010899861653645834,0.9718035356906197,0.4405619303385417,0.36165286082261566,0.4405619303385417
3034,101.13333333333334,1,1,1,0.0,-1.0,0.010350545247395834,0.9732810718163237,0.4417368570963542,0.36108463401206475,0.4417368570963542
3035,101.16666666666667,1,1,1,0.0,-1.0,0.010152180989583334,0.9738574843437245,0.4432830810546875,0.3599817210856323,0.4432830810546875
3036,101.2,1,1,1,0.0,-1.0,0.0093994140625,0.9758142127280607,0.4441070556640625,0.35928273537392685,0.4441070556640625
3037,101.23333333333333,1,1,1,0.0,-1.0,0.008371988932291666,0.9784401640865421,0.444610595703125,0.3585371442187505,0.444610595703125
3038,101.26666666666667,1,1,1,0.0,-1.0,0.007212320963541667,0.9814027056997977,0.4444681803385417,0.3582023658334879,0.4444681803385417
3039,101.3,1,1,1,0.0,-1.0,0.005427042643229167,0.985964167722644,0.4444834391276042,0.35763874405710294,0.4444834391276042
3040,101.33333333333333,1,1,1,0.0,-1.0,0.0033823649088541665,0.9912206832294971,0.4438425699869792,0.3577654537451647,0.4438425699869792
3041,101.36666666666666,1,1,1,0.0,-1.0,0.0032297770182291665,0.9916086066793455,0.4431508382161458,0.35798216703702745,0.4431508382161458
3042,101.4,1,1,1,0.0,-1.0,0.00311279296875,0.9919062294396968,0.4420725504557292,0.35862805871612774,0.4420725504557292
3043,101.43333333333334,1,1,1,0.0,-1.0,0.0032145182291666665,0.9916360359853009,0.44097900390625,0.35935232872092393,0.44097900390625
3044,101.46666666666667,1,1,1,0.0,-1.0,0.0036468505859375,0.9905056260825243,0.4406534830729167,0.3595328830654382,0.4406534830729167
3045,101.5,1,1,1,0.0,-1.0,0.0033671061197916665,0.9912201120422885,0.4410858154296875,0.35927208414884393,0.4410858154296875
3046,101.53333333333333,1,1,1,0.0,-1.0,0.0027821858723958335,0.9927330853269841,0.4419504801432292,0.3588213279112528,0.4419504801432292
3047,101.56666666666666,1,1,1,0.0,-1.0,0.0028584798177083335,0.9925313035481127,0.4430389404296875,0.3583338507793533,0.4430389404296875
3048,101.6,1,1,1,0.0,-1.0,0.0026601155598958335,0.9930486694637556,0.4435577392578125,0.3584036010788679,0.4435577392578125
3049,101.63333333333334,1,1,1,0.0,-1.0,0.0025278727213541665,0.993391547865573,0.444091796875,0.3584686991552446,0.444091796875
3050,101.66666666666667,1,1,1,0.0,-1.0,0.0027618408203125,0.9927857088519507,0.4438425699869792,0.3589235190680712,0.4438425699869792
3051,101.7,1,1,1,0.0,-1.0,0.0029500325520833335,0.9922959211468024,0.4429066975911458,0.35971031509735163,0.4429066975911458
3052,101.73333333333333,1,1,1,0.0,-1.0,0.0028788248697916665,0.9924828621137072,0.4419453938802083,0.3602314916019652,0.4419453938802083
3053,101.76666666666667,1,1,1,0.0,-1.0,0.0026957194010416665,0.9929624468373561,0.4410756429036458,0.3604282021904769,0.4410756429036458
3054,101.8,1,1,1,0.0,-1.0,0.0027974446614583335,0.9926987362291032,0.4405364990234375,0.36035593732002574,0.4405364990234375
3055,101.83333333333333,1,1,1,0.0,-1.0,0.002685546875,0.9929900640399321,0.4400075276692708,0.3603929912283226,0.4400075276692708
3056,101.86666666666666,1,1,1,0.0,-1.0,0.0027618408203125,0.9927914798486854,0.4395955403645833,0.3604585001702625,0.4395955403645833
3057,101.9,1,1,1,0.0,-1.0,0.0026499430338541665,0.9930830921335342,0.43902587890625,0.36082737987293995,0.43902587890625
3058,101.93333333333334,1,1,1,0.0,-1.0,0.0025431315104166665,0.9933607060521464,0.4381357828776042,0.36153843935343505,0.4381357828776042
3059,101.96666666666667,1,1,1,0.0,-1.0,0.0026652018229166665,0.9930429413185207,0.4375254313151042,0.3620604075895341,0.4375254313151042
3060,102.0,1,1,1,0.0,-1.0,0.002777099609375,0.9927517854151687,0.4367828369140625,0.362822857075531,0.4367828369140625
3061,102.03333333333333,1,1,1,0.0,-1.0,0.0026957194010416665,0.9929612662570925,0.4357096354166667,0.36391518490487973,0.4357096354166667
3062,102.06666666666666,1,1,1,0.0,-1.0,0.00262451171875,0.9931438401749653,0.4346974690755208,0.3650262549999993,0.4346974690755208
3063,102.1,1,1,1,0.0,-1.0,0.0026448567708333335,0.9930909186581274,0.4335581461588542,0.3662054272219993,0.4335581461588542
3064,102.13333333333334,1,1,1,0.0,-1.0,0.0025838216145833335,0.9932492574366607,0.4323069254557292,0.36740138532857813,0.4323069254557292
3065,102.16666666666667,1,1,1,0.0,-1.0,0.0025380452473958335,0.9933678953235439,0.4315948486328125,0.36791141735404465,0.4315948486328125
3066,102.2,1,1,1,0.0,-1.0,0.0026753743489583335,0.9930091940435135,0.4310709635416667,0.36809972191225143,0.4310709635416667
3067,102.23333333333333,1,1,1,0.0,-1.0,0.00262451171875,0.9931425995323442,0.4309132893880208,0.3679535030501065,0.4309132893880208
3068,102.26666666666667,1,1,1,0.0,-1.0,0.0024007161458333335,0.9937239337668164,0.4306437174479167,0.3679442418624461,0.4306437174479167
3069,102.3,1,1,1,0.0,-1.0,0.0025990804036458335,0.9932070553890077,0.4304555257161458,0.3680312499505377,0.4304555257161458
3070,102.33333333333333,1,1,1,0.0,-1.0,0.0027516682942708335,0.9928084442335334,0.4301045735677083,0.36838940921729335,0.4301045735677083
3071,102.36666666666666,1,1,1,0.0,-1.0,0.0028025309244791665,0.9926764944790426,0.4298350016276042,0.36873154807286224,0.4298350016276042
3072,102.4,1,1,1,0.0,-1.0,0.0027364095052083335,0.9928505978746962,0.4298553466796875,0.3687814403253002,0.4298553466796875
3073,102.43333333333334,1,1,1,0.0,-1.0,0.0029042561848958335,0.9924155434489028,0.4303385416666667,0.36848199042649665,0.4303385416666667
3074,102.46666666666667,1,1,1,0.0,-1.0,0.00286865234375,0.9925104617120275,0.431396484375,0.36771527245192787,0.431396484375
3075,102.5,1,1,1,0.0,-1.0,0.0028483072916666665,0.9925641025856531,0.4323069254557292,0.36722785686947806,0.4323069254557292
3076,102.53333333333333,1,1,1,0.0,-1.0,0.0029246012369791665,0.9923670972242903,0.433349609375,0.36672341561458,0.433349609375
3077,102.56666666666666,1,1,1,0.0,-1.0,0.0028483072916666665,0.9925657330617446,0.4339650472005208,0.3665751476214634,0.4339650472005208
3078,102.6,1,1,1,0.0,-1.0,0.002899169921875,0.9924336965718541,0.43389892578125,0.36690179104623766,0.43389892578125
3079,102.63333333333334,1,1,1,0.0,-1.0,0.0028279622395833335,0.9926199250535424,0.4337056477864583,0.3671241459191558,0.4337056477864583
3080,102.66666666666667,1,1,1,0.0,-1.0,0.0028839111328125,0.9924768733726759,0.4333394368489583,0.36733600801684296,0.4333394368489583
3081,102.7,1,1,1,0.0,-1.0,0.0029449462890625,0.9923189038133445,0.4332834879557292,0.36730067909691316,0.4332834879557292
3082,102.73333333333333,1,1,1,0.0,-1.0,0.0028584798177083335,0.9925457405600899,0.4332682291666667,0.3673680550992864,0.4332682291666667
3083,102.76666666666667,1,1,1,0.0,-1.0,0.0027567545572916665,0.9928112261983371,0.4333750406901042,0.36752310551214545,0.4333750406901042
3084,102.8,1,1,1,0.0,-1.0,0.0028076171875,0.9926781556436369,0.4333445231119792,0.36801520768654217,0.4333445231119792
3085,102.83333333333333,1,1,1,0.0,-1.0,0.002777099609375,0.9927538403835485,0.4337412516276042,0.36825115780677314,0.4337412516276042
3086,102.86666666666666,1,1,1,0.0,-1.0,0.0026041666666666665,0.9931992250162389,0.43463134765625,0.3679740047285642,0.43463134765625
3087,102.9,1,1,1,0.0,-1.0,0.0025685628255208335,0.9932889152474298,0.43621826171875,0.36695293676650254,0.43621826171875
3088,102.93333333333334,1,1,1,0.0,-1.0,0.0027669270833333335,0.9927705669189741,0.4380035400390625,0.36565620092267,0.4380035400390625
3089,102.96666666666667,1,1,1,0.0,-1.0,0.0025685628255208335,0.9932832684052627,0.43988037109375,0.3641642566873367,0.43988037109375
3090,103.0,1,1,1,0.0,-1.0,0.00238037109375,0.9937693290554105,0.4414723714192708,0.36297755757604283,0.4414723714192708
3091,103.03333333333333,1,1,1,0.0,-1.0,0.0024871826171875,0.9934847385247214,0.4431864420572917,0.3617413997381541,0.4431864420572917
3092,103.06666666666666,1,1,1,0.0,-1.0,0.0028076171875,0.9926425171089885,0.4442291259765625,0.36132144672755967,0.4442291259765625
3093,103.1,1,1,1,0.0,-1.0,0.0034637451171875,0.9909207616591049,0.4453531901041667,0.36078697749012706,0.4453531901041667
3094,103.13333333333334,1,1,1,0.0,-1.0,0.0040283203125,0.9894306257196117,0.4471791585286458,0.3598445640856061,0.4471791585286458
3095,103.16666666666667,1,1,1,0.0,-1.0,0.0042877197265625,0.988730613619379,0.4492034912109375,0.35878400923795545,0.4492034912109375
3096,103.2,1,1,1,0.0,-1.0,0.004674275716145833,0.9876925491190347,0.4522145589192708,0.35692221145673286,0.4522145589192708
3097,103.23333333333333,1,1,1,0.0,-1.0,0.005137125651041667,0.9864583874353547,0.4558054606119792,0.3545174774752836,0.4558054606119792
3098,103.26666666666667,1,1,1,0.0,-1.0,0.005696614583333333,0.9849785944324918,0.4602203369140625,0.35129271076867663,0.4602203369140625
3099,103.3,1,1,1,0.0,-1.0,0.005788167317708333,0.9847325693686626,0.4645538330078125,0.3477777188320095,0.4645538330078125
3100,103.33333333333333,1,1,1,0.0,-1.0,0.005366007486979167,0.9858342890225027,0.4679768880208333,0.3445627275525364,0.4679768880208333
3101,103.36666666666666,1,1,1,0.0,-1.0,0.004740397135416667,0.9874758671254291,0.4689890543619792,0.3429291889259383,0.4689890543619792
3102,103.4,1,1,1,0.0,-1.0,0.005060831705729167,0.9866440732993476,0.46905517578125,0.3420293324465948,0.46905517578125
3103,103.43333333333334,1,1,1,0.0,-1.0,0.006006876627604167,0.9841684267452679,0.4695383707682292,0.3413151166233718,0.4695383707682292
3104,103.46666666666667,1,1,1,0.0,-1.0,0.0063934326171875,0.9831401517840336,0.470428466796875,0.3408001059671263,0.470428466796875
3105,103.5,1,1,1,0.0,-1.0,0.007232666015625,0.9809237477925365,0.4712320963541667,0.3405742443478088,0.4712320963541667
3106,103.53333333333333,1,1,1,0.0,-1.0,0.008321126302083334,0.9780470947272843,0.4716084798177083,0.34075983913100183,0.4716084798177083
3107,103.56666666666666,1,1,1,0.0,-1.0,0.0094757080078125,0.9749774582412127,0.4724273681640625,0.340358349073897,0.4724273681640625
3108,103.6,1,1,1,0.0,-1.0,0.012171427408854166,0.9678895484066641,0.4724070231119792,0.34059736992214706,0.4724070231119792
3109,103.63333333333334,1,1,1,0.0,-1.0,0.013514200846354166,0.9642746185210356,0.4735107421875,0.33979562978344247,0.4735107421875
3110,103.66666666666667,1,1,1,0.0,-1.0,0.013946533203125,0.962982528895441,0.4748738606770833,0.3388362737578155,0.4748738606770833
3111,103.7,1,1,1,0.0,-1.0,0.0158538818359375,0.9579521450924442,0.4745992024739583,0.3393732999344037,0.4745992024739583
3112,103.73333333333333,1,1,1,0.0,-1.0,0.019465128580729168,0.9487893324291763,0.4708150227864583,0.34302389892018503,0.4708150227864583
3113,103.76666666666667,1,1,1,0.0,-1.0,0.0200042724609375,0.9476343819457134,0.4658610026041667,0.34707564710240807,0.4658610026041667
3114,103.8,1,1,1,0.0,-1.0,0.0203399658203125,0.9470094628894836,0.4587504069010417,0.3532637276603921,0.4587504069010417
3115,103.83333333333333,1,1,1,0.0,-1.0,0.0194091796875,0.9496641013619516,0.45428466796875,0.3575226003943398,0.45428466796875
3116,103.86666666666666,1,1,1,0.0,-1.0,0.017181396484375,0.9555548862736502,0.4530385335286458,0.35942307282246166,0.4530385335286458
3117,103.9,1,1,1,0.0,-1.0,0.013997395833333334,0.9639251804498061,0.4561920166015625,0.3577536351790579,0.4561920166015625
3118,103.93333333333334,1,1,1,0.0,-1.0,0.0128936767578125,0.9670469562104176,0.4583536783854167,0.3571016021638268,0.4583536783854167
3119,103.96666666666667,1,1,1,0.0,-1.0,0.011810302734375,0.9700348193774113,0.461578369140625,0.35539012991312535,0.461578369140625
3120,104.0,1,1,1,0.0,-1.0,0.013295491536458334,0.9665522292890412,0.4650319417317708,0.3532555600258716,0.4650319417317708
3121,104.03333333333333,1,1,1,0.0,-1.0,0.015630086263020832,0.9610256070209795,0.4669189453125,0.3524542610272958,0.4669189453125
3122,104.06666666666666,1,1,1,0.0,-1.0,0.0189666748046875,0.9531853330537587,0.467132568359375,0.35282603266541773,0.467132568359375
3123,104.1,1,1,1,0.0,-1.0,0.021219889322916668,0.9479595664182163,0.4634246826171875,0.3561434172852076,0.4634246826171875
3124,104.13333333333334,1,1,1,0.0,-1.0,0.023569742838541668,0.9424075768902047,0.4555206298828125,0.36274056873218985,0.4555206298828125
3125,104.16666666666667,1,1,1,0.0,-1.0,0.026011149088541668,0.936616065627404,0.4461313883463542,0.3705676448825157,0.4461313883463542
3126,104.2,1,1,1,0.0,-1.0,0.028605143229166668,0.9304716220752159,0.4364725748697917,0.37908431427892236,0.4364725748697917
3127,104.23333333333333,1,1,1,0.0,-1.0,0.0302886962890625,0.9265189151959504,0.4266357421875,0.3883094678038018,0.4266357421875
3128,104.26666666666667,1,1,1,0.0,-1.0,0.032012939453125,0.9224299528771198,0.4182688395182292,0.39649837981291636,0.4182688395182292
3129,104.3,1,1,1,0.0,-1.0,0.032735188802083336,0.9205552505457644,0.4150492350260417,0.3996210917252395,0.4150492350260417
3130,104.33333333333333,1,1,1,0.0,-1.0,0.030695597330729168,0.9246184898814056,0.41448974609375,0.39953501314270323,0.41448974609375
3131,104.36666666666666,1,1,1,0.0,-1.0,0.028788248697916668,0.927611981799555,0.4188385009765625,0.39373778434522644,0.4188385009765625
3132,104.4,1,1,1,0.0,-1.0,0.0307159423828125,0.9205163322787342,0.4227040608723958,0.3878531845179468,0.4227040608723958
3133,104.43333333333334,1,1,1,0.0,-1.0,0.033869425455729164,0.9091262831077829,0.4328460693359375,0.37514004977390963,0.4328460693359375
3134,104.46666666666667,1,1,1,0.0,-1.0,0.034688313802083336,0.9022193534640388,0.4491780598958333,0.35609525135627057,0.4491780598958333
3135,104.5,1,1,1,0.0,-1.0,0.033604939778645836,0.8996564732630223,0.4688059488932292,0.33409378304223253,0.4688059488932292
3136,104.53333333333333,1,1,1,0.0,-1.0,0.023905436197916668,0.9242500338666415,0.47760009765625,0.3241488579538084,0.47760009765625
3137,104.56666666666666,1,1,1,0.0,-1.0,0.017903645833333332,0.9420862160646207,0.4873199462890625,0.3146978485652291,0.4873199462890625
3138,104.6,1,1,1,0.0,-1.0,0.019200642903645832,0.9381990205657769,0.49853515625,0.3039249325965929,0.49853515625
3139,104.63333333333334,1,1,1,0.0,-1.0,0.019856770833333332,0.9361684430180119,0.510528564453125,0.2927104002733607,0.510528564453125
3140,104.66666666666667,1,1,1,0.0,-1.0,0.019785563151041668,0.9364054100445304,0.5223439534505209,0.2819112174628735,0.5223439534505209
3141,104.7,1,1,1,0.0,-1.0,0.020014444986979168,0.9356875198598638,0.5330810546875,0.2721334475109899,0.5330810546875
3142,104.73333333333333,1,1,1,0.0,-1.0,0.019810994466145832,0.9363045289177008,0.5440317789713541,0.2622016393820371,0.5440317789713541
3143,104.76666666666667,1,1,1,0.0,-1.0,0.020233154296875,0.9350038807499554,0.5542093912760416,0.25293253561377527,0.5542093912760416
3144,104.8,1,1,1,0.0,-1.0,0.020222981770833332,0.9350880383422915,0.5620066324869791,0.24560208424934585,0.5620066324869791
3145,104.83333333333333,1,1,1,0.0,-1.0,0.020192464192708332,0.9351776214156223,0.5662180582682291,0.24106772560913922,0.5662180582682291
3146,104.86666666666666,1,1,1,0.0,-1.0,0.020111083984375,0.9354455691991759,0.5691324869791666,0.23778408285564556,0.5691324869791666
3147,104.9,1,1,1,0.0,-1.0,0.020436604817708332,0.9344669222437558,0.57037353515625,0.23591189553481295,0.57037353515625
3148,104.93333333333334,1,1,1,0.0,-1.0,0.020360310872395832,0.9347356550593691,0.5697530110677084,0.2360205046545984,0.5697530110677084
3149,104.96666666666667,1,1,1,0.0,-1.0,0.020294189453125,0.9350047296010178,0.56805419921875,0.23743769972437204,0.56805419921875
3150,105.0,1,1,1,0.0,-1.0,0.020665486653645832,0.9339230422814612,0.5628916422526041,0.2419743342881391,0.5628916422526041
3151,105.03333333333333,1,1,1,0.0,-1.0,0.020395914713541668,0.9347796541463633,0.558135986328125,0.24621664882184255,0.558135986328125
3152,105.06666666666666,1,1,1,0.0,-1.0,0.020685831705729168,0.9339358105192006,0.5532633463541666,0.2505529547905931,0.5532633463541666
3153,105.1,1,1,1,0.0,-1.0,0.020502726236979168,0.9345535298506533,0.5451914469401041,0.25746904390319825,0.5451914469401041
3154,105.13333333333334,1,1,1,0.0,-1.0,0.02056884765625,0.9344122400181989,0.5353597005208334,0.2658042698610327,0.5353597005208334
3155,105.16666666666667,1,1,1,0.0,-1.0,0.032109578450520836,0.9023631394523584,0.5181121826171875,0.28296501135525415,0.5181121826171875
3156,105.2,1,1,1,0.0,-1.0,0.042104085286458336,0.881311316100693,0.50048828125,0.3025100904918663,0.50048828125
3157,105.23333333333333,1,1,1,0.0,-1.0,0.0433197021484375,0.8858363955224309,0.4748331705729167,0.329638651830766,0.4748331705729167
3158,105.26666666666667,1,1,1,0.0,-1.0,0.0402984619140625,0.8989302453603338,0.4512736002604167,0.3547291427523944,0.4512736002604167
3159,105.3,1,1,1,0.0,-1.0,0.052744547526041664,0.8735772928286818,0.4353739420572917,0.3704260520659996,0.4353739420572917
3160,105.33333333333333,1,1,1,0.0,-1.0,0.061126708984375,0.8549596561583612,0.4199269612630208,0.38406621062798474,0.4199269612630208
3161,105.36666666666666,1,1,1,0.0,-1.0,0.060475667317708336,0.8539875969246153,0.4195556640625,0.38275818949168405,0.4195556640625
3162,105.4,1,1,1,0.0,-1.0,0.059483846028645836,0.8534863195606776,0.4269816080729167,0.37370996012832813,0.4269816080729167
3163,105.43333333333334,1,1,1,0.0,-1.0,0.0588226318359375,0.8519236709691058,0.4389241536458333,0.3602889291667565,0.4389241536458333
3164,105.46666666666667,1,1,1,0.0,-1.0,0.057713826497395836,0.8510868183319473,0.447113037109375,0.3506886514763168,0.447113037109375
3165,105.5,1,1,1,0.0,-1.0,0.0571136474609375,0.8488095008331796,0.4541982014973958,0.3421967063716439,0.4541982014973958
3166,105.53333333333333,1,1,1,0.0,-1.0,0.055735270182291664,0.8481107798994283,0.4612986246744792,0.3338761348178071,0.4612986246744792
3167,105.56666666666666,1,1,1,0.0,-1.0,0.054433186848958336,0.8470385663209598,0.4676920572916667,0.32648652449883886,0.4676920572916667
3168,105.6,1,1,1,0.0,-1.0,0.0528106689453125,0.8466948511878261,0.4724782307942708,0.3209634554934073,0.4724782307942708
3169,105.63333333333334,1,1,1,0.0,-1.0,0.050130208333333336,0.8491479555963656,0.4772694905598958,0.3158509099049465,0.4772694905598958
3170,105.66666666666667,1,1,1,0.0,-1.0,0.043665568033854164,0.8626402866176472,0.4811655680338542,0.3117997397464287,0.4811655680338542
3171,105.7,1,1,1,0.0,-1.0,0.029607137044270832,0.9011973276822256,0.48577880859375,0.30755986431285576,0.48577880859375
3172,105.73333333333333,1,1,1,0.0,-1.0,0.020090738932291668,0.9301080087262903,0.4865264892578125,0.3071003492321137,0.4865264892578125
3173,105.76666666666667,1,1,1,0.0,-1.0,0.015625,0.9443177385369517,0.4874979654947917,0.30637532480960106,0.4874979654947917
3174,105.8,1,1,1,0.0,-1.0,0.012690226236979166,0.9539459509986483,0.4898834228515625,0.3042562769761201,0.4898834228515625
3175,105.83333333333333,1,1,1,0.0,-1.0,0.010309855143229166,0.9620473041179916,0.4902852376302083,0.30391511249682657,0.4902852376302083
3176,105.86666666666666,1,1,1,0.0,-1.0,0.008595784505208334,0.96799225855634,0.4903717041015625,0.3041062027510202,0.4903717041015625
3177,105.9,1,1,1,0.0,-1.0,0.0072784423828125,0.9726409550945464,0.4908243815104167,0.30414664944514,0.4908243815104167
3178,105.93333333333334,1,1,1,0.0,-1.0,0.006439208984375,0.9756399541694242,0.4928080240885417,0.3030297320477925,0.4928080240885417
3179,105.96666666666667,1,1,1,0.0,-1.0,0.005488077799479167,0.9791437645980725,0.4952596028645833,0.30157269225065875,0.4952596028645833
3180,106.0,1,1,1,0.0,-1.0,0.0047760009765625,0.9817822974890307,0.4977060953776042,0.30008631004807096,0.4977060953776042
3181,106.03333333333333,1,1,1,0.0,-1.0,0.004099527994791667,0.9843211669683021,0.4990285237630208,0.2993458859566866,0.4990285237630208
3182,106.06666666666666,1,1,1,0.0,-1.0,0.0036214192708333335,0.986112589654312,0.4996439615885417,0.2990125563704594,0.4996439615885417
3183,106.1,1,1,1,0.0,-1.0,0.0028737386067708335,0.9889433059691464,0.49884033203125,0.299743531359089,0.49884033203125
3184,106.13333333333334,1,1,1,0.0,-1.0,0.0021107991536458335,0.9918680952003964,0.4971211751302083,0.3010737210880664,0.4971211751302083
3185,106.16666666666667,1,1,1,0.0,-1.0,0.0013682047526041667,0.9947271050156281,0.4951934814453125,0.30250007065942974,0.4951934814453125
3186,106.2,1,1,1,0.0,-1.0,0.00103759765625,0.9960012037217352,0.4924825032552083,0.3043577628573193,0.4924825032552083
3187,106.23333333333333,1,1,1,0.0,-1.0,0.0009613037109375,0.9962969949591894,0.489593505859375,0.3062891482650228,0.489593505859375
3188,106.26666666666667,1,1,1,0.0,-1.0,0.0009307861328125,0.996415992204413,0.4866180419921875,0.30812707192880257,0.4866180419921875
3189,106.3,1,1,1,0.0,-1.0,0.0008748372395833334,0.9966316648184587,0.4827423095703125,0.310597239012831,0.4827423095703125
3190,106.33333333333333,1,1,1,0.0,-1.0,0.0008443196614583334,0.9967485286605939,0.4785715738932292,0.31320005338298706,0.4785715738932292
3191,106.36666666666666,1,1,1,0.0,-1.0,0.000885009765625,0.9965918563127723,0.4749857584635417,0.31547490285599106,0.4749857584635417
3192,106.4,1,1,1,0.0,-1.0,0.0008799235026041666,0.9966105191767523,0.4722646077473958,0.3173239836085852,0.4722646077473958
3193,106.43333333333334,1,1,1,0.0,-1.0,0.0009307861328125,0.9964141409749185,0.4710896809895833,0.318232264207196,0.4710896809895833
3194,106.46666666666667,1,1,1,0.0,-1.0,0.0008697509765625,0.9966482398131876,0.4704640706380208,0.318885906870761,0.4704640706380208
3195,106.5,1,1,1,0.0,-1.0,0.0009206136067708334,0.9964505248620359,0.4702555338541667,0.3192599656807934,0.4702555338541667
3196,106.53333333333333,1,1,1,0.0,-1.0,0.0008951822916666666,0.9965480909671631,0.469268798828125,0.3201932243739814,0.469268798828125
3197,106.56666666666666,1,1,1,0.0,-1.0,0.0009765625,0.9962354637640751,0.46820068359375,0.32121318613474814,0.46820068359375
3198,106.6,1,1,1,0.0,-1.0,0.0010223388671875,0.9960625691585374,0.4669647216796875,0.32242149114815366,0.4669647216796875
3199,106.63333333333334,1,1,1,0.0,-1.0,0.0011952718098958333,0.9954045451629443,0.4669850667317708,0.32285099789465277,0.4669850667317708
3200,106.66666666666667,1,1,1,0.0,-1.0,0.0012156168619791667,0.9953353153237396,0.4688618977864583,0.3220217746464771,0.4688618977864583
3201,106.7,1,1,1,0.0,-1.0,0.0012563069661458333,0.9951903835456449,0.4724884033203125,0.31997186365800995,0.4724884033203125
3202,106.73333333333333,1,1,1,0.0,-1.0,0.0014801025390625,0.9943467747585284,0.4764963785807292,0.3175047144766201,0.4764963785807292
3203,106.76666666666667,1,1,1,0.0,-1.0,0.0024159749348958335,0.990790358821968,0.4800160725911458,0.3150932978976941,0.4800160725911458
3204,106.8,1,1,1,0.0,-1.0,0.0033976236979166665,0.9870266745410456,0.4820302327473958,0.31342049111486575,0.4820302327473958
3205,106.83333333333333,1,1,1,0.0,-1.0,0.0042877197265625,0.9835523225998493,0.4833730061848958,0.3120655068188697,0.4833730061848958
3206,106.86666666666666,1,1,1,0.0,-1.0,0.005025227864583333,0.9805714103834424,0.4839019775390625,0.31123486796595323,0.4839019775390625
3207,106.9,1,1,1,0.0,-1.0,0.005340576171875,0.9791099274977495,0.4846343994140625,0.3101697599666013,0.4846343994140625
3208,106.93333333333334,1,1,1,0.0,-1.0,0.0060577392578125,0.975971950784251,0.4858907063802083,0.30856254547135586,0.4858907063802083
3209,106.96666666666667,1,1,1,0.0,-1.0,0.006861368815104167,0.9723940494654013,0.4887797037760417,0.3055534841184252,0.4887797037760417
3210,107.0,1,1,1,0.0,-1.0,0.006968180338541667,0.9714794003516213,0.4908294677734375,0.30304767291472834,0.4908294677734375
3211,107.03333333333333,1,1,1,0.0,-1.0,0.007451375325520833,0.9689983313965189,0.4921976725260417,0.30101979284837016,0.4921976725260417
3212,107.06666666666666,1,1,1,0.0,-1.0,0.007593790690104167,0.9678403141846177,0.4929250081380208,0.2995388397612638,0.4929250081380208
3213,107.1,1,1,1,0.0,-1.0,0.007654825846354167,0.9669825488802815,0.495330810546875,0.2968243166317254,0.495330810546875
3214,107.13333333333334,1,1,1,0.0,-1.0,0.007700602213541667,0.96624594993091,0.4985300699869792,0.2940942748746025,0.4985300699869792
3215,107.16666666666667,1,1,1,0.0,-1.0,0.007451375325520833,0.9668981733415294,0.5028635660807291,0.29083029597573146,0.5028635660807291
3216,107.2,1,1,1,0.0,-1.0,0.007288614908854167,0.96725760720899,0.5078125,0.2874879468423615,0.5078125
3217,107.23333333333333,1,1,1,0.0,-1.0,0.007120768229166667,0.9677673245504567,0.5134531656901041,0.2837569269519521,0.5134531656901041
3218,107.26666666666667,1,1,1,0.0,-1.0,0.0068511962890625,0.9688832574370418,0.5183614095052084,0.28075591173149317,0.5183614095052084
3219,107.3,1,1,1,0.0,-1.0,0.006022135416666667,0.9727069086916569,0.5219268798828125,0.27886342560537336,0.5219268798828125
3220,107.33333333333333,1,1,1,0.0,-1.0,0.005457560221354167,0.9754574579501263,0.5259450276692709,0.2767084951999675,0.5259450276692709
3221,107.36666666666666,1,1,1,0.0,-1.0,0.004730224609375,0.9790099046540891,0.5285746256510416,0.2758996024699108,0.5285746256510416
3222,107.4,1,1,1,0.0,-1.0,0.004842122395833333,0.9789479863094017,0.5304514567057291,0.2759368518478349,0.5304514567057291
3223,107.43333333333334,1,1,1,0.0,-1.0,0.0050048828125,0.9787296346456469,0.5323079427083334,0.27595707913177814,0.5323079427083334
3224,107.46666666666667,1,1,1,0.0,-1.0,0.005055745442708333,0.9789753626446115,0.534149169921875,0.2758588236421126,0.534149169921875
3225,107.5,1,1,1,0.0,-1.0,0.0050201416015625,0.9795139668828945,0.53594970703125,0.2755926232510835,0.53594970703125
3226,107.53333333333333,1,1,1,0.0,-1.0,0.0050048828125,0.9799729896177698,0.536865234375,0.2758738418221458,0.536865234375
3227,107.56666666666666,1,1,1,0.0,-1.0,0.005096435546875,0.9799897493786306,0.5377095540364584,0.2761283240214729,0.5377095540364584
3228,107.6,1,1,1,0.0,-1.0,0.0054168701171875,0.9791227144376466,0.5388437906901041,0.2762070804505962,0.5388437906901041
3229,107.63333333333334,1,1,1,0.0,-1.0,0.005213419596354167,0.9802502672455842,0.5400543212890625,0.27634501933471706,0.5400543212890625
3230,107.66666666666667,1,1,1,0.0,-1.0,0.005482991536458333,0.9796219336420271,0.5406595865885416,0.2771560208303721,0.5406595865885416
3231,107.7,1,1,1,0.0,-1.0,0.005376180013020833,0.9803777092603774,0.5417327880859375,0.2775293521439276,0.5417327880859375
3232,107.73333333333333,1,1,1,0.0,-1.0,0.0055999755859375,0.9799267586621521,0.5427093505859375,0.2778812082778137,0.5427093505859375
3233,107.76666666666667,1,1,1,0.0,-1.0,0.005854288736979167,0.9794270887972356,0.543060302734375,0.27864708501938606,0.543060302734375
3234,107.8,1,1,1,0.0,-1.0,0.005437215169270833,0.9812342356713514,0.5424652099609375,0.2800206166061103,0.5424652099609375
3235,107.83333333333333,1,1,1,0.0,-1.0,0.005559285481770833,0.9811699805055832,0.54071044921875,0.2822454944084078,0.54071044921875
3236,107.86666666666666,1,1,1,0.0,-1.0,0.005956013997395833,0.98022565505909,0.5390777587890625,0.28444123924973796,0.5390777587890625
3237,107.9,1,1,1,0.0,-1.0,0.0055084228515625,0.9820174787913034,0.5372212727864584,0.28669435498408824,0.5372212727864584
3238,107.93333333333334,1,1,1,0.0,-1.0,0.005894978841145833,0.9811118541676177,0.535736083984375,0.28861835828709353,0.535736083984375
3239,107.96666666666667,1,1,1,0.0,-1.0,0.005157470703125,0.9837140734174298,0.5347646077473959,0.2898557772526517,0.5347646077473959
3240,108.0,1,1,1,0.0,-1.0,0.0051727294921875,0.9839003728531772,0.5349273681640625,0.2898955793974078,0.5349273681640625
3241,108.03333333333333,1,1,1,0.0,-1.0,0.004664103190104167,0.9856637084442859,0.5351816813151041,0.28961620263224447,0.5351816813151041
3242,108.06666666666666,1,1,1,0.0,-1.0,0.004185994466145833,0.9872627588021088,0.5357208251953125,0.28891693286477554,0.5357208251953125
3243,108.1,1,1,1,0.0,-1.0,0.0036570231119791665,0.9889708709794899,0.5366465250651041,0.28793266645086546,0.5366465250651041
3244,108.13333333333334,1,1,1,0.0,-1.0,0.0030670166015625,0.9908085646220337,0.5372568766276041,0.2871846946296281,0.5372568766276041
3245,108.16666666666667,1,1,1,0.0,-1.0,0.0023905436197916665,0.9928686890057535,0.5382486979166666,0.2862447226085217,0.5382486979166666
3246,108.2,1,1,1,0.0,-1.0,0.0020650227864583335,0.9938606233240739,0.5386199951171875,0.28576220922418993,0.5386199951171875
3247,108.23333333333333,1,1,1,0.0,-1.0,0.0012969970703125,0.9961443211150228,0.5388437906901041,0.2851945171649186,0.5388437906901041
3248,108.26666666666667,1,1,1,0.0,-1.0,0.0013326009114583333,0.9960375561595407,0.5386403401692709,0.2847622000395345,0.5386403401692709
3249,108.3,1,1,1,0.0,-1.0,0.0017344156901041667,0.9948408304167324,0.5376078287760416,0.2848515368661113,0.5376078287760416
3250,108.33333333333333,1,1,1,0.0,-1.0,0.0017801920572916667,0.9946926525560496,0.5361480712890625,0.2851156595747209,0.5361480712890625
3251,108.36666666666666,1,1,1,0.0,-1.0,0.0019989013671875,0.9940298113438752,0.5336710611979166,0.2862285825652534,0.5336710611979166
3252,108.4,1,1,1,0.0,-1.0,0.0021464029947916665,0.9935777051974815,0.5315755208333334,0.28702555894948223,0.5315755208333334
3253,108.43333333333334,1,1,1,0.0,-1.0,0.00250244140625,0.9925007146307813,0.5291493733723959,0.2881754831098,0.5291493733723959
3254,108.46666666666667,1,1,1,0.0,-1.0,0.0031178792317708335,0.9906490033435265,0.5267333984375,0.28932750030478566,0.5267333984375
3255,108.5,1,1,1,0.0,-1.0,0.00421142578125,0.987375187378241,0.5243631998697916,0.290557495389001,0.5243631998697916
3256,108.53333333333333,1,1,1,0.0,-1.0,0.005544026692708333,0.9834038374436472,0.5214996337890625,0.29227381984743794,0.5214996337890625
3257,108.56666666666666,1,1,1,0.0,-1.0,0.007456461588541667,0.9777220419485303,0.5184173583984375,0.29421418404359106,0.5184173583984375
3258,108.6,1,1,1,0.0,-1.0,0.0091705322265625,0.972653202618016,0.5157419840494791,0.2958063213164776,0.5157419840494791
3259,108.63333333333334,1,1,1,0.0,-1.0,0.011179606119791666,0.9667568020446681,0.5132090250651041,0.2973792882928592,0.5132090250651041
3260,108.66666666666667,1,1,1,0.0,-1.0,0.013239542643229166,0.9607742667413961,0.508697509765625,0.3007024133272834,0.508697509765625
3261,108.7,1,1,1,0.0,-1.0,0.011311848958333334,0.9664632240108502,0.5048624674479166,0.30378515727269884,0.5048624674479166
3262,108.73333333333333,1,1,1,0.0,-1.0,0.012786865234375,0.9628130393856945,0.5013224283854166,0.3076645698975714,0.5013224283854166
3263,108.76666666666667,1,1,1,0.0,-1.0,0.023279825846354168,0.9359305835241629,0.4970347086588542,0.3133912407887919,0.4970347086588542
3264,108.8,1,1,1,0.0,-1.0,0.028315226236979168,0.9259987943052927,0.4910532633463542,0.3206974277962496,0.4910532633463542
3265,108.83333333333333,1,1,1,0.0,-1.0,0.0340576171875,0.9151050100535161,0.4873758951822917,0.3258389363897132,0.4873758951822917
3266,108.86666666666666,1,1,1,0.0,-1.0,0.049138387044270836,0.8848043899974265,0.4897054036458333,0.32627074478934526,0.4897054036458333
3267,108.9,1,1,1,0.0,-1.0,0.060506184895833336,0.8668924911675198,0.4955291748046875,0.3249516340788696,0.4955291748046875
3268,108.93333333333334,1,1,1,0.0,-1.0,0.07066853841145833,0.8559706087062462,0.5083567301432291,0.3195622078652978,0.5083567301432291
3269,108.96666666666667,1,1,1,0.0,-1.0,0.08412679036458333,0.8405739808855713,0.5240834554036459,0.31062638398346953,0.5240834554036459
3270,109.0,1,1,1,0.0,-1.0,0.07985941569010417,0.8518218492489616,0.5333048502604166,0.30427448629347,0.5333048502604166
3271,109.03333333333333,1,1,1,0.0,-1.0,0.07594807942708333,0.8587724947309086,0.5411631266276041,0.297704517762529,0.5411631266276041
3272,109.06666666666666,1,1,1,0.0,-1.0,0.10061136881510417,0.8171624592343789,0.5401865641276041,0.2982626658412736,0.5401865641276041
3273,109.1,1,1,1,0.0,-1.0,0.10403951009114583,0.8108424075172084,0.5280405680338541,0.30687042626812067,0.5280405680338541
3274,109.13333333333334,1,1,1,0.0,-1.0,0.09461466471354167,0.8236115665101532,0.5259857177734375,0.3062607923321033,0.5259857177734375
3275,109.16666666666667,1,1,1,0.0,-1.0,0.0844268798828125,0.839355599301275,0.5302988688151041,0.3023877335466005,0.5302988688151041
3276,109.2,1,1,1,0.0,-1.0,0.08487955729166667,0.8370183807001794,0.5260721842447916,0.30346165730140306,0.5260721842447916
3277,109.23333333333333,1,1,1,0.0,-1.0,0.0716400146484375,0.8565154698451665,0.5129547119140625,0.31066269015418235,0.5129547119140625
3278,109.26666666666667,1,1,1,0.0,-1.0,0.062230428059895836,0.8703412977075213,0.5027516682942709,0.31753919779834366,0.5027516682942709
3279,109.3,1,1,1,0.0,-1.0,0.0592193603515625,0.8743746391975848,0.4937845865885417,0.32411196471863585,0.4937845865885417
3280,109.33333333333333,1,1,1,0.0,-1.0,0.060307820638020836,0.8708637447010668,0.4920298258463542,0.32425050004147815,0.4920298258463542
3281,109.36666666666666,1,1,1,0.0,-1.0,0.059071858723958336,0.8717420110720714,0.4913228352864583,0.3229911480274387,0.4913228352864583
3282,109.4,1,1,1,0.0,-1.0,0.039148966471354164,0.9097610336254991,0.4839070638020833,0.3241408779926532,0.4839070638020833
3283,109.43333333333334,1,1,1,0.0,-1.0,0.036860148111979164,0.9087656367507604,0.4769490559895833,0.3234347965099959,0.4769490559895833
3284,109.46666666666667,1,1,1,0.0,-1.0,0.035924275716145836,0.9023164714823977,0.4663543701171875,0.32492106884309113,0.4663543701171875
3285,109.5,1,1,1,0.0,-1.0,0.0355377197265625,0.891496334865105,0.4549001057942708,0.3271289286026624,0.4549001057942708
3286,109.53333333333333,1,1,1,0.0,-1.0,0.0346832275390625,0.880128757569863,0.4478912353515625,0.3270270667494568,0.4478912353515625
3287,109.56666666666666,1,1,1,0.0,-1.0,0.042780558268229164,0.839763715600797,0.4435933430989583,0.3268807827344035,0.4435933430989583
3288,109.6,1,1,1,0.0,-1.0,0.050933837890625,0.8015650145397257,0.4421284993489583,0.32688703696043026,0.4421284993489583
3289,109.63333333333334,1,1,1,0.0,-1.0,0.050048828125,0.796726898282117,0.4427032470703125,0.3253778204463265,0.4427032470703125
3290,109.66666666666667,1,1,1,0.0,-1.0,0.04644775390625,0.8008773818738018,0.4442138671875,0.3225875348799925,0.4442138671875
3291,109.7,1,1,1,0.0,-1.0,0.041386922200520836,0.8102614103639716,0.441192626953125,0.3242859682512676,0.441192626953125
3292,109.73333333333333,1,1,1,0.0,-1.0,0.027435302734375,0.8653334725604188,0.44573974609375,0.32171358312291065,0.44573974609375
3293,109.76666666666667,1,1,1,0.0,-1.0,0.0208740234375,0.8994033276579358,0.4479268391927083,0.3229207809422838,0.4479268391927083
3294,109.8,1,1,1,0.0,-1.0,0.021087646484375,0.9038189111147146,0.4483235677083333,0.32507396448359627,0.4483235677083333
3295,109.83333333333333,1,1,1,0.0,-1.0,0.021235148111979168,0.9073888257501059,0.44830322265625,0.32745470364366885,0.44830322265625
3296,109.86666666666666,1,1,1,0.0,-1.0,0.040435791015625,0.8503463621221574,0.4551595052083333,0.3296857717702886,0.4551595052083333
3297,109.9,1,1,1,0.0,-1.0,0.07496134440104167,0.7810096310049877,0.46820068359375,0.3282023668836439,0.46820068359375
3298,109.93333333333334,1,1,1,0.0,-1.0,0.06984965006510417,0.8141951725401672,0.4836273193359375,0.3190583548766739,0.4836273193359375
3299,109.96666666666667,1,1,1,0.0,-1.0,0.06345621744791667,0.832931859841019,0.4864247639973958,0.3158240139065822,0.4864247639973958
3300,110.0,1,1,1,0.0,-1.0,0.035471598307291664,0.8989207923738124,0.4841868082682292,0.3158526683553432,0.4841868082682292
3301,110.03333333333333,1,1,1,0.0,-1.0,0.031656901041666664,0.9064631880513085,0.4836069742838542,0.31609036747851027,0.4836069742838542
3302,110.06666666666666,1,1,1,0.0,-1.0,0.0411834716796875,0.8798550169816515,0.4839935302734375,0.3160111113806046,0.4839935302734375
3303,110.1,1,1,1,0.0,-1.0,0.04644775390625,0.8662412861787916,0.4822184244791667,0.3174788721495563,0.4822184244791667
3304,110.13333333333334,1,1,1,0.0,-1.0,0.050359090169270836,0.8565039043328853,0.4754130045572917,0.3230174932326526,0.4754130045572917
3305,110.16666666666667,1,1,1,0.0,-1.0,0.054133097330729164,0.8476015463041129,0.4706319173177083,0.32644984658256665,0.4706319173177083
3306,110.2,1,1,1,0.0,-1.0,0.058598836263020836,0.8379437070062035,0.4625295003255208,0.3330503755552806,0.4625295003255208
3307,110.23333333333333,1,1,1,0.0,-1.0,0.06461588541666667,0.8264986757098444,0.4597524007161458,0.3353482240184109,0.4597524007161458
3308,110.26666666666667,1,1,1,0.0,-1.0,0.0738983154296875,0.8109818805618846,0.45599365234375,0.3404959031584895,0.45599365234375
3309,110.3,1,1,1,0.0,-1.0,0.085479736328125,0.7965953165240816,0.4625345865885417,0.33826661463050595,0.4625345865885417
3310,110.33333333333333,1,1,1,0.0,-1.0,0.09623209635416667,0.7889703025832453,0.476104736328125,0.33147779727943766,0.476104736328125
3311,110.36666666666666,1,1,1,0.0,-1.0,0.106842041015625,0.7841300517667581,0.4971211751302083,0.31947559462711267,0.4971211751302083
3312,110.4,1,1,1,0.0,-1.0,0.11495463053385417,0.783007965477955,0.5189005533854166,0.30733885507969166,0.5189005533854166
3313,110.43333333333334,1,1,1,0.0,-1.0,0.12280782063802083,0.7788343136410741,0.5459035237630209,0.29020423151885644,0.5459035237630209
3314,110.46666666666667,1,1,1,0.0,-1.0,0.12849934895833334,0.772060076973567,0.5732472737630209,0.27098974559607586,0.5732472737630209
3315,110.5,1,1,1,0.0,-1.0,0.13145955403645834,0.7601059877106173,0.6003265380859375,0.24881288558868675,0.6003265380859375
3316,110.53333333333333,1,1,1,0.0,-1.0,0.12967427571614584,0.742390325552704,0.5962371826171875,0.24681117994619212,0.5962371826171875
3317,110.56666666666666,1,1,1,0.0,-1.0,0.11205546061197917,0.7383857387009862,0.5742390950520834,0.25588871420665577,0.5742390950520834
3318,110.6,1,1,1,0.0,-1.0,0.10055033365885417,0.702592099834102,0.5565897623697916,0.25737701027480775,0.5565897623697916
3319,110.63333333333334,1,1,1,0.0,-1.0,0.084625244140625,0.6300814620335402,0.5501963297526041,0.2476248705921377,0.5501963297526041
3320,110.66666666666667,1,1,1,0.0,-1.0,0.046025594075520836,0.6019894930575267,0.5596720377604166,0.22931623785073757,0.5596720377604166
3321,110.7,1,1,1,0.0,-1.0,0.018376668294270832,0.5744374404645017,0.5592803955078125,0.22216205959770494,0.5592803955078125
3322,110.73333333333333,1,1,1,0.0,-1.0,0.004114786783854167,0.49794260660807294,0.5520070393880209,0.2239964803059896,0.5520070393880209
3323,110.76666666666667,1,1,1,0.0,-1.0,0.0,1.0,0.5430501302083334,0.22847493489583334,0.5430501302083334
3324,110.8,1,1,1,0.0,-1.0,0.0,1.0,0.5353953043619791,0.2323023478190104,0.5353953043619791
3325,110.83333333333333,1,1,1,0.0,-1.0,0.0,1.0,0.5295613606770834,0.23521931966145834,0.5295613606770834
3326,110.86666666666666,1,1,1,0.0,-1.0,0.0,1.0,0.5252736409505209,0.2373631795247396,0.5252736409505209
3327,110.9,1,1,1,0.0,-1.0,0.0,1.0,0.5221761067708334,0.23891194661458334,0.5221761067708334
3328,110.93333333333334,1,1,1,0.0,-1.0,0.0,1.0,0.5190531412760416,0.24047342936197916,0.5190531412760416
3329,110.96666666666667,1,1,1,0.0,-1.0,0.0,1.0,0.5149485270182291,0.2425257364908854,0.5149485270182291
3330,111.0,1,1,1,0.0,-1.0,0.0,1.0,0.5096588134765625,0.24517059326171875,0.5096588134765625
3331,111.03333333333333,1,1,1,0.0,-1.0,0.0,1.0,0.5037078857421875,0.24814605712890625,0.5037078857421875
3332,111.06666666666666,1,1,1,0.0,-1.0,0.0,1.0,0.4978230794270833,0.2510884602864583,0.4978230794270833
3333,111.1,1,1,1,0.0,-1.0,0.0,1.0,0.4929656982421875,0.25351715087890625,0.4929656982421875
3334,111.13333333333334,1,1,1,0.0,-1.0,0.0,1.0,0.4897816975911458,0.25510915120442706,0.4897816975911458
3335,111.16666666666667,1,1,1,0.0,-1.0,0.0,1.0,0.4874064127604167,0.2562967936197917,0.4874064127604167
3336,111.2,1,1,1,0.0,-1.0,0.0,1.0,0.4853312174479167,0.2573343912760417,0.4853312174479167
3337,111.23333333333333,1,1,1,0.0,-1.0,0.0,1.0,0.4828694661458333,0.2585652669270833,0.4828694661458333
3338,111.26666666666667,1,1,1,0.0,-1.0,0.0,1.0,0.4797515869140625,0.26012420654296875,0.4797515869140625
3339,111.3,1,1,1,0.0,-1.0,0.0,1.0,0.4759775797526042,0.26201121012369794,0.4759775797526042
3340,111.33333333333333,1,1,1,0.0,-1.0,0.0,1.0,0.472137451171875,0.2639312744140625,0.472137451171875
3341,111.36666666666666,1,1,1,0.0,-1.0,0.0,1.0,0.46856689453125,0.265716552734375,0.46856689453125
3342,111.4,1,1,1,0.0,-1.0,0.0,1.0,0.4654998779296875,0.26725006103515625,0.4654998779296875
3343,111.43333333333334,1,1,1,0.0,-1.0,0.0,1.0,0.46258544921875,0.268707275390625,0.46258544921875
3344,111.46666666666667,1,1,1,0.0,-1.0,0.0,1.0,0.459503173828125,0.2702484130859375,0.459503173828125
3345,111.5,1,1,1,0.0,-1.0,0.0,1.0,0.4557291666666667,0.2721354166666667,0.4557291666666667
3346,111.53333333333333,1,1,1,0.0,-1.0,0.0,1.0,0.451202392578125,0.2743988037109375,0.451202392578125
3347,111.56666666666666,1,1,1,0.0,-1.0,0.0,1.0,0.445220947265625,0.2773895263671875,0.445220947265625
3348,111.6,1,1,1,0.0,-1.0,0.0,1.0,0.438385009765625,0.2808074951171875,0.438385009765625
3349,111.63333333333334,1,1,1,0.0,-1.0,0.0,1.0,0.4310150146484375,0.28449249267578125,0.4310150146484375
3350,111.66666666666667,1,1,1,0.0,-1.0,0.0,1.0,0.4237009684244792,0.28814951578776044,0.4237009684244792
3351,111.7,1,1,1,0.0,-1.0,0.0,1.0,0.416900634765625,0.2915496826171875,0.416900634765625
3352,111.73333333333333,1,1,1,0.0,-1.0,0.004720052083333333,0.4976399739583333,0.4140167236328125,0.2938545530032756,0.4140167236328125
3353,111.76666666666667,1,1,1,0.0,-1.0,0.018163045247395832,0.5904511691485065,0.4114532470703125,0.3027410068655308,0.4114532470703125
3354,111.8,1,1,1,0.0,-1.0,0.02130126953125,0.7333880699637599,0.4108988444010417,0.30949880540179436,0.4108988444010417
3355,111.83333333333333,1,1,1,0.0,-1.0,0.018107096354166668,0.8235185207323167,0.409637451171875,0.31444914713943006,0.409637451171875
3356,111.86666666666666,1,1,1,0.0,-1.0,0.0103759765625,0.9044410665261943,0.4074300130208333,0.3164197947686266,0.4074300130208333
3357,111.9,1,1,1,0.0,-1.0,0.0027109781901041665,0.9737034293457112,0.4050547281901042,0.3171194373581072,0.4050547281901042
3358,111.93333333333334,1,1,1,0.0,-1.0,0.006739298502604167,0.935269607774682,0.4017588297526042,0.3180173896980655,0.4017588297526042
3359,111.96666666666667,1,1,1,0.0,-1.0,0.0037943522135416665,0.9613774930016414,0.3980967203776042,0.31971292040746874,0.3980967203776042
3360,112.0,1,1,1,0.0,-1.0,0.008397420247395834,0.9202184360048927,0.3946889241536458,0.3233872787469931,0.3946889241536458
3361,112.03333333333333,1,1,1,0.0,-1.0,0.014256795247395834,0.8811796599429325,0.3896230061848958,0.32970146609623074,0.3896230061848958
3362,112.06666666666666,1,1,1,0.0,-1.0,0.022562662760416668,0.8399465123752449,0.3890329996744792,0.3323836697311728,0.3890329996744792
3363,112.1,1,1,1,0.0,-1.0,0.032684326171875,0.7961983145719835,0.3832041422526042,0.3383655934104651,0.3832041422526042
3364,112.13333333333334,1,1,1,0.0,-1.0,0.0288543701171875,0.8208003457041048,0.3812306722005208,0.33899209852202516,0.3812306722005208
3365,112.16666666666667,1,1,1,0.0,-1.0,0.0097198486328125,0.9330351940239904,0.3793894449869792,0.33929209198450677,0.3793894449869792
3366,112.2,1,1,1,0.0,-1.0,0.00653076171875,0.9542269589646613,0.3768361409505208,0.3409002579470949,0.3768361409505208
3367,112.23333333333333,1,1,1,0.0,-1.0,0.006413777669270833,0.9550762671875869,0.3743438720703125,0.34267021914444085,0.3743438720703125
3368,112.26666666666667,1,1,1,0.0,-1.0,0.006657918294270833,0.9535603383197153,0.3726298014322917,0.34381078966276074,0.3726298014322917
3369,112.3,1,1,1,0.0,-1.0,0.00909423828125,0.9374751661837757,0.371734619140625,0.34379177444833625,0.371734619140625
3370,112.33333333333333,1,1,1,0.0,-1.0,0.010142008463541666,0.9302529607057455,0.3687235514322917,0.3456113635418838,0.3687235514322917
3371,112.36666666666666,1,1,1,0.0,-1.0,0.010009765625,0.9301541091078567,0.3679453531901042,0.34485134333133177,0.3679453531901042
3372,112.4,1,1,1,0.0,-1.0,0.010218302408854166,0.9281167845863513,0.3670399983723958,0.34468794252954715,0.3670399983723958
3373,112.43333333333334,1,1,1,0.0,-1.0,0.009358723958333334,0.9336516215312605,0.3646291097005208,0.3460330531155703,0.3646291097005208
3374,112.46666666666667,1,1,1,0.0,-1.0,0.0082855224609375,0.9403703946695978,0.36248779296875,0.3469448362771491,0.36248779296875
3375,112.5,1,1,1,0.0,-1.0,0.007197062174479167,0.9476574923480358,0.3607330322265625,0.3478030591644103,0.3607330322265625
3376,112.53333333333333,1,1,1,0.0,-1.0,0.006586710611979167,0.9520790084917252,0.3592783610026042,0.3487934869707108,0.3592783610026042
3377,112.56666666666666,1,1,1,0.0,-1.0,0.007680257161458333,0.9453965538113527,0.3582051595052083,0.35000042933324843,0.3582051595052083
3378,112.6,1,1,1,0.0,-1.0,0.010442097981770834,0.929048660617287,0.3582712809244792,0.3506258934811012,0.3582712809244792
3379,112.63333333333334,1,1,1,0.0,-1.0,0.011942545572916666,0.9222554509166405,0.3592936197916667,0.3507616085560558,0.3592936197916667
3380,112.66666666666667,1,1,1,0.0,-1.0,0.013264973958333334,0.9170960303872786,0.3604838053385417,0.3510925784092918,0.3604838053385417
3381,112.7,1,1,1,0.0,-1.0,0.014882405598958334,0.9111121534472244,0.3625539143880208,0.3511564376545298,0.3625539143880208
3382,112.73333333333333,1,1,1,0.0,-1.0,0.017130533854166668,0.9031025494780816,0.3646291097005208,0.3521825085633468,0.3646291097005208
3383,112.76666666666667,1,1,1,0.0,-1.0,0.0196990966796875,0.8957713887809101,0.3687184651692708,0.3520290838243216,0.3687184651692708
3384,112.8,1,1,1,0.0,-1.0,0.022954305013020832,0.8872533633439483,0.3721415201822917,0.3527522487505111,0.3721415201822917
3385,112.83333333333333,1,1,1,0.0,-1.0,0.02447509765625,0.8869335781733797,0.3769073486328125,0.3513468750714519,0.3769073486328125
3386,112.86666666666666,1,1,1,0.0,-1.0,0.0254364013671875,0.8882071067038386,0.3812967936197917,0.3495258792232899,0.3812967936197917
3387,112.9,1,1,1,0.0,-1.0,0.022974650065104168,0.9017142798938358,0.3820749918619792,0.3501999206311212,0.3820749918619792
3388,112.93333333333334,1,1,1,0.0,-1.0,0.0212554931640625,0.9111512191419804,0.3817698160807292,0.35117486595794317,0.3817698160807292
3389,112.96666666666667,1,1,1,0.0,-1.0,0.022572835286458332,0.9082260503529325,0.3800404866536458,0.353487753671841,0.3800404866536458
3390,113.0,1,1,1,0.0,-1.0,0.026967366536458332,0.8942148145332419,0.3813883463541667,0.3531259341135082,0.3813883463541667
3391,113.03333333333333,1,1,1,0.0,-1.0,0.02764892578125,0.8943993792212026,0.3842417399088542,0.3517243862646505,0.3842417399088542
3392,113.06666666666666,1,1,1,0.0,-1.0,0.0272064208984375,0.8977246596208961,0.3881123860677083,0.3494564253625781,0.3881123860677083
3393,113.1,1,1,1,0.0,-1.0,0.0280914306640625,0.8960604788586,0.392578125,0.34653294740623164,0.392578125
3394,113.13333333333334,1,1,1,0.0,-1.0,0.029022216796875,0.8939577296135763,0.3935496012369792,0.34694186743126026,0.3935496012369792
3395,113.16666666666667,1,1,1,0.0,-1.0,0.031595865885416664,0.8864347008167531,0.39447021484375,0.34721302499370627,0.39447021484375
3396,113.2,1,1,1,0.0,-1.0,0.039235432942708336,0.8637434147974095,0.3967081705729167,0.34584321296145487,0.3967081705729167
3397,113.23333333333333,1,1,1,0.0,-1.0,0.0436859130859375,0.8523755086727014,0.4003041585286458,0.34320776307561873,0.4003041585286458
3398,113.26666666666667,1,1,1,0.0,-1.0,0.046381632486979164,0.8466110262368245,0.402679443359375,0.34152987864525186,0.402679443359375
3399,113.3,1,1,1,0.0,-1.0,0.0441741943359375,0.8544897849613537,0.4037882486979167,0.34108682766842674,0.4037882486979167
3400,113.33333333333333,1,1,1,0.0,-1.0,0.038386027018229164,0.8723241777964209,0.4057362874348958,0.3395873104333597,0.4057362874348958
3401,113.36666666666666,1,1,1,0.0,-1.0,0.0343475341796875,0.8850581670994282,0.4092356363932292,0.33678939441485045,0.4092356363932292
3402,113.4,1,1,1,0.0,-1.0,0.031733194986979164,0.8937614699528161,0.4132436116536458,0.3338914312011415,0.4132436116536458
3403,113.43333333333334,1,1,1,0.0,-1.0,0.032328287760416664,0.893332910567445,0.416107177734375,0.33264229701436904,0.416107177734375
3404,113.46666666666667,1,1,1,0.0,-1.0,0.033223470052083336,0.8926276969196365,0.4158884684244792,0.33421427950883525,0.4158884684244792
3405,113.5,1,1,1,0.0,-1.0,0.033665974934895836,0.893102966627354,0.4153340657552083,0.3358914154003798,0.4153340657552083
3406,113.53333333333333,1,1,1,0.0,-1.0,0.0359954833984375,0.8879667916251037,0.4154764811197917,0.3366578655128063,0.4154764811197917
3407,113.56666666666666,1,1,1,0.0,-1.0,0.035319010416666664,0.8912254466805651,0.4144643147786458,0.33856338253577917,0.4144643147786458
3408,113.6,1,1,1,0.0,-1.0,0.032663981119791664,0.899735670655924,0.4144744873046875,0.3395744503134414,0.4144744873046875
3409,113.63333333333334,1,1,1,0.0,-1.0,0.034383138020833336,0.895681783811487,0.4149169921875,0.3405083790196817,0.4149169921875
3410,113.66666666666667,1,1,1,0.0,-1.0,0.037958780924479164,0.8869302477106231,0.4181874593098958,0.338798833771279,0.4181874593098958
3411,113.7,1,1,1,0.0,-1.0,0.0396728515625,0.8835703490215722,0.41998291015625,0.3383556047477079,0.41998291015625
3412,113.73333333333333,1,1,1,0.0,-1.0,0.040044148763020836,0.8836183786630782,0.420654296875,0.33884209029143736,0.420654296875
3413,113.76666666666667,1,1,1,0.0,-1.0,0.038029988606770836,0.8904182066673896,0.4239501953125,0.33712028566807395,0.4239501953125
3414,113.8,1,1,1,0.0,-1.0,0.041234334309895836,0.8836512710815747,0.4261067708333333,0.3367433879795982,0.4261067708333333
3415,113.83333333333333,1,1,1,0.0,-1.0,0.04205322265625,0.883273827709943,0.4237925211588542,0.3408435596587195,0.4237925211588542
3416,113.86666666666666,1,1,1,0.0,-1.0,0.03802490234375,0.8954489098106084,0.4210662841796875,0.3449911858592491,0.4210662841796875
3417,113.9,1,1,1,0.0,-1.0,0.035059611002604164,0.9040775860868098,0.4207102457682292,0.3461334889915219,0.4207102457682292
3418,113.93333333333334,1,1,1,0.0,-1.0,0.033533732096354164,0.9083473717327979,0.4207712809244792,0.3461360124399552,0.4207712809244792
3419,113.96666666666667,1,1,1,0.0,-1.0,0.0319976806640625,0.9123539871710122,0.4207916259765625,0.3459633664982583,0.4207916259765625
3420,114.0,1,1,1,0.0,-1.0,0.031305948893229164,0.9141280313793578,0.4208272298177083,0.34557940274378457,0.4208272298177083
3421,114.03333333333333,1,1,1,0.0,-1.0,0.032750447591145836,0.9102668837407322,0.4204966227213542,0.3456844353396946,0.4204966227213542
3422,114.06666666666666,1,1,1,0.0,-1.0,0.035669962565104164,0.9027760885279993,0.4189503987630208,0.34727825731386086,0.4189503987630208
3423,114.1,1,1,1,0.0,-1.0,0.0401458740234375,0.8917137927856125,0.4140065511067708,0.35252495668076966,0.4140065511067708
3424,114.13333333333334,1,1,1,0.0,-1.0,0.0434417724609375,0.8841592938657411,0.4118245442708333,0.3557022586134556,0.4118245442708333
3425,114.16666666666667,1,1,1,0.0,-1.0,0.045399983723958336,0.880015888809635,0.412109375,0.3563549197968531,0.412109375
3426,114.2,1,1,1,0.0,-1.0,0.0465545654296875,0.8776769482435576,0.4159901936848958,0.35333477554612985,0.4159901936848958
3427,114.23333333333333,1,1,1,0.0,-1.0,0.048070271809895836,0.8741865814101025,0.4158376057942708,0.35360260746397426,0.4158376057942708
3428,114.26666666666667,1,1,1,0.0,-1.0,0.043670654296875,0.8843977001322132,0.4137929280598958,0.3553820024557506,0.4137929280598958
3429,114.3,1,1,1,0.0,-1.0,0.039484659830729164,0.8941631496305759,0.41326904296875,0.35575459621944516,0.41326904296875
3430,114.33333333333333,1,1,1,0.0,-1.0,0.025370279947916668,0.9300753154403882,0.4131317138671875,0.3558297563392278,0.4131317138671875
3431,114.36666666666666,1,1,1,0.0,-1.0,0.025685628255208332,0.9290532436435182,0.4139912923177083,0.3549196993735183,0.4139912923177083
3432,114.4,1,1,1,0.0,-1.0,0.024012247721354168,0.9333644983517029,0.4146016438802083,0.3543940366595164,0.4146016438802083
3433,114.43333333333334,1,1,1,0.0,-1.0,0.023585001627604168,0.934388672162968,0.4150492350260417,0.3542897923776832,0.4150492350260417
3434,114.46666666666667,1,1,1,0.0,-1.0,0.022160847981770832,0.9381542076203333,0.4160919189453125,0.3538179891262054,0.4160919189453125
3435,114.5,1,1,1,0.0,-1.0,0.025883992513020832,0.9281625287482222,0.4167989095052083,0.3539284672300003,0.4167989095052083
3436,114.53333333333333,1,1,1,0.0,-1.0,0.028554280598958332,0.9211130089128564,0.4187062581380208,0.3532144699057128,0.4187062581380208
3437,114.56666666666666,1,1,1,0.0,-1.0,0.030207316080729168,0.9167498695545915,0.4217173258463542,0.351559834446304,0.4217173258463542
3438,114.6,1,1,1,0.0,-1.0,0.028844197591145832,0.9201302695839375,0.4258371988932292,0.3487041811795898,0.4258371988932292
3439,114.63333333333334,1,1,1,0.0,-1.0,0.029261271158854168,0.9189064196575751,0.430206298828125,0.3461016586108855,0.430206298828125
3440,114.66666666666667,1,1,1,0.0,-1.0,0.032206217447916664,0.911268742144695,0.4341328938802083,0.3441047584192521,0.4341328938802083
3441,114.7,1,1,1,0.0,-1.0,0.032048543294270836,0.9117180384280921,0.4377237955729167,0.34242195130992714,0.4377237955729167
3442,114.73333333333333,1,1,1,0.0,-1.0,0.030853271484375,0.915028131739432,0.4415740966796875,0.3406847377075302,0.4415740966796875
3443,114.76666666666667,1,1,1,0.0,-1.0,0.026575724283854168,0.9265687870033067,0.4459075927734375,0.33843563828204815,0.4459075927734375
3444,114.8,1,1,1,0.0,-1.0,0.025248209635416668,0.930127951683582,0.4499715169270833,0.33590018013961737,0.4499715169270833
3445,114.83333333333333,1,1,1,0.0,-1.0,0.025319417317708332,0.9299826373439801,0.4543609619140625,0.3329900084417372,0.4543609619140625
3446,114.86666666666666,1,1,1,0.0,-1.0,0.024449666341145832,0.9324429269878338,0.4575449625651042,0.33106415624173335,0.4575449625651042
3447,114.9,1,1,1,0.0,-1.0,0.028788248697916668,0.9216292467860974,0.4615529378255208,0.3284477824629215,0.4615529378255208
3448,114.93333333333334,1,1,1,0.0,-1.0,0.037083943684895836,0.9012723904066577,0.4658152262369792,0.3254994877135522,0.4658152262369792
3449,114.96666666666667,1,1,1,0.0,-1.0,0.042317708333333336,0.8893211717306877,0.4689737955729167,0.32363061651233505,0.4689737955729167
3450,115.0,1,1,1,0.0,-1.0,0.046366373697916664,0.8805491371942349,0.4685770670572917,0.32487075291379275,0.4685770670572917
3451,115.03333333333333,1,1,1,0.0,-1.0,0.049845377604166664,0.873049734336621,0.4675547281901042,0.3266404230922102,0.4675547281901042
3452,115.06666666666666,1,1,1,0.0,-1.0,0.054631551106770836,0.8624300192400566,0.4696553548177083,0.32571507927365334,0.4696553548177083
3453,115.1,1,1,1,0.0,-1.0,0.059560139973958336,0.8515802232189487,0.4711558024088542,0.32518483035525825,0.4711558024088542
3454,115.13333333333334,1,1,1,0.0,-1.0,0.059855143229166664,0.8512761168361774,0.4681905110677083,0.32875424296377065,0.4681905110677083
3455,115.16666666666667,1,1,1,0.0,-1.0,0.056233723958333336,0.860075777716813,0.4661000569661458,0.33128662808190196,0.4661000569661458
3456,115.2,1,1,1,0.0,-1.0,0.056905110677083336,0.8590999181123478,0.4636433919270833,0.33368380815545573,0.4636433919270833
3457,115.23333333333333,1,1,1,0.0,-1.0,0.0679779052734375,0.8353022844442657,0.4617513020833333,0.33527756413201254,0.4617513020833333
3458,115.26666666666667,1,1,1,0.0,-1.0,0.08060709635416667,0.80911308405736,0.4572499593098958,0.33908154787462064,0.4572499593098958
3459,115.3,1,1,1,0.0,-1.0,0.0909881591796875,0.7878003572913286,0.4557393391927083,0.34018348362678297,0.4557393391927083
3460,115.33333333333333,1,1,1,0.0,-1.0,0.10088094075520833,0.7667981094849046,0.4539947509765625,0.342230604382592,0.4539947509765625
3461,115.36666666666666,1,1,1,0.0,-1.0,0.10900370279947917,0.7491494376143686,0.4519297281901042,0.3460560683468789,0.4519297281901042
3462,115.4,1,1,1,0.0,-1.0,0.112884521484375,0.7388974377664546,0.4439290364583333,0.3563967663962857,0.4439290364583333
3463,115.43333333333334,1,1,1,0.0,-1.0,0.115447998046875,0.729006956822869,0.4316762288411458,0.3696949660224498,0.4316762288411458
3464,115.46666666666667,1,1,1,0.0,-1.0,0.11665852864583333,0.720186305680341,0.4142659505208333,0.3871742003692309,0.4142659505208333
3465,115.5,1,1,1,0.0,-1.0,0.12048848470052083,0.7077147239797428,0.4038543701171875,0.3980528222070491,0.4038543701171875
3466,115.53333333333333,1,1,1,0.0,-1.0,0.11981709798177083,0.7106223397794877,0.3945159912109375,0.4094587440925308,0.3945159912109375
3467,115.56666666666666,1,1,1,0.0,-1.0,0.12754313151041666,0.7025244439359033,0.3945058186848958,0.4120433328021691,0.3945058186848958
3468,115.6,1,1,1,0.0,-1.0,0.13628133138020834,0.6948123525654797,0.4054412841796875,0.4035689138446883,0.4054412841796875
3469,115.63333333333334,1,1,1,0.0,-1.0,0.14648946126302084,0.6857925096351799,0.4234059651692708,0.3884977454331416,0.4234059651692708
3470,115.66666666666667,1,1,1,0.0,-1.0,0.15811665852864584,0.6759416957752501,0.44097900390625,0.37406124448942163,0.44097900390625
3471,115.7,1,1,1,0.0,-1.0,0.168182373046875,0.6681994001522285,0.4604390462239583,0.35745953752719883,0.4604390462239583
3472,115.73333333333333,1,1,1,0.0,-1.0,0.17101033528645834,0.6705343748526963,0.4686330159505208,0.35112666869968046,0.4686330159505208
3473,115.76666666666667,1,1,1,0.0,-1.0,0.142669677734375,0.7169225215847088,0.459197998046875,0.35852575245035,0.459197998046875
3474,115.8,1,1,1,0.0,-1.0,0.12289937337239583,0.7450743207916989,0.4338175455729167,0.38018804118729044,0.4338175455729167
3475,115.83333333333333,1,1,1,0.0,-1.0,0.11151631673177083,0.7557413474334571,0.4238026936848958,0.3862212821529215,0.4238026936848958
3476,115.86666666666666,1,1,1,0.0,-1.0,0.09804789225260417,0.771473458620243,0.426055908203125,0.3816286835437147,0.426055908203125
3477,115.9,1,1,1,0.0,-1.0,0.07890828450520833,0.8051108290266964,0.4328664143880208,0.3737625097347887,0.4328664143880208
3478,115.93333333333334,1,1,1,0.0,-1.0,0.052881876627604164,0.8637078478933807,0.44390869140625,0.3645611557983368,0.44390869140625
3479,115.96666666666667,1,1,1,0.0,-1.0,0.054204305013020836,0.8663681424187306,0.44659423828125,0.3659988607410486,0.44659423828125
3480,116.0,1,1,1,0.0,-1.0,0.0538177490234375,0.872861457201696,0.4288736979166667,0.3852968275018882,0.4288736979166667
3481,116.03333333333333,1,1,1,0.0,-1.0,0.049041748046875,0.8856222022169629,0.4003397623697917,0.41498125978051603,0.4003397623697917
3482,116.06666666666666,1,1,1,0.0,-1.0,0.021087646484375,0.949186888746105,0.4005584716796875,0.41483372862684376,0.4005584716796875
3483,116.1,1,1,1,0.0,-1.0,0.028065999348958332,0.9329932066610815,0.4033966064453125,0.41215370421700903,0.4033966064453125
3484,116.13333333333334,1,1,1,0.0,-1.0,0.027374267578125,0.9344099072370267,0.4079030354817708,0.4073142433946427,0.4079030354817708
3485,116.16666666666667,1,1,1,0.0,-1.0,0.031514485677083336,0.9247042497522884,0.4103291829427083,0.4047412604521402,0.4103291829427083
3486,116.2,1,1,1,0.0,-1.0,0.029296875,0.929637123628535,0.4063720703125,0.40854185318297115,0.4063720703125
3487,116.23333333333333,1,1,1,0.0,-1.0,0.039560953776041664,0.9066546830388862,0.4017486572265625,0.4137775360248643,0.4017486572265625
3488,116.26666666666667,1,1,1,0.0,-1.0,0.05352783203125,0.8764996148337144,0.391143798828125,0.42488459323261374,0.391143798828125
3489,116.3,1,1,1,0.0,-1.0,0.053456624348958336,0.8758298172139034,0.3741455078125,0.4423657611506755,0.3741455078125
3490,116.33333333333333,1,1,1,0.0,-1.0,0.046259562174479164,0.8904996432759611,0.3581339518229167,0.45974692389355903,0.3581339518229167
3491,116.36666666666666,1,1,1,0.0,-1.0,0.051015218098958336,0.8800126163899105,0.3487497965494792,0.4707303717155745,0.3487497965494792
3492,116.4,1,1,1,0.0,-1.0,0.06671651204427083,0.8461792465172898,0.344390869140625,0.47551367092359464,0.344390869140625
3493,116.43333333333334,1,1,1,0.0,-1.0,0.07052103678385417,0.8364836547551858,0.3499501546223958,0.4689215797806514,0.3499501546223958
3494,116.46666666666667,1,1,1,0.0,-1.0,0.060948689778645836,0.8546827179458701,0.3533477783203125,0.4646857589398251,0.3533477783203125
3495,116.5,1,1,1,0.0,-1.0,0.0541839599609375,0.8681427487974247,0.3536580403645833,0.46423784926846456,0.3536580403645833
3496,116.53333333333333,1,1,1,0.0,-1.0,0.057596842447916664,0.860425464902105,0.3554229736328125,0.46226494294659526,0.3554229736328125
3497,116.56666666666666,1,1,1,0.0,-1.0,0.058512369791666664,0.8586473156690999,0.357513427734375,0.45990094104894985,0.357513427734375
3498,116.6,1,1,1,0.0,-1.0,0.059778849283854164,0.8560904445409674,0.358551025390625,0.4585462410949819,0.358551025390625
3499,116.63333333333334,1,1,1,0.0,-1.0,0.054463704427083336,0.8682018517614429,0.3624064127604167,0.4541800319764677,0.3624064127604167
3500,116.66666666666667,1,1,1,0.0,-1.0,0.059478759765625,0.8591818526109465,0.3557993570963542,0.4626411498106773,0.3557993570963542
3501,116.7,1,1,1,0.0,-1.0,0.07126871744791667,0.8377878512895132,0.355377197265625,0.4643175325215051,0.355377197265625
3502,116.73333333333333,1,1,1,0.0,-1.0,0.079864501953125,0.8225773258207942,0.3654327392578125,0.45369812048924374,0.3654327392578125
3503,116.76666666666667,1,1,1,0.0,-1.0,0.06875101725260417,0.8458802092684164,0.3834940592447917,0.43483544082094483,0.3834940592447917
3504,116.8,1,1,1,0.0,-1.0,0.0626068115234375,0.8591010356156483,0.401214599609375,0.4170929626015535,0.401214599609375
3505,116.83333333333333,1,1,1,0.0,-1.0,0.07186381022135417,0.8416223355142365,0.4218393961588542,0.3974818403840463,0.4218393961588542
3506,116.86666666666666,1,1,1,0.0,-1.0,0.0684356689453125,0.8520333071604552,0.4275665283203125,0.394320313014599,0.4275665283203125
3507,116.9,1,1,1,0.0,-1.0,0.07428995768229167,0.845393230640975,0.4399464925130208,0.384329223488037,0.4399464925130208
3508,116.93333333333334,1,1,1,0.0,-1.0,0.08232625325520833,0.8344815814613549,0.4594268798828125,0.3673052165839147,0.4594268798828125
3509,116.96666666666667,1,1,1,0.0,-1.0,0.09999593098958333,0.8060739964241016,0.4812520345052083,0.34807153076698905,0.4812520345052083
3510,117.0,1,1,1,0.0,-1.0,0.11582438151041667,0.7813313639685759,0.5071207682291666,0.3254044197080357,0.5071207682291666
3511,117.03333333333333,1,1,1,0.0,-1.0,0.12694803873697916,0.7640860873246861,0.5409952799479166,0.2963755001422323,0.5409952799479166
3512,117.06666666666666,1,1,1,0.0,-1.0,0.13404337565104166,0.752764873707132,0.5701344807942709,0.2722711412385862,0.5701344807942709
3513,117.1,1,1,1,0.0,-1.0,0.13887532552083334,0.7455622443941712,0.5862884521484375,0.25954518745576916,0.5862884521484375
3514,117.13333333333334,1,1,1,0.0,-1.0,0.1461334228515625,0.7358114032230922,0.5872802734375,0.2591801833935866,0.5872802734375
3515,117.16666666666667,1,1,1,0.0,-1.0,0.15744527180989584,0.7202755109557968,0.58453369140625,0.2616456243232394,0.58453369140625
3516,117.2,1,1,1,0.0,-1.0,0.1453857421875,0.7385281467517677,0.5530548095703125,0.286893918284162,0.5530548095703125
3517,117.23333333333333,1,1,1,0.0,-1.0,0.14629618326822916,0.7317323999134331,0.5042063395182291,0.3267627705488603,0.5042063395182291
3518,117.26666666666667,1,1,1,0.0,-1.0,0.14635213216145834,0.7195007073009079,0.4754079182942708,0.3497244379002147,0.4754079182942708
3519,117.3,1,1,1,0.0,-1.0,0.14523824055989584,0.7072381628706429,0.4527231852213542,0.36867624549785893,0.4527231852213542
3520,117.33333333333333,1,1,1,0.0,-1.0,0.12916056315104166,0.7218326263019728,0.4405670166015625,0.3778579812047123,0.4405670166015625
3521,117.36666666666666,1,1,1,0.0,-1.0,0.1114044189453125,0.7404796803179855,0.4431406656901042,0.3728089528612547,0.4431406656901042
3522,117.4,1,1,1,0.0,-1.0,0.09580485026041667,0.759628541549414,0.4610239664713542,0.35426051569705064,0.4610239664713542
3523,117.43333333333334,1,1,1,0.0,-1.0,0.08382161458333333,0.7769817750837975,0.4767201741536458,0.3383380482026551,0.4767201741536458
3524,117.46666666666667,1,1,1,0.0,-1.0,0.07286580403645833,0.7946490793680587,0.4951629638671875,0.3202304910822532,0.4951629638671875
3525,117.5,1,1,1,0.0,-1.0,0.06779988606770833,0.7986551632101929,0.5037587483723959,0.3105754379187737,0.5037587483723959
3526,117.53333333333333,1,1,1,0.0,-1.0,0.06463623046875,0.8000660763620402,0.5111948649088541,0.3030321324070395,0.5111948649088541
3527,117.56666666666666,1,1,1,0.0,-1.0,0.06757609049479167,0.792739914949232,0.522705078125,0.29379910188544067,0.522705078125
3528,117.6,1,1,1,0.0,-1.0,0.07865397135416667,0.7740580056019648,0.5371449788411459,0.2838161531806832,0.5371449788411459
3529,117.63333333333334,1,1,1,0.0,-1.0,0.0872039794921875,0.7696058749574212,0.5594889322916666,0.2686419610289576,0.5594889322916666
3530,117.66666666666667,1,1,1,0.0,-1.0,0.0850067138671875,0.7888372705425661,0.5766957600911459,0.25739565171290446,0.5766957600911459
3531,117.7,1,1,1,0.0,-1.0,0.07851664225260417,0.8113590345933581,0.5942738850911459,0.24507534071136133,0.5942738850911459
3532,117.73333333333333,1,1,1,0.0,-1.0,0.07515462239583333,0.8236717236221731,0.6124369303385416,0.23247261262381444,0.6124369303385416
3533,117.76666666666667,1,1,1,0.0,-1.0,0.07717386881510417,0.8247688693073305,0.6308797200520834,0.22025364066609568,0.6308797200520834
3534,117.8,1,1,1,0.0,-1.0,0.07896931966145833,0.8269745105753384,0.6501820882161459,0.2075702261250233,0.6501820882161459
3535,117.83333333333333,1,1,1,0.0,-1.0,0.08441162109375,0.8215015682819812,0.6571400960286459,0.20363309112967837,0.6571400960286459
3536,117.86666666666666,1,1,1,0.0,-1.0,0.08913167317708333,0.8159864941725377,0.6547393798828125,0.20587127302992547,0.6547393798828125
3537,117.9,1,1,1,0.0,-1.0,0.087982177734375,0.8199700810954637,0.6448465983072916,0.21335116337652787,0.6448465983072916
3538,117.93333333333334,1,1,1,0.0,-1.0,0.07938639322916667,0.837178870858585,0.622955322265625,0.22993151441319704,0.622955322265625
3539,117.96666666666667,1,1,1,0.0,-1.0,0.06711832682291667,0.861277631382082,0.5962931315104166,0.2506214878097952,0.5962931315104166
3540,118.0,1,1,1,0.0,-1.0,0.059351603190104164,0.8769600586855384,0.5663960774739584,0.27468293569453534,0.5663960774739584
3541,118.03333333333333,1,1,1,0.0,-1.0,0.0543212890625,0.887432354996935,0.5383199055989584,0.29814118659593436,0.5383199055989584
3542,118.06666666666666,1,1,1,0.0,-1.0,0.052495320638020836,0.891581815346774,0.5139821370442709,0.3192216122890427,0.5139821370442709
3543,118.1,1,1,1,0.0,-1.0,0.051518758138020836,0.8940280951714586,0.4921925862630208,0.33867555193516075,0.4921925862630208
3544,118.13333333333334,1,1,1,0.0,-1.0,0.052698771158854164,0.8919879038727627,0.4742075602213542,0.35504356390908853,0.4742075602213542
3545,118.16666666666667,1,1,1,0.0,-1.0,0.053436279296875,0.8905098186698754,0.4647267659505208,0.3637502893559671,0.4647267659505208
3546,118.2,1,1,1,0.0,-1.0,0.053716023763020836,0.8897547829562997,0.461669921875,0.3665555731894408,0.461669921875
3547,118.23333333333333,1,1,1,0.0,-1.0,0.058725992838541664,0.8803776473061962,0.4637451171875,0.36482599312830843,0.4637451171875
3548,118.26666666666667,1,1,1,0.0,-1.0,0.0546112060546875,0.8882684984327609,0.4614969889322917,0.36667834208939254,0.4614969889322917
3549,118.3,1,1,1,0.0,-1.0,0.052693684895833336,0.8911084055824463,0.4588521321614583,0.3686848214730642,0.4588521321614583
3550,118.33333333333333,1,1,1,0.0,-1.0,0.051289876302083336,0.8926404533654257,0.4562784830729167,0.37049978747711426,0.4562784830729167
3551,118.36666666666666,1,1,1,0.0,-1.0,0.044550577799479164,0.9048486408528367,0.4521433512369792,0.3737788374318087,0.4521433512369792
3552,118.4,1,1,1,0.0,-1.0,0.038299560546875,0.916864927343856,0.4494527180989583,0.37605072109529186,0.4494527180989583
3553,118.43333333333334,1,1,1,0.0,-1.0,0.042470296223958336,0.9080256591662335,0.4446767171223958,0.3804253264091672,0.4446767171223958
3554,118.46666666666667,1,1,1,0.0,-1.0,0.039316813151041664,0.9142816541988794,0.436920166015625,0.38760453399566297,0.436920166015625
3555,118.5,1,1,1,0.0,-1.0,0.034001668294270836,0.9249931972606733,0.4291483561197917,0.3946155506931551,0.4291483561197917
3556,118.53333333333333,1,1,1,0.0,-1.0,0.040074666341145836,0.9114662375396961,0.4225311279296875,0.40046381964535827,0.4225311279296875
3557,118.56666666666666,1,1,1,0.0,-1.0,0.049346923828125,0.8907909555820633,0.4157765706380208,0.4061046121317113,0.4157765706380208
3558,118.6,1,1,1,0.0,-1.0,0.048604329427083336,0.8900034653737786,0.4152628580729167,0.4051996672456156,0.4152628580729167
3559,118.63333333333334,1,1,1,0.0,-1.0,0.0407562255859375,0.9042749057671591,0.4154764811197917,0.403571802900066,0.4154764811197917
3560,118.66666666666667,1,1,1,0.0,-1.0,0.023447672526041668,0.9422065726267843,0.4138743082682292,0.4043843790547962,0.4138743082682292
3561,118.7,1,1,1,0.0,-1.0,0.0332183837890625,0.9179143820449139,0.4102223714192708,0.40746624748369775,0.4102223714192708
3562,118.73333333333333,1,1,1,0.0,-1.0,0.039850870768229164,0.9011398277703255,0.4104410807291667,0.40686991516973636,0.4104410807291667
3563,118.76666666666667,1,1,1,0.0,-1.0,0.042978922526041664,0.8928900260873864,0.4155782063802083,0.4014776798703428,0.4155782063802083
3564,118.8,1,1,1,0.0,-1.0,0.040735880533854164,0.8977016506683494,0.4182688395182292,0.3986956152928042,0.4182688395182292
3565,118.83333333333333,1,1,1,0.0,-1.0,0.035944620768229164,0.9091780755197458,0.4191233317057292,0.397907184178836,0.4191233317057292
3566,118.86666666666666,1,1,1,0.0,-1.0,0.0329742431640625,0.9170316415502606,0.4159189860026042,0.4015419343314625,0.4159189860026042
3567,118.9,1,1,1,0.0,-1.0,0.036412556966145836,0.9100621644271838,0.4065653483072917,0.4113010715761285,0.4065653483072917
3568,118.93333333333334,1,1,1,0.0,-1.0,0.031890869140625,0.9215222524080366,0.404388427734375,0.4136697365624882,0.404388427734375
3569,118.96666666666667,1,1,1,0.0,-1.0,0.023523966471354168,0.9420320487237649,0.4019877115885417,0.41655520396841295,0.4019877115885417
3570,119.0,1,1,1,0.0,-1.0,0.026743570963541668,0.9355415555629332,0.3995259602864583,0.4198133700380319,0.3995259602864583
3571,119.03333333333333,1,1,1,0.0,-1.0,0.037333170572916664,0.9132924766014408,0.3963368733723958,0.4240356619427302,0.3963368733723958
3572,119.06666666666666,1,1,1,0.0,-1.0,0.043975830078125,0.901033632557188,0.4002888997395833,0.4208972420310358,0.4002888997395833
3573,119.1,1,1,1,0.0,-1.0,0.045527140299479164,0.8999297019602335,0.40460205078125,0.41743002385613037,0.40460205078125
3574,119.13333333333334,1,1,1,0.0,-1.0,0.062449137369791664,0.8683648529136515,0.4121348063151042,0.41078424931869695,0.4121348063151042
3575,119.16666666666667,1,1,1,0.0,-1.0,0.08625284830729167,0.8262754066959973,0.421630859375,0.40211350896222,0.421630859375
3576,119.2,1,1,1,0.0,-1.0,0.10953267415364583,0.7876920477439171,0.4377085367838542,0.3868889657620577,0.4377085367838542
3577,119.23333333333333,1,1,1,0.0,-1.0,0.12652587890625,0.7610880014242574,0.4637196858723958,0.3625233686406373,0.4637196858723958
3578,119.26666666666667,1,1,1,0.0,-1.0,0.11974589029947917,0.7717637752769195,0.4892679850260417,0.33797781038877406,0.4892679850260417
3579,119.3,1,1,1,0.0,-1.0,0.11853535970052083,0.7686361822977116,0.5170186360677084,0.31079290695311984,0.5170186360677084
3580,119.33333333333333,1,1,1,0.0,-1.0,0.104400634765625,0.7812502285467542,0.5286509195963541,0.29492756532782183,0.5286509195963541
3581,119.36666666666666,1,1,1,0.0,-1.0,0.10388692220052083,0.758419322579899,0.5349833170572916,0.28121143897020373,0.5349833170572916
3582,119.4,1,1,1,0.0,-1.0,0.1007843017578125,0.724687370721959,0.5346476236979166,0.270981568274922,0.5346476236979166
3583,119.43333333333334,1,1,1,0.0,-1.0,0.08852132161458333,0.692315654833873,0.53363037109375,0.2605509697163575,0.53363037109375
3584,119.46666666666667,1,1,1,0.0,-1.0,0.060969034830729164,0.708594659166971,0.5339609781901041,0.2531493457177249,0.5339609781901041
3585,119.5,1,1,1,0.0,-1.0,0.038798014322916664,0.7594124669369471,0.5293426513671875,0.25358819429662016,0.5293426513671875
3586,119.53333333333333,1,1,1,0.0,-1.0,0.032267252604166664,0.7707139088833578,0.5302734375,0.24987567402890648,0.5302734375
3587,119.56666666666666,1,1,1,0.0,-1.0,0.029424031575520832,0.756745550917825,0.5310211181640625,0.24490055903648428,0.5310211181640625
3588,119.6,1,1,1,0.0,-1.0,0.033650716145833336,0.6928836346203548,0.5194803873697916,0.2524645373532588,0.5194803873697916
3589,119.63333333333334,1,1,1,0.0,-1.0,0.092803955078125,0.5615722330254448,0.4985555013020833,0.289223603896191,0.4985555013020833
3590,119.66666666666667,1,1,1,0.0,-1.0,0.09615580240885417,0.7004956968487784,0.481964111328125,0.32207855975514527,0.481964111328125
3591,119.7,1,1,1,0.0,-1.0,0.07773844401041667,0.8036003485525178,0.470428466796875,0.3436988704729882,0.470428466796875
3592,119.73333333333333,1,1,1,0.0,-1.0,0.055216471354166664,0.870071304095501,0.4676106770833333,0.3491008069900764,0.4676106770833333
3593,119.76666666666667,1,1,1,0.0,-1.0,0.0899505615234375,0.8053819265588377,0.4656829833984375,0.3530752057960447,0.4656829833984375
3594,119.8,1,1,1,0.0,-1.0,0.06978352864583333,0.8478726490705882,0.4616750081380208,0.3570639662411366,0.4616750081380208
3595,119.83333333333333,1,1,1,0.0,-1.0,0.047114054361979164,0.8935445923420724,0.4542185465494792,0.3626943645789634,0.4542185465494792
3596,119.86666666666666,1,1,1,0.0,-1.0,0.021138509114583332,0.9495185173291809,0.4514872233072917,0.3636937415243568,0.4514872233072917
3597,119.9,1,1,1,0.0,-1.0,0.024973551432291668,0.9391020509578756,0.4539031982421875,0.35898195939145383,0.4539031982421875
3598,119.93333333333334,1,1,1,0.0,-1.0,0.044871012369791664,0.8888752772860363,0.464569091796875,0.3445357353801538,0.464569091796875
3599,119.96666666666667,1,1,1,0.0,-1.0,0.038655598958333336,0.8975756468114566,0.4713490804036458,0.3341353427468643,0.4713490804036458
3600,120.0,1,1,1,0.0,-1.0,0.015523274739583334,0.95613420426847,0.4706827799479167,0.3347693538418515,0.4706827799479167
3601,120.03333333333333,1,1,1,0.0,-1.0,0.023564656575520832,0.9365419971240263,0.4677683512369792,0.34032843564507176,0.4677683512369792
3602,120.06666666666666,1,1,1,0.0,-1.0,0.017664591471354168,0.9540150187517331,0.4655100504557292,0.34418274207889565,0.4655100504557292
3603,120.1,1,1,1,0.0,-1.0,0.0049285888671875,0.9871582004834065,0.4657796223958333,0.3440153271619939,0.4657796223958333
3604,120.13333333333334,1,1,1,0.0,-1.0,0.004567464192708333,0.9881275626474619,0.4656016031901042,0.34408407916931727,0.4656016031901042
3605,120.16666666666667,1,1,1,0.0,-1.0,0.004587809244791667,0.9880761355210644,0.4651540120442708,0.344421555949551,0.4651540120442708
3606,120.2,1,1,1,0.0,-1.0,0.0034739176432291665,0.9909720694090958,0.4654897054036458,0.3444205735227091,0.4654897054036458
3607,120.23333333333333,1,1,1,0.0,-1.0,0.012593587239583334,0.9681389485090662,0.4643402099609375,0.3469419183286293,0.4643402099609375
3608,120.26666666666667,1,1,1,0.0,-1.0,0.0313568115234375,0.9248817412300656,0.4558207194010417,0.3575215653529412,0.4558207194010417
3609,120.3,1,1,1,0.0,-1.0,0.050038655598958336,0.8871948869738855,0.4414621988932292,0.37433333811819736,0.4414621988932292
3610,120.33333333333333,1,1,1,0.0,-1.0,0.061518351236979164,0.867402224836781,0.41998291015625,0.3976660895807704,0.41998291015625
3611,120.36666666666666,1,1,1,0.0,-1.0,0.059972127278645836,0.8728158059815849,0.39752197265625,0.4216830607051645,0.39752197265625
3612,120.4,1,1,1,0.0,-1.0,0.055450439453125,0.8840869703083234,0.3775787353515625,0.4448083711163691,0.3775787353515625
3613,120.43333333333334,1,1,1,0.0,-1.0,0.0528717041015625,0.891980683154145,0.3608296712239583,0.46484792246560713,0.3608296712239583
3614,120.46666666666667,1,1,1,0.0,-1.0,0.056940714518229164,0.886905081035646,0.3383534749348958,0.4914144360384144,0.3383534749348958
3615,120.5,1,1,1,0.0,-1.0,0.07541402180989583,0.8542164105464694,0.3260040283203125,0.5050479503493903,0.3260040283203125
3616,120.53333333333333,1,1,1,0.0,-1.0,0.18532307942708334,0.659720681497126,0.3593292236328125,0.4559700443637912,0.3593292236328125
3617,120.56666666666666,1,1,1,0.0,-1.0,0.13429768880208334,0.704795140309568,0.3922068277994792,0.4143697767377734,0.3922068277994792
3618,120.6,1,1,1,0.0,-1.0,0.08087158203125,0.8070646621259401,0.413238525390625,0.3991927119688704,0.413238525390625
3619,120.63333333333334,1,1,1,0.0,-1.0,0.08641560872395833,0.8110304516636329,0.4456736246744792,0.37329429687738414,0.4456736246744792
3620,120.66666666666667,1,1,1,0.0,-1.0,0.10704549153645833,0.7890353031697779,0.4854634602864583,0.34276881483514143,0.4854634602864583
3621,120.7,1,1,1,0.0,-1.0,0.11373392740885417,0.7905641027764445,0.5274709065755209,0.30905665128091175,0.5274709065755209
3622,120.73333333333333,1,1,1,0.0,-1.0,0.096588134765625,0.8236710553597912,0.56597900390625,0.2766728425293601,0.56597900390625
3623,120.76666666666667,1,1,1,0.0,-1.0,0.08565775553385417,0.8406981892360119,0.5723063151041666,0.2679721718418063,0.5723063151041666
3624,120.8,1,1,1,0.0,-1.0,0.11407470703125,0.782930475370331,0.5575510660807291,0.2710204677818027,0.5575510660807291
3625,120.83333333333333,1,1,1,0.0,-1.0,0.057179768880208336,0.8747630649832117,0.5433400472005209,0.27697197261115053,0.5433400472005209
3626,120.86666666666666,1,1,1,0.0,-1.0,0.009134928385416666,0.9778764641035324,0.5427398681640625,0.27702520358763705,0.5427398681640625
3627,120.9,1,1,1,0.0,-1.0,0.027125040690104168,0.9373145198955732,0.5526123046875,0.27245144466985866,0.5526123046875
3628,120.93333333333334,1,1,1,0.0,-1.0,0.020716349283854168,0.9534392778890473,0.5593719482421875,0.2693621937446644,0.5593719482421875
3629,120.96666666666667,1,1,1,0.0,-1.0,0.006032307942708333,0.9864301751932005,0.5605316162109375,0.2691569609172423,0.5605316162109375
3630,121.0,1,1,1,0.0,-1.0,0.004908243815104167,0.9890020565522193,0.5614166259765625,0.268879753355038,0.5614166259765625
3631,121.03333333333333,1,1,1,0.0,-1.0,0.004709879557291667,0.9894865012887204,0.5611826578776041,0.26936724358864284,0.5611826578776041
3632,121.06666666666666,1,1,1,0.0,-1.0,0.006373087565104167,0.9858585364853931,0.5596211751302084,0.27077586380769264,0.5596211751302084
3633,121.1,1,1,1,0.0,-1.0,0.0166168212890625,0.9638166450429578,0.5641428629557291,0.26760344940689657,0.5641428629557291
3634,121.13333333333334,1,1,1,0.0,-1.0,0.0465850830078125,0.903266083018641,0.5766855875651041,0.2588151296647728,0.5766855875651041
3635,121.16666666666667,1,1,1,0.0,-1.0,0.067596435546875,0.8651342138211686,0.5898946126302084,0.250064063660235,0.5898946126302084
3636,121.2,1,1,1,0.0,-1.0,0.07644144694010417,0.8510347963756388,0.6021525065104166,0.24179357558118345,0.6021525065104166
3637,121.23333333333333,1,1,1,0.0,-1.0,0.07840474446614583,0.8487329545027473,0.6152750651041666,0.23222534045315352,0.6152750651041666
3638,121.26666666666667,1,1,1,0.0,-1.0,0.066375732421875,0.8711071778405635,0.6150563557942709,0.2330837172707063,0.6150563557942709
3639,121.3,1,1,1,0.0,-1.0,0.07347615559895833,0.8589760970093792,0.6222432454427084,0.22785358434699904,0.6222432454427084
3640,121.33333333333333,1,1,1,0.0,-1.0,0.06911722819010417,0.8671360538213517,0.6258392333984375,0.22519268933554917,0.6258392333984375
3641,121.36666666666666,1,1,1,0.0,-1.0,0.07306925455729167,0.8592735298837166,0.6277516682942709,0.22162669951617742,0.6277516682942709
3642,121.4,1,1,1,0.0,-1.0,0.08228556315104167,0.8391363867213187,0.6115315755208334,0.2294329768456766,0.6115315755208334
3643,121.43333333333334,1,1,1,0.0,-1.0,0.06835428873697917,0.8616514641767963,0.6066741943359375,0.23285762559498902,0.6066741943359375
3644,121.46666666666667,1,1,1,0.0,-1.0,0.0594329833984375,0.88007184269584,0.6055196126302084,0.2363679047176619,0.6055196126302084
3645,121.5,1,1,1,0.0,-1.0,0.08156840006510417,0.8420893710171518,0.5995279947916666,0.24279391236845022,0.5995279947916666
3646,121.53333333333333,1,1,1,0.0,-1.0,0.0860443115234375,0.8371481707002629,0.5879669189453125,0.2550689474926112,0.5879669189453125
3647,121.56666666666666,1,1,1,0.0,-1.0,0.10050455729166667,0.8163128920771063,0.5583445231119791,0.2824868490412903,0.5583445231119791
3648,121.6,1,1,1,0.0,-1.0,0.10797627766927083,0.8047242944090205,0.5261179606119791,0.31043323448464943,0.5261179606119791
3649,121.63333333333334,1,1,1,0.0,-1.0,0.13597615559895834,0.7535582805814389,0.5103352864583334,0.3215283507118504,0.5103352864583334
3650,121.66666666666667,1,1,1,0.0,-1.0,0.13634236653645834,0.7371053035590871,0.5120747884114584,0.3146677088552789,0.5120747884114584
3651,121.7,1,1,1,0.0,-1.0,0.09094746907552083,0.7994039165519565,0.5188649495442709,0.3037885348166057,0.5188649495442709
3652,121.73333333333333,1,1,1,0.0,-1.0,0.038904825846354164,0.9038481995031058,0.5253092447916666,0.2988510763187436,0.5253092447916666
3653,121.76666666666667,1,1,1,0.0,-1.0,0.09461466471354167,0.7865678492223348,0.5200551350911459,0.3042058223260307,0.5200551350911459
3654,121.8,1,1,1,0.0,-1.0,0.113067626953125,0.7570825993573045,0.5090077718098959,0.31592277121416595,0.5090077718098959
3655,121.83333333333333,1,1,1,0.0,-1.0,0.08458455403645833,0.8160672663270119,0.4968312581380208,0.3271135395532665,0.4968312581380208
3656,121.86666666666666,1,1,1,0.0,-1.0,0.07448832194010417,0.8340270179016381,0.4884287516276042,0.3318617550860797,0.4884287516276042
3657,121.9,1,1,1,0.0,-1.0,0.040140787760416664,0.9014471640722548,0.4877065022786458,0.32828558493763305,0.4877065022786458
3658,121.93333333333334,1,1,1,0.0,-1.0,0.019032796223958332,0.9488434172102981,0.4883931477864583,0.3246240524926247,0.4883931477864583
3659,121.96666666666667,1,1,1,0.0,-1.0,0.015385945638020834,0.9578364155985821,0.4838816324869792,0.3297911035485446,0.4838816324869792
3660,122.0,1,1,1,0.0,-1.0,0.0360107421875,0.9093985371147824,0.4794820149739583,0.33807548930101333,0.4794820149739583
3661,122.03333333333333,1,1,1,0.0,-1.0,0.057647705078125,0.8698760123233502,0.4709828694661458,0.35096040463441813,0.4709828694661458
3662,122.06666666666666,1,1,1,0.0,-1.0,0.07720947265625,0.8398484544558074,0.4636942545572917,0.3608373116595661,0.4636942545572917
3663,122.1,1,1,1,0.0,-1.0,0.07147725423177083,0.8550237935502574,0.4533894856770833,0.37143503636952024,0.4533894856770833
3664,122.13333333333334,1,1,1,0.0,-1.0,0.0721282958984375,0.8531384363731015,0.4424692789713542,0.3801066075278575,0.4424692789713542
3665,122.16666666666667,1,1,1,0.0,-1.0,0.055308024088541664,0.8848513630104272,0.4322153727213542,0.39133022182376914,0.4322153727213542
3666,122.2,1,1,1,0.0,-1.0,0.0946807861328125,0.8140266711973376,0.40838623046875,0.41605011744710607,0.40838623046875
3667,122.23333333333333,1,1,1,0.0,-1.0,0.14738972981770834,0.7229239988884393,0.4177652994791667,0.40442628623198196,0.4177652994791667
3668,122.26666666666667,1,1,1,0.0,-1.0,0.18754069010416666,0.639006356900426,0.427734375,0.38670497915704405,0.427734375
3669,122.3,1,1,1,0.0,-1.0,0.10824076334635417,0.7573052134195158,0.4320220947265625,0.3843340475142841,0.4320220947265625
3670,122.33333333333333,1,1,1,0.0,-1.0,0.09793599446614583,0.7858095523469361,0.44000244140625,0.3808768777109076,0.44000244140625
3671,122.36666666666666,1,1,1,0.0,-1.0,0.16486104329427084,0.6895665996071831,0.4673817952473958,0.36055316267234083,0.4673817952473958
3672,122.4,1,1,1,0.0,-1.0,0.1715240478515625,0.7016253207183527,0.4993896484375,0.33363441709733854,0.4993896484375
3673,122.43333333333334,1,1,1,0.0,-1.0,0.110992431640625,0.8000181219789047,0.5101165771484375,0.3210659797962619,0.5101165771484375
3674,122.46666666666667,1,1,1,0.0,-1.0,0.0659332275390625,0.8731116207820304,0.5254669189453125,0.3026680028862951,0.5254669189453125
3675,122.5,1,1,1,0.0,-1.0,0.08898417154947917,0.8262578253974717,0.5296173095703125,0.29457794590597314,0.5296173095703125
3676,122.53333333333333,1,1,1,0.0,-1.0,0.14349873860677084,0.7214002883635845,0.5077565511067709,0.30455710236123335,0.5077565511067709
3677,122.56666666666666,1,1,1,0.0,-1.0,0.11837259928385417,0.7424740318662033,0.4878082275390625,0.31122469459352087,0.4878082275390625
3678,122.6,1,1,1,0.0,-1.0,0.038248697916666664,0.8989750509378516,0.477447509765625,0.3173301255107016,0.477447509765625
3679,122.63333333333334,1,1,1,0.0,-1.0,0.026606241861979168,0.9290441863749976,0.4793701171875,0.32028973079366974,0.4793701171875
3680,122.66666666666667,1,1,1,0.0,-1.0,0.026295979817708332,0.9333463275734064,0.4835459391276042,0.3207794011229079,0.4835459391276042
3681,122.7,1,1,1,0.0,-1.0,0.034393310546875,0.9165875179374696,0.482330322265625,0.3242446977383524,0.482330322265625
3682,122.73333333333333,1,1,1,0.0,-1.0,0.0592803955078125,0.86374533505888,0.4816182454427083,0.3270501770369522,0.4816182454427083
3683,122.76666666666667,1,1,1,0.0,-1.0,0.059214274088541664,0.8663136780381038,0.4891510009765625,0.32221649034847255,0.4891510009765625
3684,122.8,1,1,1,0.0,-1.0,0.046335856119791664,0.8946911740797199,0.4936879475911458,0.3184324469799864,0.4936879475911458
3685,122.83333333333333,1,1,1,0.0,-1.0,0.052912394205729164,0.8818409683056538,0.5017242431640625,0.3128063182273266,0.5017242431640625
3686,122.86666666666666,1,1,1,0.0,-1.0,0.087921142578125,0.8154821580897449,0.4995778401692708,0.31717394446015457,0.4995778401692708
3687,122.9,1,1,1,0.0,-1.0,0.0995635986328125,0.7988978398366239,0.5023956298828125,0.3178939498393416,0.5023956298828125
3688,122.93333333333334,1,1,1,0.0,-1.0,0.10787455240885417,0.7896549639825956,0.5089823404947916,0.31522617693858657,0.5089823404947916
3689,122.96666666666667,1,1,1,0.0,-1.0,0.1172943115234375,0.7755568812336211,0.5256856282552084,0.30033947755041446,0.5256856282552084
3690,123.0,1,1,1,0.0,-1.0,0.09437052408854167,0.8150182638613364,0.5417989095052084,0.2873154354093101,0.5417989095052084
3691,123.03333333333333,1,1,1,0.0,-1.0,0.06639607747395833,0.8665489254435136,0.5465240478515625,0.28396630750139296,0.5465240478515625
3692,123.06666666666666,1,1,1,0.0,-1.0,0.046854654947916664,0.9042664817082742,0.549102783203125,0.28220546147199144,0.549102783203125
3693,123.1,1,1,1,0.0,-1.0,0.0238494873046875,0.9501563395130008,0.5505421956380209,0.28121364436085317,0.5505421956380209
3694,123.13333333333334,1,1,1,0.0,-1.0,0.007375081380208333,0.9843106551436245,0.5501708984375,0.28167288117938327,0.5501708984375
3695,123.16666666666667,1,1,1,0.0,-1.0,0.010721842447916666,0.9772222532950292,0.5482025146484375,0.28308568096348574,0.5482025146484375
3696,123.2,1,1,1,0.0,-1.0,0.017420450846354168,0.9629494282033664,0.545074462890625,0.28497876194542937,0.545074462890625
3697,123.23333333333333,1,1,1,0.0,-1.0,0.020619710286458332,0.9556730195871168,0.5420328776041666,0.28633334994881254,0.5420328776041666
3698,123.26666666666667,1,1,1,0.0,-1.0,0.020823160807291668,0.9543745715508511,0.5363260904947916,0.28973305097889673,0.5363260904947916
3699,123.3,1,1,1,0.0,-1.0,0.019933064778645832,0.955293051887273,0.5326741536458334,0.2911527445627108,0.5326741536458334
3700,123.33333333333333,1,1,1,0.0,-1.0,0.017995198567708332,0.9584946730369306,0.5276947021484375,0.2935168273346267,0.5276947021484375
3701,123.36666666666666,1,1,1,0.0,-1.0,0.016733805338541668,0.9602361495924384,0.5232187906901041,0.2954186281856055,0.5232187906901041
3702,123.4,1,1,1,0.0,-1.0,0.0184326171875,0.9550024541030581,0.5192311604817709,0.29695710504247796,0.5192311604817709
3703,123.43333333333334,1,1,1,0.0,-1.0,0.020929972330729168,0.947591592228816,0.5183817545572916,0.2959510671473029,0.5183817545572916
3704,123.46666666666667,1,1,1,0.0,-1.0,0.020355224609375,0.9476473893606867,0.5164133707682291,0.2964606430594134,0.5164133707682291
3705,123.5,1,1,1,0.0,-1.0,0.022343953450520832,0.9413404773104882,0.5156656901041666,0.29578730439879547,0.5156656901041666
3706,123.53333333333333,1,1,1,0.0,-1.0,0.01983642578125,0.9463622520231372,0.51318359375,0.29655703958799273,0.51318359375
3707,123.56666666666666,1,1,1,0.0,-1.0,0.029169718424479168,0.9204131834957975,0.508514404296875,0.29948305391714364,0.508514404296875
3708,123.6,1,1,1,0.0,-1.0,0.044947306315104164,0.8777784525401472,0.5042368570963541,0.30198481055468074,0.5042368570963541
3709,123.63333333333334,1,1,1,0.0,-1.0,0.0423736572265625,0.8817847590421306,0.50286865234375,0.30253862969802203,0.50286865234375
3710,123.66666666666667,1,1,1,0.0,-1.0,0.038075764973958336,0.8897092051465969,0.502166748046875,0.30120531276974155,0.502166748046875
3711,123.7,1,1,1,0.0,-1.0,0.037378946940104164,0.8873470514838615,0.5020497639973959,0.2999415112876811,0.5020497639973959
3712,123.73333333333333,1,1,1,0.0,-1.0,0.043375651041666664,0.8644843002387577,0.49951171875,0.2991454245641833,0.49951171875
3713,123.76666666666667,1,1,1,0.0,-1.0,0.037480672200520836,0.8730618076252128,0.4978434244791667,0.29744213472369674,0.4978434244791667
3714,123.8,1,1,1,0.0,-1.0,0.044916788736979164,0.8417324526851664,0.4949289957682292,0.2980165644668347,0.4949289957682292
3715,123.83333333333333,1,1,1,0.0,-1.0,0.039947509765625,0.8497506323404838,0.499664306640625,0.291482842029192,0.499664306640625
3716,123.86666666666666,1,1,1,0.0,-1.0,0.033482869466145836,0.8698722564189377,0.5005950927734375,0.29206183358123733,0.5005950927734375
3717,123.9,1,1,1,0.0,-1.0,0.037602742513020836,0.8594655462453175,0.5004475911458334,0.29356752077082304,0.5004475911458334
3718,123.93333333333334,1,1,1,0.0,-1.0,0.038920084635416664,0.8540105858173799,0.5002034505208334,0.2920176480141915,0.5002034505208334
3719,123.96666666666667,1,1,1,0.0,-1.0,0.035603841145833336,0.8594835579345523,0.5012105305989584,0.2891286928383795,0.5012105305989584
3720,124.0,1,1,1,0.0,-1.0,0.037495930989583336,0.844263774444268,0.5025990804036459,0.2845464890158551,0.5025990804036459
3721,124.03333333333333,1,1,1,0.0,-1.0,0.042368570963541664,0.8165555945778373,0.5032704671223959,0.2815042376111336,0.5032704671223959
3722,124.06666666666666,1,1,1,0.0,-1.0,0.050303141276041664,0.7780994272103128,0.4993438720703125,0.2823471127405939,0.4993438720703125
3723,124.1,1,1,1,0.0,-1.0,0.046793619791666664,0.785011427829621,0.5015106201171875,0.27943565388141883,0.5015106201171875
3724,124.13333333333334,1,1,1,0.0,-1.0,0.0474395751953125,0.7830913446592899,0.5053863525390625,0.27598965228714034,0.5053863525390625
3725,124.16666666666667,1,1,1,0.0,-1.0,0.053375244140625,0.7624368035497318,0.5090230305989584,0.2723084209639908,0.5090230305989584
3726,124.2,1,1,1,0.0,-1.0,0.051355997721354164,0.7709472207005815,0.5078328450520834,0.2731520265903559,0.5078328450520834
3727,124.23333333333333,1,1,1,0.0,-1.0,0.045878092447916664,0.7927209388608435,0.5050710042317709,0.2753025176222596,0.5050710042317709
3728,124.26666666666667,1,1,1,0.0,-1.0,0.0383758544921875,0.8232425806510218,0.5007527669270834,0.2786423779706477,0.5007527669270834
3729,124.3,1,1,1,0.0,-1.0,0.029500325520833332,0.860013565383778,0.4969584147135417,0.2811434284914981,0.4969584147135417
3730,124.33333333333333,1,1,1,0.0,-1.0,0.020711263020833332,0.8984038584951007,0.491180419921875,0.2850702509688154,0.491180419921875
3731,124.36666666666666,1,1,1,0.0,-1.0,0.017354329427083332,0.9131548960406235,0.4870656331380208,0.287248566332222,0.4870656331380208
3732,124.4,1,1,1,0.0,-1.0,0.015268961588541666,0.9223014544586313,0.4841156005859375,0.2883155051616111,0.4841156005859375
3733,124.43333333333334,1,1,1,0.0,-1.0,0.014007568359375,0.9279136352280373,0.4809722900390625,0.28975616465210574,0.4809722900390625
3734,124.46666666666667,1,1,1,0.0,-1.0,0.01287841796875,0.9332126567131566,0.4758860270182292,0.2931960699759864,0.4758860270182292
3735,124.5,1,1,1,0.0,-1.0,0.011637369791666666,0.9391288730970238,0.4722646077473958,0.2953713884858931,0.4722646077473958
3736,124.53333333333333,1,1,1,0.0,-1.0,0.010650634765625,0.943925742793301,0.4703420003255208,0.2961054177738084,0.4703420003255208
3737,124.56666666666666,1,1,1,0.0,-1.0,0.0090484619140625,0.95179859052488,0.4690093994140625,0.29627826684416386,0.4690093994140625
3738,124.6,1,1,1,0.0,-1.0,0.008382161458333334,0.9550820561133377,0.4678446451822917,0.29655242152934336,0.4678446451822917
3739,124.63333333333334,1,1,1,0.0,-1.0,0.006744384765625,0.96352472400216,0.466400146484375,0.2971027735155811,0.466400146484375
3740,124.66666666666667,1,1,1,0.0,-1.0,0.005376180013020833,0.9707700628621665,0.4645640055338542,0.2980521980729611,0.4645640055338542
3741,124.7,1,1,1,0.0,-1.0,0.003931681315104167,0.9785103730246134,0.4622548421223958,0.29927800437921326,0.4622548421223958
3742,124.73333333333333,1,1,1,0.0,-1.0,0.029535929361979168,0.8560914343383217,0.454437255859375,0.30620465886899073,0.454437255859375
3743,124.76666666666667,1,1,1,0.0,-1.0,0.08001708984375,0.6779690806544096,0.4428965250651042,0.31705525758653164,0.4428965250651042
3744,124.8,1,1,1,0.0,-1.0,0.08172098795572917,0.6732820590214356,0.4339447021484375,0.3235477171989627,0.4339447021484375
3745,124.83333333333333,1,1,1,0.0,-1.0,0.054087320963541664,0.7471959074278702,0.4245808919270833,0.32579444411707337,0.4245808919270833
3746,124.86666666666666,1,1,1,0.0,-1.0,0.051813761393229164,0.7153595747958136,0.4151102701822917,0.3259900057144794,0.4151102701822917
3747,124.9,1,1,1,0.0,-1.0,0.044621785481770836,0.6878582777563139,0.4151153564453125,0.31744722908448725,0.4151153564453125
3748,124.93333333333334,1,1,1,0.0,-1.0,0.045527140299479164,0.6378849717295634,0.4225413004557292,0.3083266633242267,0.4225413004557292
3749,124.96666666666667,1,1,1,0.0,-1.0,0.042134602864583336,0.6627241636574397,0.4114939371744792,0.32131828682432223,0.4114939371744792
3750,125.0,1,1,1,0.0,-1.0,0.060821533203125,0.6059824868145497,0.4051615397135417,0.3323936937220986,0.4051615397135417
3751,125.03333333333333,1,1,1,0.0,-1.0,0.0727691650390625,0.6039688274964373,0.4027811686197917,0.34036248464235586,0.4027811686197917
3752,125.06666666666666,1,1,1,0.0,-1.0,0.07830301920572917,0.6420932915034924,0.390899658203125,0.3629209230600139,0.390899658203125
3753,125.1,1,1,1,0.0,-1.0,0.08371988932291667,0.68725908992084,0.3843485514322917,0.3813038846544313,0.3843485514322917
3754,125.13333333333334,1,1,1,0.0,-1.0,0.0875091552734375,0.7195117542642077,0.3845876057942708,0.38900815800649235,0.3845876057942708
3755,125.16666666666667,1,1,1,0.0,-1.0,0.09729512532552083,0.7153776313845408,0.3841094970703125,0.3914125978554369,0.3841094970703125
3756,125.2,1,1,1,0.0,-1.0,0.0864715576171875,0.7485158747686391,0.3930104573567708,0.38275907820602845,0.3930104573567708
3757,125.23333333333333,1,1,1,0.0,-1.0,0.06862894694010417,0.7984275536589791,0.4025014241536458,0.3740825439014892,0.4025014241536458
3758,125.26666666666667,1,1,1,0.0,-1.0,0.060480753580729164,0.8237983411079501,0.410247802734375,0.36683561739140036,0.410247802734375
3759,125.3,1,1,1,0.0,-1.0,0.058812459309895836,0.8306744146678632,0.4235026041666667,0.35338349986288253,0.4235026041666667
3760,125.33333333333333,1,1,1,0.0,-1.0,0.0608062744140625,0.8267186006271693,0.43939208984375,0.337011804360831,0.43939208984375
3761,125.36666666666666,1,1,1,0.0,-1.0,0.0648040771484375,0.8156523098450017,0.4517364501953125,0.3231655310624518,0.4517364501953125
3762,125.4,1,1,1,0.0,-1.0,0.0742645263671875,0.7894610137558102,0.4631805419921875,0.3104790632290664,0.4631805419921875
3763,125.43333333333334,1,1,1,0.0,-1.0,0.06394449869791667,0.8097829397832972,0.4605814615885417,0.3089592788159267,0.4605814615885417
3764,125.46666666666667,1,1,1,0.0,-1.0,0.05645751953125,0.8244905509090856,0.4616038004557292,0.3063093681634004,0.4616038004557292
3765,125.5,1,1,1,0.0,-1.0,0.048919677734375,0.8437147066419887,0.4602711995442708,0.30700940157411216,0.4602711995442708
3766,125.53333333333333,1,1,1,0.0,-1.0,0.040232340494791664,0.8685159166315743,0.457000732421875,0.30993255874644043,0.457000732421875
3767,125.56666666666666,1,1,1,0.0,-1.0,0.037129720052083336,0.8771302320559498,0.4544626871744792,0.311716209658047,0.4544626871744792
3768,125.6,1,1,1,0.0,-1.0,0.031077067057291668,0.893728469625966,0.4497273763020833,0.314555535025637,0.4497273763020833
3769,125.63333333333334,1,1,1,0.0,-1.0,0.029942830403645832,0.8942197256535553,0.4466349283854167,0.31552380754825005,0.4466349283854167
3770,125.66666666666667,1,1,1,0.0,-1.0,0.028325398763020832,0.8981807568028726,0.4484965006510417,0.31491697651125594,0.4484965006510417
3771,125.7,1,1,1,0.0,-1.0,0.032562255859375,0.8864349915866258,0.44964599609375,0.31652971777578864,0.44964599609375
3772,125.73333333333333,1,1,1,0.0,-1.0,0.038945515950520836,0.8670140071905894,0.447845458984375,0.3177288515991699,0.447845458984375
3773,125.76666666666667,1,1,1,0.0,-1.0,0.0363616943359375,0.8733338259079935,0.44537353515625,0.32022078149761424,0.44537353515625
3774,125.8,1,1,1,0.0,-1.0,0.032892862955729164,0.8842568054624742,0.4459431966145833,0.32048424907851025,0.4459431966145833
3775,125.83333333333333,1,1,1,0.0,-1.0,0.033233642578125,0.8839766782878281,0.4471944173177083,0.3204344594426467,0.4471944173177083
3776,125.86666666666666,1,1,1,0.0,-1.0,0.045171101888020836,0.8536686837892116,0.4522145589192708,0.3220207462496908,0.4522145589192708
3777,125.9,1,1,1,0.0,-1.0,0.034601847330729164,0.892347571105925,0.4546407063802083,0.32381276244731305,0.4546407063802083
3778,125.93333333333334,1,1,1,0.0,-1.0,0.039301554361979164,0.8847481861060622,0.4580281575520833,0.3255715705446505,0.4580281575520833
3779,125.96666666666667,1,1,1,0.0,-1.0,0.03692626953125,0.89636194327198,0.46063232421875,0.327524289824754,0.46063232421875
3780,126.0,1,1,1,0.0,-1.0,0.0381622314453125,0.8984388856168122,0.4620107014973958,0.3318065638287639,0.4620107014973958
3781,126.03333333333333,1,1,1,0.0,-1.0,0.0330657958984375,0.9158348496695383,0.4653727213541667,0.33352145794336885,0.4653727213541667
3782,126.06666666666666,1,1,1,0.0,-1.0,0.034077962239583336,0.9176163564316873,0.4682413736979167,0.3358403381600578,0.4682413736979167
3783,126.1,1,1,1,0.0,-1.0,0.034454345703125,0.9205260132153483,0.4680023193359375,0.34009536781404914,0.4680023193359375
3784,126.13333333333334,1,1,1,0.0,-1.0,0.0376129150390625,0.9168808539164774,0.470123291015625,0.3414733440859117,0.470123291015625
3785,126.16666666666667,1,1,1,0.0,-1.0,0.0403594970703125,0.9139198228909007,0.4709116617838542,0.3434288341416209,0.4709116617838542
3786,126.2,1,1,1,0.0,-1.0,0.041631062825520836,0.9135569097905634,0.4678904215494792,0.3481447336213745,0.4678904215494792
3787,126.23333333333333,1,1,1,0.0,-1.0,0.043212890625,0.9121984550174923,0.4672953287760417,0.3502948532826371,0.4672953287760417
3788,126.26666666666667,1,1,1,0.0,-1.0,0.042536417643229164,0.9148372932988054,0.4660186767578125,0.3527149155144126,0.4660186767578125
3789,126.3,1,1,1,0.0,-1.0,0.044342041015625,0.9124323700293376,0.4651234944661458,0.35472291583454896,0.4651234944661458
3790,126.33333333333333,1,1,1,0.0,-1.0,0.042429606119791664,0.9168148060898831,0.4671173095703125,0.35380589585138583,0.4671173095703125
3791,126.36666666666666,1,1,1,0.0,-1.0,0.040837605794270836,0.920365873432916,0.4679056803385417,0.35400540573173983,0.4679056803385417
3792,126.4,1,1,1,0.0,-1.0,0.037816365559895836,0.9264170233259872,0.46728515625,0.3553340901326461,0.46728515625
3793,126.43333333333334,1,1,1,0.0,-1.0,0.037841796875,0.9266494439422426,0.4680582682291667,0.35544718122587915,0.4680582682291667
3794,126.46666666666667,1,1,1,0.0,-1.0,0.033966064453125,0.9340714095666744,0.4703826904296875,0.35384511197877794,0.4703826904296875
3795,126.5,1,1,1,0.0,-1.0,0.0322418212890625,0.9374042203061403,0.4735056559244792,0.3513423821708869,0.4735056559244792
3796,126.53333333333333,1,1,1,0.0,-1.0,0.017679850260416668,0.9651787479934331,0.47406005859375,0.3501096411766087,0.47406005859375
3797,126.56666666666666,1,1,1,0.0,-1.0,0.016138712565104168,0.9681068818625738,0.47479248046875,0.34846082576695026,0.47479248046875
3798,126.6,1,1,1,0.0,-1.0,0.028391520182291668,0.9442692053301421,0.4740702311197917,0.34668437454866174,0.4740702311197917
3799,126.63333333333334,1,1,1,0.0,-1.0,0.024698893229166668,0.9509984428492158,0.475067138671875,0.34528492308281533,0.475067138671875
3800,126.66666666666667,1,1,1,0.0,-1.0,0.030995686848958332,0.9387015217623651,0.4742889404296875,0.3460004432922297,0.4742889404296875
3801,126.7,1,1,1,0.0,-1.0,0.035181681315104164,0.9305526086416946,0.476898193359375,0.3440462447285729,0.476898193359375
3802,126.73333333333333,1,1,1,0.0,-1.0,0.0391387939453125,0.922949317847269,0.4794057210286458,0.3424869723193219,0.4794057210286458
3803,126.76666666666667,1,1,1,0.0,-1.0,0.0434112548828125,0.9149066847902496,0.4828287760416667,0.34017931396979445,0.4828287760416667
3804,126.8,1,1,1,0.0,-1.0,0.047220865885416664,0.9078560839505729,0.4892323811848958,0.3351605213605776,0.4892323811848958
3805,126.83333333333333,1,1,1,0.0,-1.0,0.0502471923828125,0.9024115833792592,0.4924977620442708,0.333069650826153,0.4924977620442708
3806,126.86666666666666,1,1,1,0.0,-1.0,0.053339640299479164,0.8969635099587054,0.4956512451171875,0.33109276809870003,0.4956512451171875
3807,126.9,1,1,1,0.0,-1.0,0.0562896728515625,0.8919141164605217,0.5013376871744791,0.32695992775236327,0.5013376871744791
3808,126.93333333333334,1,1,1,0.0,-1.0,0.056854248046875,0.8912672416287741,0.509063720703125,0.32120102508751947,0.509063720703125
3809,126.96666666666667,1,1,1,0.0,-1.0,0.059956868489583336,0.8860849103444304,0.5142110188802084,0.31778752865965165,0.5142110188802084
3810,127.0,1,1,1,0.0,-1.0,0.0624847412109375,0.8819174994060768,0.5220082600911459,0.31199912226698817,0.5220082600911459
3811,127.03333333333333,1,1,1,0.0,-1.0,0.06577046712239583,0.8763700177565448,0.5271402994791666,0.30841904544712495,0.5271402994791666
3812,127.06666666666666,1,1,1,0.0,-1.0,0.0682373046875,0.8722085293284525,0.5286509195963541,0.3077587022744327,0.5286509195963541
3813,127.1,1,1,1,0.0,-1.0,0.0698089599609375,0.8694777654256366,0.5308024088541666,0.3063432917799879,0.5308024088541666
3814,127.13333333333334,1,1,1,0.0,-1.0,0.0710906982421875,0.8669756426539188,0.5302174886067709,0.3070035639416594,0.5302174886067709
3815,127.16666666666667,1,1,1,0.0,-1.0,0.07049051920572917,0.867243924054143,0.5241241455078125,0.31199905243682097,0.5241241455078125
3816,127.2,1,1,1,0.0,-1.0,0.07158406575520833,0.8637387308839455,0.5187225341796875,0.315907287322924,0.5187225341796875
3817,127.23333333333333,1,1,1,0.0,-1.0,0.0732421875,0.8583956532623512,0.5196990966796875,0.3139453293831259,0.5196990966796875
3818,127.26666666666667,1,1,1,0.0,-1.0,0.0723419189453125,0.8573542960575185,0.5231424967447916,0.3096780984349591,0.5231424967447916
3819,127.3,1,1,1,0.0,-1.0,0.070159912109375,0.8585326417744328,0.5257364908854166,0.30582283087620593,0.5257364908854166
3820,127.33333333333333,1,1,1,0.0,-1.0,0.06927490234375,0.8568380181401316,0.5314127604166666,0.2989445495191877,0.5314127604166666
3821,127.36666666666666,1,1,1,0.0,-1.0,0.07250467936197917,0.8461550347491431,0.5282541910807291,0.2988348562632823,0.5282541910807291
3822,127.4,1,1,1,0.0,-1.0,0.07425435384114583,0.8364957036013506,0.5256449381510416,0.29764971450265976,0.5256449381510416
3823,127.43333333333334,1,1,1,0.0,-1.0,0.07456461588541667,0.8281838900018041,0.5256907145182291,0.29395038816517044,0.5256907145182291
3824,127.46666666666667,1,1,1,0.0,-1.0,0.0742034912109375,0.8199721194169436,0.5240376790364584,0.2913046987596736,0.5240376790364584
3825,127.5,1,1,1,0.0,-1.0,0.07265218098958333,0.8119065869541673,0.5233662923177084,0.2867920148400788,0.5233662923177084
3826,127.53333333333333,1,1,1,0.0,-1.0,0.06813557942708333,0.8081980665933762,0.5232137044270834,0.281437518288372,0.5232137044270834
3827,127.56666666666666,1,1,1,0.0,-1.0,0.0649261474609375,0.8007952138484077,0.5206858317057291,0.27845840659956583,0.5206858317057291
3828,127.6,1,1,1,0.0,-1.0,0.06268310546875,0.7924879947511503,0.517730712890625,0.27643181998341737,0.517730712890625
3829,127.63333333333334,1,1,1,0.0,-1.0,0.06281534830729167,0.7778999985991673,0.5123087565104166,0.2763230776220952,0.5123087565104166
3830,127.66666666666667,1,1,1,0.0,-1.0,0.058583577473958336,0.777724858081803,0.5077412923177084,0.27629342348995084,0.5077412923177084
3831,127.7,1,1,1,0.0,-1.0,0.054204305013020836,0.7820435320689167,0.4998728434244792,0.2797035677724862,0.4998728434244792
3832,127.73333333333333,1,1,1,0.0,-1.0,0.052337646484375,0.780893182314266,0.4892527262369792,0.2860593435974087,0.4892527262369792
3833,127.76666666666667,1,1,1,0.0,-1.0,0.051462809244791664,0.7772837327416464,0.4841257731119792,0.28769305205382134,0.4841257731119792
3834,127.8,1,1,1,0.0,-1.0,0.050572713216145836,0.7731380307838949,0.4770762125651042,0.2911402351455825,0.4770762125651042
3835,127.83333333333333,1,1,1,0.0,-1.0,0.047658284505208336,0.7764704642914071,0.4727783203125,0.29244268303105525,0.4727783203125
3836,127.86666666666666,1,1,1,0.0,-1.0,0.045572916666666664,0.7785546320624424,0.4692789713541667,0.2933016983058888,0.4692789713541667
3837,127.9,1,1,1,0.0,-1.0,0.043421427408854164,0.7819814233547977,0.4674072265625,0.29282978986422104,0.4674072265625
3838,127.93333333333334,1,1,1,0.0,-1.0,0.037017822265625,0.801534261568708,0.4643300374348958,0.29209082669747327,0.4643300374348958
3839,127.96666666666667,1,1,1,0.0,-1.0,0.029291788736979168,0.8305904112380009,0.4631601969401042,0.29068820971303955,0.4631601969401042
3840,128.0,1,1,1,0.0,-1.0,0.025965372721354168,0.8456220210137387,0.4570261637369792,0.29506009522238547,0.4570261637369792
3841,128.03333333333333,1,1,1,0.0,-1.0,0.025995890299479168,0.8471066674627946,0.45196533203125,0.29853307058225576,0.45196533203125
3842,128.06666666666666,1,1,1,0.0,-1.0,0.0284881591796875,0.8341188413090213,0.4477132161458333,0.3002250005660496,0.4477132161458333
3843,128.1,1,1,1,0.0,-1.0,0.028325398763020832,0.831620312900027,0.444549560546875,0.3005032518313674,0.444549560546875
3844,128.13333333333333,1,1,1,0.0,-1.0,0.026438395182291668,0.8373925753076719,0.441497802734375,0.30105603929778996,0.441497802734375
3845,128.16666666666666,1,1,1,0.0,-1.0,0.0246429443359375,0.8430833106115118,0.4375152587890625,0.30254561635050836,0.4375152587890625
3846,128.2,1,1,1,0.0,-1.0,0.021235148111979168,0.8577141556143262,0.43194580078125,0.30549050434021974,0.43194580078125
3847,128.23333333333332,1,1,1,0.0,-1.0,0.014149983723958334,0.8957499158599027,0.4263559977213542,0.30770022456133483,0.4263559977213542
3848,128.26666666666668,1,1,1,0.0,-1.0,0.009521484375,0.9222186462800315,0.4222259521484375,0.3088813345598511,0.4222259521484375
3849,128.3,1,1,1,0.0,-1.0,0.0060577392578125,0.9463833309386325,0.419403076171875,0.30970009099594664,0.419403076171875
3850,128.33333333333334,1,1,1,0.0,-1.0,0.0059051513671875,0.9465100034739988,0.4166361490885417,0.3112290992330346,0.4166361490885417
3851,128.36666666666667,1,1,1,0.0,-1.0,0.008687337239583334,0.9227355187771944,0.4132588704427083,0.3135742967271925,0.4132588704427083
3852,128.4,1,1,1,0.0,-1.0,0.010172526041666666,0.9103635467254598,0.4095102945963542,0.3161245706474374,0.4095102945963542
3853,128.43333333333334,1,1,1,0.0,-1.0,0.0118865966796875,0.8958871823624419,0.4078572591145833,0.3163274983287462,0.4078572591145833
3854,128.46666666666667,1,1,1,0.0,-1.0,0.011993408203125,0.8949193888193591,0.4051055908203125,0.3179520174918098,0.4051055908203125
3855,128.5,1,1,1,0.0,-1.0,0.011962890625,0.896906777108581,0.4040374755859375,0.31809856237696343,0.4040374755859375
3856,128.53333333333333,1,1,1,0.0,-1.0,0.0123138427734375,0.8969625714986733,0.404052734375,0.3177751591292898,0.404052734375
3857,128.56666666666666,1,1,1,0.0,-1.0,0.011713663736979166,0.9052428114864794,0.403472900390625,0.3182663383447511,0.403472900390625
3858,128.6,1,1,1,0.0,-1.0,0.013326009114583334,0.8976575491269256,0.4037577311197917,0.3183361238660703,0.4037577311197917
3859,128.63333333333333,1,1,1,0.0,-1.0,0.014109293619791666,0.8967837013076545,0.4043833414713542,0.31854725587235616,0.4043833414713542
3860,128.66666666666666,1,1,1,0.0,-1.0,0.013346354166666666,0.9059014422192309,0.405670166015625,0.31857645107031657,0.405670166015625
3861,128.7,1,1,1,0.0,-1.0,0.012486775716145834,0.9148629969948691,0.4069163004557292,0.3189028628315366,0.4069163004557292
3862,128.73333333333332,1,1,1,0.0,-1.0,0.012059529622395834,0.920308112313649,0.4079386393229167,0.31955667899462936,0.4079386393229167
3863,128.76666666666668,1,1,1,0.0,-1.0,0.012583414713541666,0.9194958433130298,0.4091440836588542,0.32001014436513264,0.4091440836588542
3864,128.8,1,1,1,0.0,-1.0,0.013086954752604166,0.9189523229914693,0.4104410807291667,0.3202876396647238,0.4104410807291667
3865,128.83333333333334,1,1,1,0.0,-1.0,0.01409912109375,0.9152270500826727,0.4110056559244792,0.3207908829458875,0.4110056559244792
3866,128.86666666666667,1,1,1,0.0,-1.0,0.014363606770833334,0.9154611435499274,0.412078857421875,0.3204128877126222,0.412078857421875
3867,128.9,1,1,1,0.0,-1.0,0.013905843098958334,0.9190903630707912,0.4120890299479167,0.3206209050784075,0.4120890299479167
3868,128.93333333333334,1,1,1,0.0,-1.0,0.012440999348958334,0.9280762570641634,0.4101613362630208,0.3228035722337791,0.4101613362630208
3869,128.96666666666667,1,1,1,0.0,-1.0,0.012049357096354166,0.9314793887901148,0.4089101155598958,0.32444806356298606,0.4089101155598958
3870,129.0,1,1,1,0.0,-1.0,0.010904947916666666,0.938643877140493,0.4087575276692708,0.32529554456151555,0.4087575276692708
3871,129.03333333333333,1,1,1,0.0,-1.0,0.010625203450520834,0.9412160897349564,0.4097137451171875,0.3255983758385179,0.4097137451171875
3872,129.06666666666666,1,1,1,0.0,-1.0,0.011469523111979166,0.9383080714445202,0.4127197265625,0.32480921112143946,0.4127197265625
3873,129.1,1,1,1,0.0,-1.0,0.013346354166666666,0.9311325909777309,0.415802001953125,0.32424063751643695,0.415802001953125
3874,129.13333333333333,1,1,1,0.0,-1.0,0.015101114908854166,0.9255897807549189,0.4183451334635417,0.32464227921882755,0.4183451334635417
3875,129.16666666666666,1,1,1,0.0,-1.0,0.017110188802083332,0.9197627475325538,0.4182891845703125,0.3270679760173798,0.4182891845703125
3876,129.2,1,1,1,0.0,-1.0,0.020136515299479168,0.9104192474162097,0.41998291015625,0.32770324320698,0.41998291015625
3877,129.23333333333332,1,1,1,0.0,-1.0,0.023869832356770832,0.8988212971531144,0.421478271484375,0.3278141783484546,0.421478271484375
3878,129.26666666666668,1,1,1,0.0,-1.0,0.02239990234375,0.9071654764495423,0.4210103352864583,0.32974937516485725,0.4210103352864583
3879,129.3,1,1,1,0.0,-1.0,0.019231160481770832,0.9215015763395356,0.4194081624348958,0.3329978997590105,0.4194081624348958
3880,129.33333333333334,1,1,1,0.0,-1.0,0.016957600911458332,0.931906830427203,0.4182993570963542,0.33586784545963777,0.4182993570963542
3881,129.36666666666667,1,1,1,0.0,-1.0,0.016866048177083332,0.9336619364987595,0.4184519449869792,0.3375082623109398,0.4184519449869792
3882,129.4,1,1,1,0.0,-1.0,0.017069498697916668,0.9343237223138119,0.4182840983072917,0.33944582281344615,0.4182840983072917
3883,129.43333333333334,1,1,1,0.0,-1.0,0.0175628662109375,0.9341011050821211,0.4161376953125,0.34351317232872414,0.4161376953125
3884,129.46666666666667,1,1,1,0.0,-1.0,0.017751057942708332,0.9353363044094135,0.4153951009114583,0.346263080679897,0.4153951009114583
3885,129.5,1,1,1,0.0,-1.0,0.018208821614583332,0.9359079996327335,0.4151662190755208,0.3486168351965577,0.4151662190755208
3886,129.53333333333333,1,1,1,0.0,-1.0,0.019048055013020832,0.9354962812961781,0.4159800211588542,0.3503771422512916,0.4159800211588542
3887,129.56666666666666,1,1,1,0.0,-1.0,0.020009358723958332,0.935022064752121,0.4153391520182292,0.35412905627266755,0.4153391520182292
3888,129.6,1,1,1,0.0,-1.0,0.020558675130208332,0.9360458050901539,0.4156138102213542,0.3572310241798077,0.4156138102213542
3889,129.63333333333333,1,1,1,0.0,-1.0,0.017140706380208332,0.9481616269207374,0.41552734375,0.3597620523256163,0.41552734375
3890,129.66666666666666,1,1,1,0.0,-1.0,0.0179290771484375,0.9473030763582586,0.416015625,0.36179952715497354,0.416015625
3891,129.7,1,1,1,0.0,-1.0,0.0195465087890625,0.9443495710573626,0.4164530436197917,0.36412764759693855,0.4164530436197917
3892,129.73333333333332,1,1,1,0.0,-1.0,0.0205535888671875,0.9432805169902025,0.4174397786458333,0.36589901871500596,0.4174397786458333
3893,129.76666666666668,1,1,1,0.0,-1.0,0.0215301513671875,0.9424490434246588,0.4212646484375,0.3648682917150032,0.4212646484375
3894,129.8,1,1,1,0.0,-1.0,0.020548502604166668,0.946526925182763,0.4267628987630208,0.36190898609755706,0.4267628987630208
3895,129.83333333333334,1,1,1,0.0,-1.0,0.01934814453125,0.9508180077416379,0.4308624267578125,0.3601029347583805,0.4308624267578125
3896,129.86666666666667,1,1,1,0.0,-1.0,0.016988118489583332,0.9576059086832476,0.4323984781901042,0.3604497404115172,0.4323984781901042
3897,129.9,1,1,1,0.0,-1.0,0.014317830403645834,0.9647835264716624,0.4339396158854167,0.3604274755998666,0.4339396158854167
3898,129.93333333333334,1,1,1,0.0,-1.0,0.010915120442708334,0.9733848034888113,0.4331614176432292,0.3621217902883632,0.4331614176432292
3899,129.96666666666667,1,1,1,0.0,-1.0,0.008534749348958334,0.979298303438132,0.4322357177734375,0.36359587491450557,0.4322357177734375
3900,130.0,1,1,1,0.0,-1.0,0.006998697916666667,0.9830717432223314,0.4312998453776042,0.3646323098128945,0.4312998453776042
3901,130.03333333333333,1,1,1,0.0,-1.0,0.006754557291666667,0.9837101411471671,0.4304656982421875,0.3655094672106348,0.4304656982421875
3902,130.06666666666666,1,1,1,0.0,-1.0,0.0072784423828125,0.9824905551719485,0.4293874104817708,0.36655227597674034,0.4293874104817708
3903,130.1,1,1,1,0.0,-1.0,0.007314046223958333,0.9824184534153662,0.427093505859375,0.3687300756568929,0.427093505859375
3904,130.13333333333333,1,1,1,0.0,-1.0,0.006805419921875,0.9836280042342864,0.4258880615234375,0.3698748916445168,0.4258880615234375
3905,130.16666666666666,1,1,1,0.0,-1.0,0.006596883138020833,0.9841294704882635,0.4247894287109375,0.3709776671943087,0.4247894287109375
3906,130.2,1,1,1,0.0,-1.0,0.006510416666666667,0.9843354952942068,0.4237620035807292,0.3720310333607564,0.4237620035807292
3907,130.23333333333332,1,1,1,0.0,-1.0,0.006444295247395833,0.9844911588932476,0.4224090576171875,0.37345921604119703,0.4224090576171875
3908,130.26666666666668,1,1,1,0.0,-1.0,0.0061492919921875,0.9852006909784785,0.4207611083984375,0.3751560575827432,0.4207611083984375
3909,130.3,1,1,1,0.0,-1.0,0.006373087565104167,0.9846722547233593,0.4195912679036458,0.37627161696820277,0.4195912679036458
3910,130.33333333333334,1,1,1,0.0,-1.0,0.006505330403645833,0.9843561637848051,0.4187418619791667,0.37706979613049774,0.4187418619791667
3911,130.36666666666667,1,1,1,0.0,-1.0,0.006378173828125,0.9846737911048034,0.4167989095052083,0.3788623091922159,0.4167989095052083
3912,130.4,1,1,1,0.0,-1.0,0.005818684895833333,0.9860162645851601,0.4151967366536458,0.3803056188837952,0.4151967366536458
3913,130.43333333333334,1,1,1,0.0,-1.0,0.006144205729166667,0.9852362303140575,0.4136962890625,0.38157814066397094,0.4136962890625
3914,130.46666666666667,1,1,1,0.0,-1.0,0.006296793619791667,0.9848554290033604,0.4123738606770833,0.38266579169549975,0.4123738606770833
3915,130.5,1,1,1,0.0,-1.0,0.006927490234375,0.9833199821933926,0.4113210042317708,0.3837026565938839,0.4113210042317708
3916,130.53333333333333,1,1,1,0.0,-1.0,0.009089152018229166,0.978178159070991,0.411773681640625,0.38365353506756694,0.411773681640625
3917,130.56666666666666,1,1,1,0.0,-1.0,0.0103607177734375,0.9752333375017204,0.4110870361328125,0.3852964834450498,0.4110870361328125
3918,130.6,1,1,1,0.0,-1.0,0.0117950439453125,0.9720206030506032,0.4107869466145833,0.3869320721037653,0.4107869466145833
3919,130.63333333333333,1,1,1,0.0,-1.0,0.012542724609375,0.970472858010644,0.4123586018880208,0.3868076433087889,0.4123586018880208
3920,130.66666666666666,1,1,1,0.0,-1.0,0.013554890950520834,0.9683607993257037,0.4120381673177083,0.3885801692765946,0.4120381673177083
3921,130.7,1,1,1,0.0,-1.0,0.014516194661458334,0.9663528251894202,0.4120229085286458,0.3898804286560599,0.4120229085286458
3922,130.73333333333332,1,1,1,0.0,-1.0,0.014841715494791666,0.9657779228052734,0.4131724039713542,0.3899729116580134,0.4131724039713542
3923,130.76666666666668,1,1,1,0.0,-1.0,0.014902750651041666,0.9657921617405183,0.4127451578776042,0.39160494739128626,0.4127451578776042
3924,130.8,1,1,1,0.0,-1.0,0.013865152994791666,0.9682500494082544,0.4118703206380208,0.39361706618137043,0.4118703206380208
3925,130.83333333333334,1,1,1,0.0,-1.0,0.013203938802083334,0.969856195591055,0.4122060139973958,0.3942990043486154,0.4122060139973958
3926,130.86666666666667,1,1,1,0.0,-1.0,0.012140909830729166,0.9723248841000848,0.4114583333333333,0.39577091558800537,0.4114583333333333
3927,130.9,1,1,1,0.0,-1.0,0.0119171142578125,0.9728889052971483,0.4096120198567708,0.3981548356713423,0.4096120198567708
3928,130.93333333333334,1,1,1,0.0,-1.0,0.011555989583333334,0.9737497097601099,0.4091847737630208,0.39895065929642903,0.4091847737630208
3929,130.96666666666667,1,1,1,0.0,-1.0,0.011225382486979166,0.9745451024976677,0.4091644287109375,0.39927214024504576,0.4091644287109375
3930,131.0,1,1,1,0.0,-1.0,0.010630289713541666,0.9759224619232134,0.4086354573567708,0.40003480021807797,0.4086354573567708
3931,131.03333333333333,1,1,1,0.0,-1.0,0.010518391927083334,0.9762335484280492,0.4091288248697917,0.3999307222245346,0.4091288248697917
3932,131.06666666666666,1,1,1,0.0,-1.0,0.0111541748046875,0.9748915253227407,0.4103495279947917,0.39918510666060647,0.4103495279947917
3933,131.1,1,1,1,0.0,-1.0,0.01641845703125,0.9635392497560331,0.4135335286458333,0.3973083874060215,0.4135335286458333
3934,131.13333333333333,1,1,1,0.0,-1.0,0.0225982666015625,0.9507982965725011,0.4195709228515625,0.39293693086119774,0.4195709228515625
3935,131.16666666666666,1,1,1,0.0,-1.0,0.030293782552083332,0.935832150008344,0.4317474365234375,0.38372657492898765,0.4317474365234375
3936,131.2,1,1,1,0.0,-1.0,0.042332967122395836,0.9137522145006209,0.4528299967447917,0.36684474829713914,0.4528299967447917
3937,131.23333333333332,1,1,1,0.0,-1.0,0.058329264322916664,0.8864378561962005,0.4760640462239583,0.349470493284562,0.4760640462239583
3938,131.26666666666668,1,1,1,0.0,-1.0,0.051203409830729164,0.9017590026441884,0.4906158447265625,0.33920149094424523,0.4906158447265625
3939,131.3,1,1,1,0.0,-1.0,0.037877400716145836,0.9269077073908119,0.5029195149739584,0.32923448672513056,0.5029195149739584
3940,131.33333333333334,1,1,1,0.0,-1.0,0.049001057942708336,0.906558101703484,0.507354736328125,0.32590809294545137,0.507354736328125
3941,131.36666666666667,1,1,1,0.0,-1.0,0.054316202799479164,0.8969623183039319,0.5097503662109375,0.3243670030155753,0.5097503662109375
3942,131.4,1,1,1,0.0,-1.0,0.053777058919270836,0.8979116080901212,0.5024058024088541,0.33106565416947353,0.5024058024088541
3943,131.43333333333334,1,1,1,0.0,-1.0,0.048365275065104164,0.9077263373041737,0.4901326497395833,0.34206795375835586,0.4901326497395833
3944,131.46666666666667,1,1,1,0.0,-1.0,0.0509490966796875,0.903035581532827,0.4740041097005208,0.35675174161009127,0.4740041097005208
3945,131.5,1,1,1,0.0,-1.0,0.043482462565104164,0.9165680696442137,0.4535268147786458,0.37573195507702206,0.4535268147786458
3946,131.53333333333333,1,1,1,0.0,-1.0,0.03924560546875,0.9242488511595846,0.4379170735677083,0.39071127333395017,0.4379170735677083
3947,131.56666666666666,1,1,1,0.0,-1.0,0.0589599609375,0.8882900964054419,0.4216461181640625,0.40673182094725924,0.4216461181640625
3948,131.6,1,1,1,0.0,-1.0,0.056976318359375,0.8919581612888512,0.4072011311848958,0.42125988631059363,0.4072011311848958
3949,131.63333333333333,1,1,1,0.0,-1.0,0.061060587565104164,0.8848024054564234,0.3868255615234375,0.44211577689291914,0.3868255615234375
3950,131.66666666666666,1,1,1,0.0,-1.0,0.06364949544270833,0.8802037112050309,0.36956787109375,0.4603104883757171,0.36956787109375
3951,131.7,1,1,1,0.0,-1.0,0.060053507486979164,0.8864099463276862,0.3588968912760417,0.4717687631298433,0.3588968912760417
3952,131.73333333333332,1,1,1,0.0,-1.0,0.056828816731770836,0.891778474329578,0.3557332356770833,0.4750413756794005,0.3557332356770833
3953,131.76666666666668,1,1,1,0.0,-1.0,0.051371256510416664,0.9009325360421814,0.3560892740885417,0.47425615187009723,0.3560892740885417
3954,131.8,1,1,1,0.0,-1.0,0.0552825927734375,0.8930676429021343,0.3465728759765625,0.48448359323853585,0.3465728759765625
3955,131.83333333333334,1,1,1,0.0,-1.0,0.054484049479166664,0.8939396816881819,0.3290812174479167,0.5036758764771903,0.3290812174479167
3956,131.86666666666667,1,1,1,0.0,-1.0,0.056009928385416664,0.8900044800470481,0.3217061360677083,0.5113556412767529,0.3217061360677083
3957,131.9,1,1,1,0.0,-1.0,0.053309122721354164,0.8934414942195237,0.3227030436197917,0.509345980583128,0.3227030436197917
3958,131.93333333333334,1,1,1,0.0,-1.0,0.042455037434895836,0.9121409294440234,0.33514404296875,0.4935967700102074,0.33514404296875
3959,131.96666666666667,1,1,1,0.0,-1.0,0.035619099934895836,0.9235868961792274,0.3444976806640625,0.48203718601572987,0.3444976806640625
3960,132.0,1,1,1,0.0,-1.0,0.048472086588541664,0.8947769788945585,0.3663736979166667,0.45680714170837,0.3663736979166667
3961,132.03333333333333,1,1,1,0.0,-1.0,0.047246297200520836,0.8950093055327444,0.3834431966145833,0.43811406745166603,0.3834431966145833
3962,132.06666666666666,1,1,1,0.0,-1.0,0.057652791341145836,0.871758276443127,0.3930562337239583,0.4271817448330337,0.3930562337239583
3963,132.1,1,1,1,0.0,-1.0,0.056172688802083336,0.8725259508457719,0.3965047200520833,0.42208654116560707,0.3965047200520833
3964,132.13333333333333,1,1,1,0.0,-1.0,0.044637044270833336,0.8945590285366423,0.4025929768880208,0.41388956488814166,0.4025929768880208
3965,132.16666666666666,1,1,1,0.0,-1.0,0.0370025634765625,0.908705226150877,0.4138895670572917,0.4001675734689274,0.4138895670572917
3966,132.2,1,1,1,0.0,-1.0,0.038508097330729164,0.9029548459648398,0.4140726725260417,0.3994264201331048,0.4140726725260417
3967,132.23333333333332,1,1,1,0.0,-1.0,0.044260660807291664,0.8891929030440755,0.4115346272786458,0.402382134103623,0.4115346272786458
3968,132.26666666666668,1,1,1,0.0,-1.0,0.0395050048828125,0.8993676973622722,0.4141438802083333,0.3985672877059383,0.4141438802083333
3969,132.3,1,1,1,0.0,-1.0,0.034673055013020836,0.9076054239525795,0.4178721110026042,0.3926710390404925,0.4178721110026042
3970,132.33333333333334,1,1,1,0.0,-1.0,0.0298919677734375,0.9159596666907239,0.425994873046875,0.38308046438394916,0.425994873046875
3971,132.36666666666667,1,1,1,0.0,-1.0,0.027821858723958332,0.9179452730682074,0.4411519368489583,0.36685877889848806,0.4411519368489583
3972,132.4,1,1,1,0.0,-1.0,0.0400238037109375,0.8832626419830127,0.4415486653645833,0.36813196527471753,0.4415486653645833
3973,132.43333333333334,1,1,1,0.0,-1.0,0.049957275390625,0.8615037033704798,0.4348907470703125,0.3773066140410805,0.4348907470703125
3974,132.46666666666667,1,1,1,0.0,-1.0,0.045308430989583336,0.8783539413532435,0.4344736735026042,0.37992501994678574,0.4344736735026042
3975,132.5,1,1,1,0.0,-1.0,0.054662068684895836,0.8640126205849028,0.430450439453125,0.3880126387250616,0.430450439453125
3976,132.53333333333333,1,1,1,0.0,-1.0,0.05950927734375,0.8624431487776641,0.4339090983072917,0.3875005817654893,0.4339090983072917
3977,132.56666666666666,1,1,1,0.0,-1.0,0.053751627604166664,0.8787929001179372,0.437042236328125,0.3851640895551768,0.437042236328125
3978,132.6,1,1,1,0.0,-1.0,0.0598907470703125,0.8665420425618426,0.4357096354166667,0.38620567881814194,0.4357096354166667
3979,132.63333333333333,1,1,1,0.0,-1.0,0.065673828125,0.8519716121967409,0.4484965006510417,0.3722172758529678,0.4484965006510417
3980,132.66666666666666,1,1,1,0.0,-1.0,0.056742350260416664,0.8663318969553501,0.46221923828125,0.3577030426270479,0.46221923828125
3981,132.7,1,1,1,0.0,-1.0,0.0650482177734375,0.843548116796802,0.4756673177083333,0.3435766077470234,0.4756673177083333
3982,132.73333333333332,1,1,1,0.0,-1.0,0.0837554931640625,0.7979958363837107,0.4925689697265625,0.3269813743112723,0.4925689697265625
3983,132.76666666666668,1,1,1,0.0,-1.0,0.07956441243489583,0.8028378171872328,0.5021464029947916,0.3179556094571189,0.5021464029947916
3984,132.8,1,1,1,0.0,-1.0,0.07828267415364583,0.8043612006939854,0.514739990234375,0.30737399074694904,0.514739990234375
3985,132.83333333333334,1,1,1,0.0,-1.0,0.08289591471354167,0.7961453927209636,0.5322672526041666,0.29352305165101583,0.5322672526041666
3986,132.86666666666667,1,1,1,0.0,-1.0,0.0843048095703125,0.797178648839941,0.553741455078125,0.27702800499768593,0.553741455078125
3987,132.9,1,1,1,0.0,-1.0,0.08556620279947917,0.7986158370205532,0.57489013671875,0.2609888472895411,0.57489013671875
3988,132.93333333333334,1,1,1,0.0,-1.0,0.08516947428385417,0.8018216565261813,0.5966237386067709,0.2442890281303769,0.5966237386067709
3989,132.96666666666667,1,1,1,0.0,-1.0,0.07152811686197917,0.8266384562496705,0.60357666015625,0.23682097593240808,0.60357666015625
3990,133.0,1,1,1,0.0,-1.0,0.07275899251302083,0.8132451682125719,0.6060638427734375,0.2320183449584616,0.6060638427734375
3991,133.03333333333333,1,1,1,0.0,-1.0,0.07115681966145833,0.8005180035548387,0.5989430745442709,0.23324472349745892,0.5989430745442709
3992,133.06666666666666,1,1,1,0.0,-1.0,0.07718912760416667,0.7629099997250435,0.5890604654947916,0.23677152196286336,0.5890604654947916
3993,133.1,1,1,1,0.0,-1.0,0.08532206217447917,0.7163631241487445,0.5920155843098959,0.23090764334711417,0.5920155843098959
3994,133.13333333333333,1,1,1,0.0,-1.0,0.094635009765625,0.6656985103617142,0.5871378580729166,0.23165857529899814,0.5871378580729166
3995,133.16666666666666,1,1,1,0.0,-1.0,0.10109456380208333,0.627420572481607,0.5850270589192709,0.23196037930217978,0.5850270589192709
3996,133.2,1,1,1,0.0,-1.0,0.09829203287760417,0.6212990650525336,0.5847218831380209,0.23144983295834592,0.5847218831380209
3997,133.23333333333332,1,1,1,0.0,-1.0,0.07712809244791667,0.66349905636228,0.58831787109375,0.22682967495173667,0.58831787109375
3998,133.26666666666668,1,1,1,0.0,-1.0,0.058537801106770836,0.6911545690625452,0.5855458577473959,0.225816733986507,0.5855458577473959
3999,133.3,1,1,1,0.0,-1.0,0.039098103841145836,0.7193742895267259,0.5855204264322916,0.22222020427033334,0.5855204264322916
4000,133.33333333333334,1,1,1,0.0,-1.0,0.0191802978515625,0.8041054585693777,0.5904032389322916,0.2184032869844473,0.5904032389322916
4001,133.36666666666667,1,1,1,0.0,-1.0,0.011632283528645834,0.859496236648611,0.5921579996744791,0.21732059631542744,0.5921579996744791
4002,133.4,1,1,1,0.0,-1.0,0.00726318359375,0.9044498239511451,0.5954844156901041,0.21574200322936182,0.5954844156901041
4003,133.43333333333334,1,1,1,0.0,-1.0,0.007497151692708333,0.902597253403635,0.5966898600260416,0.21559497130951683,0.5966898600260416
4004,133.46666666666667,1,1,1,0.0,-1.0,0.007654825846354167,0.901908852846879,0.5959676106770834,0.21653870562694721,0.5959676106770834
4005,133.5,1,1,1,0.0,-1.0,0.007781982421875,0.901495116031191,0.5942128499348959,0.21788649865838522,0.5942128499348959
4006,133.53333333333333,1,1,1,0.0,-1.0,0.008173624674479166,0.8982465470255222,0.5912068684895834,0.21988787988465922,0.5912068684895834
4007,133.56666666666666,1,1,1,0.0,-1.0,0.00848388671875,0.8958716335550433,0.5878651936848959,0.2220053626759179,0.5878651936848959
4008,133.6,1,1,1,0.0,-1.0,0.008997599283854166,0.8926453446304419,0.5832010904947916,0.2252807276694808,0.5832010904947916
4009,133.63333333333333,1,1,1,0.0,-1.0,0.009821573893229166,0.8871024202109998,0.5791575113932291,0.2283795230312054,0.5791575113932291
4010,133.66666666666666,1,1,1,0.0,-1.0,0.010498046875,0.8855812768496415,0.5768178304036459,0.23067115394269472,0.5768178304036459
4011,133.7,1,1,1,0.0,-1.0,0.011006673177083334,0.8867223832592159,0.5744527180989584,0.23332473327232545,0.5744527180989584
4012,133.73333333333332,1,1,1,0.0,-1.0,0.0124359130859375,0.8812851008351897,0.5728352864583334,0.23567861584038285,0.5728352864583334
4013,133.76666666666668,1,1,1,0.0,-1.0,0.0135345458984375,0.8800723967504103,0.5709025065104166,0.23837352540789253,0.5709025065104166
4014,133.8,1,1,1,0.0,-1.0,0.014801025390625,0.8782964682777443,0.5697123209635416,0.24045498680279337,0.5697123209635416
4015,133.83333333333334,1,1,1,0.0,-1.0,0.015223185221354166,0.8832215829452352,0.5650583902994791,0.24516805994740154,0.5650583902994791
4016,133.86666666666667,1,1,1,0.0,-1.0,0.0157318115234375,0.8873947486925033,0.5605621337890625,0.24973480794576888,0.5605621337890625
4017,133.9,1,1,1,0.0,-1.0,0.016072591145833332,0.8921782713019589,0.5541229248046875,0.2557473443148436,0.5541229248046875
4018,133.93333333333334,1,1,1,0.0,-1.0,0.015207926432291666,0.9024801607868258,0.5498402913411459,0.2595227846949885,0.5498402913411459
4019,133.96666666666667,1,1,1,0.0,-1.0,0.01416015625,0.9111392943617358,0.54644775390625,0.26220814466828457,0.54644775390625
4020,134.0,1,1,1,0.0,-1.0,0.01446533203125,0.9109046009590598,0.5433400472005209,0.2646767250995586,0.5433400472005209
4021,134.03333333333333,1,1,1,0.0,-1.0,0.0135650634765625,0.9183027932464571,0.539215087890625,0.2684924996796445,0.539215087890625
4022,134.06666666666666,1,1,1,0.0,-1.0,0.0138092041015625,0.9204281585070397,0.534454345703125,0.27313175271294965,0.534454345703125
4023,134.1,1,1,1,0.0,-1.0,0.012812296549479166,0.9288663527107741,0.5310872395833334,0.2764929903554276,0.5310872395833334
4024,134.13333333333333,1,1,1,0.0,-1.0,0.012095133463541666,0.9346802997147974,0.5285288492838541,0.2790758733884439,0.5285288492838541
4025,134.16666666666666,1,1,1,0.0,-1.0,0.011225382486979166,0.9406397927245067,0.5265299479166666,0.281165292623319,0.5265299479166666
4026,134.2,1,1,1,0.0,-1.0,0.00994873046875,0.9481577947407822,0.5253397623697916,0.28243152137759686,0.5253397623697916
4027,134.23333333333332,1,1,1,0.0,-1.0,0.008305867513020834,0.9570485865852592,0.5247344970703125,0.2830964696587815,0.5247344970703125
4028,134.26666666666668,1,1,1,0.0,-1.0,0.006154378255208333,0.9681688316296142,0.5242716471354166,0.2835578878806236,0.5242716471354166
4029,134.3,1,1,1,0.0,-1.0,0.004328409830729167,0.977543135080737,0.5232899983723959,0.28434752814984354,0.5232899983723959
4030,134.33333333333334,1,1,1,0.0,-1.0,0.0024922688802083335,0.9869704691449754,0.5226898193359375,0.2847854167633861,0.5226898193359375
4031,134.36666666666667,1,1,1,0.0,-1.0,0.0018513997395833333,0.9902970432862119,0.5218454996744791,0.28554532452863096,0.5218454996744791
4032,134.4,1,1,1,0.0,-1.0,0.0023956298828125,0.9874980272776204,0.52117919921875,0.28619554081651527,0.52117919921875
4033,134.43333333333334,1,1,1,0.0,-1.0,0.0024464925130208335,0.987294118391753,0.5196634928385416,0.2875400729904793,0.5196634928385416
4034,134.46666666666667,1,1,1,0.0,-1.0,0.0024058024088541665,0.9875962995828778,0.5181427001953125,0.28893050893519384,0.5181427001953125
4035,134.5,1,1,1,0.0,-1.0,0.0026804606119791665,0.9863214536115055,0.516571044921875,0.29032805805636475,0.516571044921875
4036,134.53333333333333,1,1,1,0.0,-1.0,0.0032246907552083335,0.9837677855582274,0.5144805908203125,0.2922607446940169,0.5144805908203125
4037,134.56666666666666,1,1,1,0.0,-1.0,0.007191975911458333,0.9653143363866038,0.5132954915364584,0.29431476800545386,0.5132954915364584
4038,134.6,1,1,1,0.0,-1.0,0.008417765299479166,0.9613347442156036,0.5152079264322916,0.2940231742050782,0.5152079264322916
4039,134.63333333333333,1,1,1,0.0,-1.0,0.007680257161458333,0.9661246959169065,0.5161336263020834,0.2945995177097596,0.5161336263020834
4040,134.66666666666666,1,1,1,0.0,-1.0,0.008733113606770834,0.9624225197147867,0.5163421630859375,0.29496126368588815,0.5163421630859375
4041,134.7,1,1,1,0.0,-1.0,0.01190185546875,0.9483967461848934,0.5147196451822916,0.2958352254612536,0.5147196451822916
4042,134.73333333333332,1,1,1,0.0,-1.0,0.0117950439453125,0.9468897282352731,0.5171559651692709,0.2932966364915066,0.5171559651692709
4043,134.76666666666668,1,1,1,0.0,-1.0,0.009516398111979166,0.9550288875505829,0.519195556640625,0.2906943504758991,0.519195556640625
4044,134.8,1,1,1,0.0,-1.0,0.004679361979166667,0.9766114447793153,0.5212656656901041,0.2884180883754499,0.5212656656901041
4045,134.83333333333334,1,1,1,0.0,-1.0,0.0030059814453125,0.9845701811035079,0.522216796875,0.28725531589872344,0.522216796875
4046,134.86666666666667,1,1,1,0.0,-1.0,0.0031331380208333335,0.9837361049433107,0.5222981770833334,0.2866797235650961,0.5222981770833334
4047,134.9,1,1,1,0.0,-1.0,0.0028635660807291665,0.9849658198639404,0.521820068359375,0.28648633224356645,0.521820068359375
4048,134.93333333333334,1,1,1,0.0,-1.0,0.0025126139322916665,0.9866799155979953,0.5210215250651041,0.28657649473374897,0.5210215250651041
4049,134.96666666666667,1,1,1,0.0,-1.0,0.0023701985677083335,0.987380374010912,0.5197855631510416,0.2870855158474517,0.5197855631510416
4050,135.0,1,1,1,0.0,-1.0,0.0024312337239583335,0.9870427320219847,0.5184071858723959,0.2878001532711912,0.5184071858723959
4051,135.03333333333333,1,1,1,0.0,-1.0,0.005198160807291667,0.9730122131900325,0.5150248209635416,0.29090554510072625,0.5150248209635416
4052,135.06666666666666,1,1,1,0.0,-1.0,0.0069732666015625,0.9651724825159143,0.5147806803385416,0.29166099034377674,0.5147806803385416
4053,135.1,1,1,1,0.0,-1.0,0.008148193359375,0.9607695713830737,0.5153859456380209,0.2916027668117513,0.5153859456380209
4054,135.13333333333333,1,1,1,0.0,-1.0,0.010843912760416666,0.949965754146424,0.5177052815755209,0.29029245371680706,0.5177052815755209
4055,135.16666666666666,1,1,1,0.0,-1.0,0.012232462565104166,0.945564561416644,0.5194600423177084,0.28913918395113797,0.5194600423177084
4056,135.2,1,1,1,0.0,-1.0,0.010106404622395834,0.9552576937367228,0.5199534098307291,0.2881838061805315,0.5199534098307291
4057,135.23333333333332,1,1,1,0.0,-1.0,0.012054443359375,0.9458906911524636,0.5197957356770834,0.28662828660640144,0.5197957356770834
4058,135.26666666666668,1,1,1,0.0,-1.0,0.00958251953125,0.9552178277337724,0.5176798502604166,0.2874900246991441,0.5176798502604166
4059,135.3,1,1,1,0.0,-1.0,0.007380167643229167,0.9646928417112044,0.51812744140625,0.28678720091721654,0.51812744140625
4060,135.33333333333334,1,1,1,0.0,-1.0,0.007685343424479167,0.9626174890991646,0.5193023681640625,0.28548075162339076,0.5193023681640625
4061,135.36666666666667,1,1,1,0.0,-1.0,0.00762939453125,0.9617749509637255,0.5213775634765625,0.2836402570993102,0.5213775634765625
4062,135.4,1,1,1,0.0,-1.0,0.0037384033203125,0.9805754973597132,0.5237986246744791,0.28257027847087335,0.5237986246744791
4063,135.43333333333334,1,1,1,0.0,-1.0,0.0025533040364583335,0.9866754310119648,0.5268198649088541,0.2810246872646904,0.5268198649088541
4064,135.46666666666667,1,1,1,0.0,-1.0,0.0024770100911458335,0.9871287343938706,0.5288238525390625,0.27976484013880865,0.5288238525390625
4065,135.5,1,1,1,0.0,-1.0,0.0021311442057291665,0.988948411016234,0.5285135904947916,0.2798017614422278,0.5285135904947916
4066,135.53333333333333,1,1,1,0.0,-1.0,0.0017903645833333333,0.990721369813884,0.5271809895833334,0.2802691486149247,0.5271809895833334
4067,135.56666666666666,1,1,1,0.0,-1.0,0.0023549397786458335,0.9878249483626391,0.5248209635416666,0.2814452610022863,0.5248209635416666
4068,135.6,1,1,1,0.0,-1.0,0.004364013671875,0.9775728203984466,0.5229136149088541,0.2821196605163165,0.5229136149088541
4069,135.63333333333333,1,1,1,0.0,-1.0,0.008290608723958334,0.958480330333086,0.5217437744140625,0.28307904336771417,0.5217437744140625
4070,135.66666666666666,1,1,1,0.0,-1.0,0.017094930013020832,0.9221016180101329,0.5237528483072916,0.2836057569007814,0.5237528483072916
4071,135.7,1,1,1,0.0,-1.0,0.023946126302083332,0.9012735935498366,0.5223846435546875,0.2866507482272148,0.5223846435546875
4072,135.73333333333332,1,1,1,0.0,-1.0,0.0293121337890625,0.8886660105998592,0.5194854736328125,0.2916871717094099,0.5194854736328125
4073,135.76666666666668,1,1,1,0.0,-1.0,0.033686319986979164,0.8818003236720027,0.5159759521484375,0.2974041467306337,0.5159759521484375
4074,135.8,1,1,1,0.0,-1.0,0.030537923177083332,0.8968188204908694,0.5111440022786459,0.3028608715793746,0.5111440022786459
4075,135.83333333333334,1,1,1,0.0,-1.0,0.0283355712890625,0.9068045950769275,0.508697509765625,0.30645083100209725,0.508697509765625
4076,135.86666666666667,1,1,1,0.0,-1.0,0.0268096923828125,0.9139892559091607,0.50433349609375,0.31081782033012095,0.50433349609375
4077,135.9,1,1,1,0.0,-1.0,0.019805908203125,0.9363935321333828,0.5001424153645834,0.31433100933007124,0.5001424153645834
4078,135.93333333333334,1,1,1,0.0,-1.0,0.011784871419270834,0.9616671483091556,0.4973958333333333,0.31627118115131597,0.4973958333333333
4079,135.96666666666667,1,1,1,0.0,-1.0,0.0142059326171875,0.9542402132724115,0.4953409830729167,0.3175914342155153,0.4953409830729167
4080,136.0,1,1,1,0.0,-1.0,0.017364501953125,0.9446547375245415,0.4919230143229167,0.3200563224062687,0.4919230143229167
4081,136.03333333333333,1,1,1,0.0,-1.0,0.017857869466145832,0.9432639165486435,0.4893391927083333,0.3219201762429871,0.4893391927083333
4082,136.06666666666666,1,1,1,0.0,-1.0,0.016082763671875,0.9488273330380199,0.4867095947265625,0.3240934647860827,0.4867095947265625
4083,136.1,1,1,1,0.0,-1.0,0.0185546875,0.9414571225181373,0.4884287516276042,0.322472380224747,0.4884287516276042
4084,136.13333333333333,1,1,1,0.0,-1.0,0.010691324869791666,0.9655046816973025,0.4897206624348958,0.3207759393058285,0.4897206624348958
4085,136.16666666666666,1,1,1,0.0,-1.0,0.005401611328125,0.9821781608574052,0.4907989501953125,0.31958862213271955,0.4907989501953125
4086,136.2,1,1,1,0.0,-1.0,0.004160563151041667,0.9861672162153674,0.4916330973307292,0.31877320047859464,0.4916330973307292
4087,136.23333333333332,1,1,1,0.0,-1.0,0.0034688313802083335,0.9884215662826823,0.4924977620442708,0.3180469072235321,0.4924977620442708
4088,136.26666666666668,1,1,1,0.0,-1.0,0.0030670166015625,0.9897514631878128,0.4932759602864583,0.31757002147284463,0.4932759602864583
4089,136.3,1,1,1,0.0,-1.0,0.0029093424479166665,0.9902870077641492,0.4940745035807292,0.31716132717337037,0.4940745035807292
4090,136.33333333333334,1,1,1,0.0,-1.0,0.0029958089192708335,0.9900107931977509,0.4948069254557292,0.3169138677044419,0.4948069254557292
4091,136.36666666666667,1,1,1,0.0,-1.0,0.0029246012369791665,0.9902616779346423,0.4957427978515625,0.31650763953747835,0.4957427978515625
4092,136.4,1,1,1,0.0,-1.0,0.0031941731770833335,0.9893804124845567,0.4970296223958333,0.3157689236876598,0.4970296223958333
4093,136.43333333333334,1,1,1,0.0,-1.0,0.0031585693359375,0.9895065568721688,0.4983571370442708,0.31487895367589686,0.4983571370442708
4094,136.46666666666667,1,1,1,0.0,-1.0,0.0031789143880208335,0.9894460048444741,0.4994405110677083,0.31410676529749804,0.4994405110677083
4095,136.5,1,1,1,0.0,-1.0,0.0031331380208333335,0.9895925425348486,0.5004475911458334,0.31330154960219425,0.5004475911458334
4096,136.53333333333333,1,1,1,0.0,-1.0,0.0031992594401041665,0.989367154549676,0.5016123453776041,0.3123729709071983,0.5016123453776041
4097,136.56666666666666,1,1,1,0.0,-1.0,0.0031941731770833335,0.9893758647760638,0.5030059814453125,0.31129881751072386,0.5030059814453125
4098,136.6,1,1,1,0.0,-1.0,0.0031789143880208335,0.9894220495576136,0.5047760009765625,0.31001721269182175,0.5047760009765625
4099,136.63333333333333,1,1,1,0.0,-1.0,0.0035502115885416665,0.9881943573934284,0.5069529215494791,0.3084881012941685,0.5069529215494791
4100,136.66666666666666,1,1,1,0.0,-1.0,0.0037180582682291665,0.987642496217678,0.5100046793619791,0.3063366188849357,0.5100046793619791
4101,136.7,1,1,1,0.0,-1.0,0.0037434895833333335,0.987557776233869,0.5129140218098959,0.30435953392064974,0.5129140218098959
4102,136.73333333333332,1,1,1,0.0,-1.0,0.00360107421875,0.9880279218543488,0.5160369873046875,0.3021924588130888,0.5160369873046875
4103,136.76666666666668,1,1,1,0.0,-1.0,0.008295694986979166,0.9728229932765289,0.5184529622395834,0.3008879821859127,0.5184529622395834
4104,136.8,1,1,1,0.0,-1.0,0.02777099609375,0.9138932263300081,0.51824951171875,0.30208155008209436,0.51824951171875
4105,136.83333333333334,1,1,1,0.0,-1.0,0.031840006510416664,0.9026530917785485,0.5218404134114584,0.2991198480735302,0.5218404134114584
4106,136.86666666666667,1,1,1,0.0,-1.0,0.029296875,0.9095840147665191,0.5240275065104166,0.29731385042055997,0.5240275065104166
4107,136.9,1,1,1,0.0,-1.0,0.02386474609375,0.9252281613471405,0.5266977945963541,0.2948685064750275,0.5266977945963541
4108,136.93333333333334,1,1,1,0.0,-1.0,0.016718546549479168,0.9464667002676499,0.5281931559244791,0.29330882487670334,0.5281931559244791
4109,136.96666666666667,1,1,1,0.0,-1.0,0.013112386067708334,0.9573486888942825,0.5279897054036459,0.29307060155267184,0.5279897054036459
4110,137.0,1,1,1,0.0,-1.0,0.011301676432291666,0.9627586702343549,0.5302022298177084,0.2907264850627347,0.5302022298177084
4111,137.03333333333333,1,1,1,0.0,-1.0,0.009368896484375,0.9686692540912702,0.5308939615885416,0.2897307464228984,0.5308939615885416
4112,137.06666666666666,1,1,1,0.0,-1.0,0.0079193115234375,0.9731786387112336,0.5316365559895834,0.2888681489839421,0.5316365559895834
4113,137.1,1,1,1,0.0,-1.0,0.006673177083333333,0.9771701370314294,0.5331319173177084,0.28756149984266544,0.5331319173177084
4114,137.13333333333333,1,1,1,0.0,-1.0,0.006103515625,0.9790037019667968,0.5343831380208334,0.2866090129043981,0.5343831380208334
4115,137.16666666666666,1,1,1,0.0,-1.0,0.005666097005208333,0.9804519245494631,0.5350596110026041,0.2862059100844496,0.5350596110026041
4116,137.2,1,1,1,0.0,-1.0,0.005182902018229167,0.9820634180566059,0.5358022054036459,0.28570444358639435,0.5358022054036459
4117,137.23333333333332,1,1,1,0.0,-1.0,0.004694620768229167,0.983704394826812,0.5366312662760416,0.2851277826686624,0.5366312662760416
4118,137.26666666666668,1,1,1,0.0,-1.0,0.004389444986979167,0.9847218241607597,0.5373789469401041,0.2846492993906521,0.5373789469401041
4119,137.3,1,1,1,0.0,-1.0,0.0041046142578125,0.9856731882083526,0.538330078125,0.2840774550555971,0.538330078125
4120,137.33333333333334,1,1,1,0.0,-1.0,0.0037282307942708335,0.9869537103744892,0.539306640625,0.28353153450185536,0.539306640625
4121,137.36666666666667,1,1,1,0.0,-1.0,0.0037129720052083335,0.986994910037458,0.5402679443359375,0.2830544143835807,0.5402679443359375
4122,137.4,1,1,1,0.0,-1.0,0.0032806396484375,0.9884882369954948,0.5415140787760416,0.2823141984409606,0.5415140787760416
4123,137.43333333333334,1,1,1,0.0,-1.0,0.0025736490885416665,0.9909452197239543,0.5421600341796875,0.28197274698411945,0.5421600341796875
4124,137.46666666666667,1,1,1,0.0,-1.0,0.0022481282552083335,0.99208193825043,0.5426381429036459,0.2817343290861929,0.5426381429036459
4125,137.5,1,1,1,0.0,-1.0,0.0022226969401041665,0.9921722066866918,0.5426839192708334,0.2817962296633243,0.5426839192708334
4126,137.53333333333333,1,1,1,0.0,-1.0,0.0023600260416666665,0.9916983920656914,0.5422719319661459,0.2821162159359256,0.5422719319661459
4127,137.56666666666666,1,1,1,0.0,-1.0,0.0023752848307291665,0.9916545628572058,0.5412343343098959,0.2828723417582636,0.5412343343098959
4128,137.6,1,1,1,0.0,-1.0,0.0022481282552083335,0.9921077865472965,0.5400543212890625,0.28367919257971663,0.5400543212890625
4129,137.63333333333333,1,1,1,0.0,-1.0,0.0022125244140625,0.9922399989453156,0.5388031005859375,0.2845575828063774,0.5388031005859375
4130,137.66666666666666,1,1,1,0.0,-1.0,0.0021870930989583335,0.9923370489430154,0.5375722249348959,0.28543922528464205,0.5375722249348959
4131,137.7,1,1,1,0.0,-1.0,0.0021209716796875,0.9925759063863273,0.536712646484375,0.28610082081507565,0.536712646484375
4132,137.73333333333332,1,1,1,0.0,-1.0,0.002227783203125,0.9922118364479947,0.5361989339192709,0.286550000402057,0.5361989339192709
4133,137.76666666666668,1,1,1,0.0,-1.0,0.0021565755208333335,0.9924653999640318,0.5361836751302084,0.28661458400637346,0.5361836751302084
4134,137.8,1,1,1,0.0,-1.0,0.0021209716796875,0.9925912886814019,0.536163330078125,0.2866657209539534,0.536163330078125
4135,137.83333333333334,1,1,1,0.0,-1.0,0.0022481282552083335,0.9921562676238818,0.5358530680338541,0.2869189947982457,0.5358530680338541
4136,137.86666666666667,1,1,1,0.0,-1.0,0.0031382242838541665,0.9891075574578997,0.5345713297526041,0.28788399744658133,0.5345713297526041
4137,137.9,1,1,1,0.0,-1.0,0.003972371419270833,0.9863191093822159,0.5322469075520834,0.2897126405790717,0.5322469075520834
4138,137.93333333333334,1,1,1,0.0,-1.0,0.004847208658854167,0.983494438798888,0.5289103190104166,0.292382469882385,0.5289103190104166
4139,137.96666666666667,1,1,1,0.0,-1.0,0.006205240885416667,0.97919067791548,0.5250600179036459,0.29558636414981176,0.5250600179036459
4140,138.0,1,1,1,0.0,-1.0,0.008000691731770834,0.9736989402436342,0.5217539469401041,0.2986076656274341,0.5217539469401041
4141,138.03333333333333,1,1,1,0.0,-1.0,0.009847005208333334,0.9683861646591898,0.5184071858723959,0.3019569413143361,0.5184071858723959
4142,138.06666666666666,1,1,1,0.0,-1.0,0.0121917724609375,0.9619825779562966,0.5148417154947916,0.3059160071050084,0.5148417154947916
4143,138.1,1,1,1,0.0,-1.0,0.014933268229166666,0.9550203772496123,0.5116373697916666,0.30988347202079936,0.5116373697916666
4144,138.13333333333333,1,1,1,0.0,-1.0,0.017888387044270832,0.9481661886816986,0.50830078125,0.3141919126634918,0.50830078125
4145,138.16666666666666,1,1,1,0.0,-1.0,0.020680745442708332,0.9423282198481957,0.5038909912109375,0.31945894263086827,0.5038909912109375
4146,138.2,1,1,1,0.0,-1.0,0.0244140625,0.9346251564366178,0.4988861083984375,0.32531529047783214,0.4988861083984375
4147,138.23333333333332,1,1,1,0.0,-1.0,0.0274200439453125,0.9293262219593397,0.4926045735677083,0.33233048700062856,0.4926045735677083
4148,138.26666666666668,1,1,1,0.0,-1.0,0.029612223307291668,0.9263511657407764,0.4872385660807292,0.3386485776540795,0.4872385660807292
4149,138.3,1,1,1,0.0,-1.0,0.030222574869791668,0.9273047556266819,0.4809163411458333,0.3458707027504774,0.4809163411458333
4150,138.33333333333334,1,1,1,0.0,-1.0,0.030858357747395832,0.9281063648427934,0.4732106526692708,0.3542325513234788,0.4732106526692708
4151,138.36666666666667,1,1,1,0.0,-1.0,0.032114664713541664,0.9272882188670524,0.468017578125,0.36007603478613437,0.468017578125
4152,138.4,1,1,1,0.0,-1.0,0.033503214518229164,0.9259915946430907,0.4604288736979167,0.36790825327698884,0.4604288736979167
4153,138.43333333333334,1,1,1,0.0,-1.0,0.033838907877604164,0.9266632663159712,0.455474853515625,0.3730768216702409,0.455474853515625
4154,138.46666666666667,1,1,1,0.0,-1.0,0.034657796223958336,0.9261172993246845,0.4506937662760417,0.37796960561163884,0.4506937662760417
4155,138.5,1,1,1,0.0,-1.0,0.035395304361979164,0.92558993047493,0.4472452799479167,0.38151449349426914,0.4472452799479167
4156,138.53333333333333,1,1,1,0.0,-1.0,0.032389322916666664,0.9323506992770345,0.4444427490234375,0.38435119374299054,0.4444427490234375
4157,138.56666666666666,1,1,1,0.0,-1.0,0.029652913411458332,0.9383322441057805,0.4426116943359375,0.38621433746423667,0.4426116943359375
4158,138.6,1,1,1,0.0,-1.0,0.023854573567708332,0.950320939631383,0.4430643717447917,0.3858393558136204,0.4430643717447917
4159,138.63333333333333,1,1,1,0.0,-1.0,0.017369588216145832,0.9636698849436931,0.4451548258463542,0.3838581152169255,0.4451548258463542
4160,138.66666666666666,1,1,1,0.0,-1.0,0.0115203857421875,0.9757709262297471,0.4482218424479167,0.38092608849187237,0.4482218424479167
4161,138.7,1,1,1,0.0,-1.0,0.007680257161458333,0.9837743679199017,0.4501800537109375,0.37905011221404794,0.4501800537109375
4162,138.73333333333332,1,1,1,0.0,-1.0,0.005564371744791667,0.9882062972437864,0.4511769612630208,0.37808452027116,0.4511769612630208
4163,138.76666666666668,1,1,1,0.0,-1.0,0.004709879557291667,0.9899982105792069,0.4515787760416667,0.3776899908633139,0.4515787760416667
4164,138.8,1,1,1,0.0,-1.0,0.004643758138020833,0.9901302636908564,0.4515889485677083,0.37767018838681465,0.4515889485677083
4165,138.83333333333334,1,1,1,0.0,-1.0,0.003992716471354167,0.9915033646657292,0.4518890380859375,0.3773751756979996,0.4518890380859375
4166,138.86666666666667,1,1,1,0.0,-1.0,0.004094441731770833,0.9912849810362374,0.45245361328125,0.3768267784866641,0.45245361328125
4167,138.9,1,1,1,0.0,-1.0,0.0038706461588541665,0.991756432254794,0.4530995686848958,0.37620085019407135,0.4530995686848958
4168,138.93333333333334,1,1,1,0.0,-1.0,0.0037790934244791665,0.9919501393956284,0.45343017578125,0.37586917384021534,0.45343017578125
4169,138.96666666666667,1,1,1,0.0,-1.0,0.0034535725911458335,0.9926411406225402,0.4533233642578125,0.37594739558153517,0.4533233642578125
4170,139.0,1,1,1,0.0,-1.0,0.0034535725911458335,0.9926408161907176,0.4527842203776042,0.37643311286891834,0.4527842203776042
4171,139.03333333333333,1,1,1,0.0,-1.0,0.0033009847005208335,0.9929623766839779,0.452392578125,0.3767831676840342,0.452392578125
4172,139.06666666666666,1,1,1,0.0,-1.0,0.0034230550130208335,0.9927011580331819,0.4522298177083333,0.37692063073186255,0.4522298177083333
4173,139.1,1,1,1,0.0,-1.0,0.0032857259114583335,0.9929900662316387,0.4520975748697917,0.3770335115915339,0.4520975748697917
4174,139.13333333333333,1,1,1,0.0,-1.0,0.0032958984375,0.9929649972698213,0.4523061116536458,0.3768162870581678,0.4523061116536458
4175,139.16666666666666,1,1,1,0.0,-1.0,0.0032450358072916665,0.9930701005395216,0.4525655110677083,0.37654485828684914,0.4525655110677083
4176,139.2,1,1,1,0.0,-1.0,0.0314483642578125,0.9357072372050179,0.4406331380208333,0.3882507898077546,0.4406331380208333
4177,139.23333333333332,1,1,1,0.0,-1.0,0.030873616536458332,0.9381329930988418,0.4262339274088542,0.4022330583799426,0.4262339274088542
4178,139.26666666666668,1,1,1,0.0,-1.0,0.029947916666666668,0.9408403748459371,0.4179178873697917,0.41009897523263716,0.4179178873697917
4179,139.3,1,1,1,0.0,-1.0,0.026097615559895832,0.9487487064604119,0.410400390625,0.4170392736259345,0.410400390625
4180,139.33333333333334,1,1,1,0.0,-1.0,0.024200439453125,0.9526410969460484,0.4009755452473958,0.4257810049345907,0.4009755452473958
4181,139.36666666666667,1,1,1,0.0,-1.0,0.024007161458333332,0.9531092758335526,0.39154052734375,0.43437490128913026,0.39154052734375
4182,139.4,1,1,1,0.0,-1.0,0.07625325520833333,0.8580060434798584,0.3962910970052083,0.4270675269597455,0.3962910970052083
4183,139.43333333333334,1,1,1,0.0,-1.0,0.090118408203125,0.8333139536960847,0.4089813232421875,0.41291303887167474,0.4089813232421875
4184,139.46666666666667,1,1,1,0.0,-1.0,0.118438720703125,0.7871859000085848,0.4488118489583333,0.3766353292348843,0.4488118489583333
4185,139.5,1,1,1,0.0,-1.0,0.1512298583984375,0.7368491189756676,0.4827219645182292,0.3487008961474014,0.4827219645182292
4186,139.53333333333333,1,1,1,0.0,-1.0,0.148468017578125,0.7296322714711686,0.5152079264322916,0.31795277487361584,0.5152079264322916
4187,139.56666666666666,1,1,1,0.0,-1.0,0.14414469401041666,0.6981205280541583,0.5425618489583334,0.2841567931178963,0.5425618489583334
4188,139.6,1,1,1,0.0,-1.0,0.14249165852864584,0.5853745554747033,0.5780232747395834,0.23183858310977623,0.5780232747395834
4189,139.63333333333333,1,1,1,0.0,-1.0,0.008539835611979166,0.9365343542300024,0.5809427897135416,0.22775199983990319,0.5809427897135416
4190,139.66666666666666,1,1,1,0.0,-1.0,0.007731119791666667,0.9361197605498156,0.5809733072916666,0.22579463349307738,0.5809733072916666
4191,139.7,1,1,1,0.0,-1.0,0.009012858072916666,0.9176710621374936,0.57928466796875,0.22494312986283108,0.57928466796875
4192,139.73333333333332,1,1,1,0.0,-1.0,0.007436116536458333,0.9206110025450249,0.57745361328125,0.22434729167880718,0.57745361328125
4193,139.76666666666668,1,1,1,0.0,-1.0,0.0078887939453125,0.9005432999164955,0.5781097412109375,0.2215351108758226,0.5781097412109375
4194,139.8,1,1,1,0.0,-1.0,0.008229573567708334,0.8722678855810911,0.5790252685546875,0.21852584594696492,0.5790252685546875
4195,139.83333333333334,1,1,1,0.0,-1.0,0.011189778645833334,0.773927829169366,0.5809377034505209,0.21398368060720008,0.5809377034505209
4196,139.86666666666667,1,1,1,0.0,-1.0,0.0022786458333333335,0.9300481004505772,0.58038330078125,0.21431648938482986,0.58038330078125
4197,139.9,1,1,1,0.0,-1.0,0.0017496744791666667,0.9447680357770702,0.5797780354817709,0.21465634409028844,0.5797780354817709
4198,139.93333333333334,1,1,1,0.0,-1.0,0.0014546712239583333,0.9532813575840665,0.5794270833333334,0.21484016761398056,0.5794270833333334
4199,139.96666666666667,1,1,1,0.0,-1.0,0.0013071695963541667,0.9576296526487905,0.5796101888020834,0.21474016549123445,0.5796101888020834
4200,140.0,1,1,1,0.0,-1.0,0.0012969970703125,0.9579728000045918,0.5802968343098959,0.2143804231518259,0.5802968343098959
4201,140.03333333333333,1,1,1,0.0,-1.0,0.008600870768229166,0.7248480474680226,0.5811767578125,0.21203062712812534,0.5811767578125
4202,140.06666666666666,1,1,1,0.0,-1.0,0.010075887044270834,0.57075596697013,0.583709716796875,0.20901984019912476,0.583709716796875
4203,140.1,1,1,1,0.0,-1.0,0.004994710286458333,0.6695067740835594,0.5847524007161459,0.2093780359657248,0.5847524007161459
4204,140.13333333333333,1,1,1,0.0,-1.0,0.007359822591145833,0.6934559931719525,0.5857442220052084,0.21005920002856546,0.5857442220052084
4205,140.16666666666666,1,1,1,0.0,-1.0,0.01025390625,0.7085511920404912,0.5864461263020834,0.21109285123149882,0.5864461263020834
4206,140.2,1,1,1,0.0,-1.0,0.010813395182291666,0.7036368866788572,0.5878397623697916,0.20916773451192625,0.5878397623697916
4207,140.23333333333332,1,1,1,0.0,-1.0,0.009521484375,0.6971191826891411,0.586822509765625,0.21031850038183558,0.586822509765625
4208,140.26666666666668,1,1,1,0.0,-1.0,0.016062418619791668,0.6997390319217783,0.5859120686848959,0.21553866360412768,0.5859120686848959
4209,140.3,1,1,1,0.0,-1.0,0.0252227783203125,0.7398954944147402,0.5783284505208334,0.22772840136678701,0.5783284505208334
4210,140.33333333333334,1,1,1,0.0,-1.0,0.028081258138020832,0.8039167567526917,0.5712636311848959,0.23979825760131462,0.5712636311848959
4211,140.36666666666667,1,1,1,0.0,-1.0,0.02899169921875,0.8467634194242972,0.5657399495442709,0.25037878791212476,0.5657399495442709
4212,140.4,1,1,1,0.0,-1.0,0.031590779622395836,0.8664970441357198,0.555633544921875,0.2645793107687726,0.555633544921875
4213,140.43333333333334,1,1,1,0.0,-1.0,0.057088216145833336,0.8184429124343218,0.5302530924479166,0.29406978909323506,0.5302530924479166
4214,140.46666666666667,1,1,1,0.0,-1.0,0.004862467447916667,0.9844782180625441,0.5303293863932291,0.2944941300693121,0.5303293863932291
4215,140.5,1,1,1,0.0,-1.0,0.006098429361979167,0.9805054980514532,0.5326792399088541,0.29209374089621726,0.5326792399088541
4216,140.53333333333333,1,1,1,0.0,-1.0,0.008961995442708334,0.9708828219197982,0.5352274576822916,0.2891408548645594,0.5352274576822916
4217,140.56666666666666,1,1,1,0.0,-1.0,0.010381062825520834,0.9652028412732665,0.5385945638020834,0.28519164841266664,0.5385945638020834
4218,140.6,1,1,1,0.0,-1.0,0.012298583984375,0.9572735085155946,0.5443064371744791,0.2792136991917417,0.5443064371744791
4219,140.63333333333333,1,1,1,0.0,-1.0,0.013056437174479166,0.9525836098125867,0.54998779296875,0.2731294974609382,0.54998779296875
4220,140.66666666666666,1,1,1,0.0,-1.0,0.0140533447265625,0.9463292742577776,0.5538330078125,0.26854386135263997,0.5538330078125
4221,140.7,1,1,1,0.0,-1.0,0.013834635416666666,0.943812468322782,0.5611775716145834,0.26102039358029416,0.5611775716145834
4222,140.73333333333332,1,1,1,0.0,-1.0,0.013178507486979166,0.942790450159993,0.5682322184244791,0.2539699978021304,0.5682322184244791
4223,140.76666666666668,1,1,1,0.0,-1.0,0.012115478515625,0.9435445385805324,0.571990966796875,0.24970398919480688,0.571990966796875
4224,140.8,1,1,1,0.0,-1.0,0.01019287109375,0.9488685571266957,0.5773824055989584,0.24434980563171227,0.5773824055989584
4225,140.83333333333334,1,1,1,0.0,-1.0,0.008183797200520834,0.9560851415350351,0.582611083984375,0.2394229226693595,0.582611083984375
4226,140.86666666666667,1,1,1,0.0,-1.0,0.006067911783854167,0.9656052346252666,0.5864512125651041,0.23592884864862582,0.5864512125651041
4227,140.9,1,1,1,0.0,-1.0,0.0038197835286458335,0.9775652212722981,0.5880839029947916,0.23449149291129565,0.5880839029947916
4228,140.93333333333334,1,1,1,0.0,-1.0,0.002777099609375,0.9835749167229428,0.5878346761067709,0.23480000675777415,0.5878346761067709
4229,140.96666666666667,1,1,1,0.0,-1.0,0.003997802734375,0.9770263283977548,0.5860341389973959,0.23661745650831215,0.5860341389973959
4230,141.0,1,1,1,0.0,-1.0,0.006230672200520833,0.9659262210312676,0.583282470703125,0.23950383903474792,0.583282470703125
4231,141.03333333333333,1,1,1,0.0,-1.0,0.008783976236979166,0.9550678988002282,0.5796305338541666,0.24338664511866473,0.5796305338541666
4232,141.06666666666666,1,1,1,0.0,-1.0,0.0114288330078125,0.9459020592778253,0.5755818684895834,0.2479550389338896,0.5755818684895834
4233,141.1,1,1,1,0.0,-1.0,0.0144500732421875,0.9371982428264695,0.5712178548177084,0.25326786565178117,0.5712178548177084
4234,141.13333333333333,1,1,1,0.0,-1.0,0.017181396484375,0.93178487453663,0.5683695475260416,0.25780629500206736,0.5683695475260416
4235,141.16666666666666,1,1,1,0.0,-1.0,0.020299275716145832,0.9265648685853736,0.5678049723307291,0.2609288856382078,0.5678049723307291
4236,141.2,1,1,1,0.0,-1.0,0.023732503255208332,0.9217681163497511,0.566925048828125,0.2645491432223299,0.566925048828125
4237,141.23333333333332,1,1,1,0.0,-1.0,0.026896158854166668,0.9189701711582979,0.5649820963541666,0.26901789599158515,0.5649820963541666
4238,141.26666666666668,1,1,1,0.0,-1.0,0.030385335286458332,0.9158946275629644,0.5628865559895834,0.27345157539273923,0.5628865559895834
4239,141.3,1,1,1,0.0,-1.0,0.033192952473958336,0.9149744736261295,0.5572357177734375,0.28047315274466345,0.5572357177734375
4240,141.33333333333334,1,1,1,0.0,-1.0,0.0365142822265625,0.9128734270443064,0.5508473714192709,0.28764053361608743,0.5508473714192709
4241,141.36666666666667,1,1,1,0.0,-1.0,0.040217081705729164,0.9099201354947777,0.5459136962890625,0.2930831903041655,0.5459136962890625
4242,141.4,1,1,1,0.0,-1.0,0.043462117513020836,0.907818879774017,0.5356547037760416,0.30234836549756633,0.5356547037760416
4243,141.43333333333334,1,1,1,0.0,-1.0,0.0473785400390625,0.9040064407999374,0.5251261393229166,0.3111188820668581,0.5251261393229166
4244,141.46666666666667,1,1,1,0.0,-1.0,0.050893147786458336,0.9004082911721463,0.5164540608723959,0.3174298209531954,0.5164540608723959
4245,141.5,1,1,1,0.0,-1.0,0.054499308268229164,0.8958410960804375,0.5012664794921875,0.3284446893797319,0.5012664794921875
4246,141.53333333333333,1,1,1,0.0,-1.0,0.057896931966145836,0.8905409748138287,0.4861958821614583,0.3382947007495716,0.4861958821614583
4247,141.56666666666666,1,1,1,0.0,-1.0,0.061284383138020836,0.8837245263987468,0.4696604410807292,0.34823739613548976,0.4696604410807292
4248,141.6,1,1,1,0.0,-1.0,0.06407674153645833,0.8758999418960345,0.4538726806640625,0.3560697749320279,0.4538726806640625
4249,141.63333333333333,1,1,1,0.0,-1.0,0.06376139322916667,0.8712942935990086,0.44439697265625,0.3566790031512407,0.44439697265625
4250,141.66666666666666,1,1,1,0.0,-1.0,0.052190144856770836,0.887619228416693,0.4422505696614583,0.35169047542813553,0.4422505696614583
4251,141.7,1,1,1,0.0,-1.0,0.0455169677734375,0.8964353249166365,0.4400685628255208,0.3487828417541683,0.4400685628255208
4252,141.73333333333332,1,1,1,0.0,-1.0,0.034128824869791664,0.9188214801407637,0.4405924479166667,0.34655892057188276,0.4405924479166667
4253,141.76666666666668,1,1,1,0.0,-1.0,0.030141194661458332,0.9273189542756735,0.4436187744140625,0.34394957104842305,0.4436187744140625
4254,141.8,1,1,1,0.0,-1.0,0.0302886962890625,0.9273321341029779,0.450592041015625,0.33873326812511,0.450592041015625
4255,141.83333333333334,1,1,1,0.0,-1.0,0.034418741861979164,0.9188886966114203,0.4491170247395833,0.3424319260459387,0.4491170247395833
4256,141.86666666666667,1,1,1,0.0,-1.0,0.0516815185546875,0.8841933653041355,0.4477437337239583,0.34916841825529576,0.4477437337239583
4257,141.9,1,1,1,0.0,-1.0,0.0644683837890625,0.8635320335781134,0.4420166015625,0.36116783496261534,0.4420166015625
4258,141.93333333333334,1,1,1,0.0,-1.0,0.06727091471354167,0.8633043483815119,0.4459686279296875,0.3629264889286177,0.4459686279296875
4259,141.96666666666667,1,1,1,0.0,-1.0,0.06909688313802083,0.8636663451432767,0.4544830322265625,0.3590840736043073,0.4544830322265625
4260,142.0,1,1,1,0.0,-1.0,0.07416788736979167,0.856689443453176,0.4679412841796875,0.3487167126872883,0.4679412841796875
4261,142.03333333333333,1,1,1,0.0,-1.0,0.107177734375,0.7984194020382622,0.482147216796875,0.3318139790268961,0.482147216796875
4262,142.06666666666666,1,1,1,0.0,-1.0,0.12921651204427084,0.7506460679684275,0.4905293782552083,0.31140504518137785,0.4905293782552083
4263,142.1,1,1,1,0.0,-1.0,0.058497111002604164,0.8695319771807898,0.4928690592447917,0.3060551377464291,0.4928690592447917
4264,142.13333333333333,1,1,1,0.0,-1.0,0.0525665283203125,0.8777001948611611,0.4963226318359375,0.29828194362988375,0.4963226318359375
4265,142.16666666666666,1,1,1,0.0,-1.0,0.050455729166666664,0.8764481042518407,0.4982808430989583,0.2903426553309042,0.4982808430989583
4266,142.2,1,1,1,0.0,-1.0,0.0431671142578125,0.8867954661899156,0.49481201171875,0.2873552888667588,0.49481201171875
4267,142.23333333333332,1,1,1,0.0,-1.0,0.037104288736979164,0.8959603540232206,0.4888865152994792,0.28697539802723765,0.4888865152994792
4268,142.26666666666668,1,1,1,0.0,-1.0,0.031789143880208336,0.9050220500690199,0.4813385009765625,0.28851519390156705,0.4813385009765625
4269,142.3,1,1,1,0.0,-1.0,0.028111775716145832,0.9111045705185424,0.4733225504557292,0.2910494088155594,0.4733225504557292
4270,142.33333333333334,1,1,1,0.0,-1.0,0.025655110677083332,0.9147382918849345,0.4665069580078125,0.29307707400275634,0.4665069580078125
4271,142.36666666666667,1,1,1,0.0,-1.0,0.023335774739583332,0.9186487726816454,0.4595540364583333,0.29584809679529334,0.4595540364583333
4272,142.4,1,1,1,0.0,-1.0,0.021306355794270832,0.9224347754124642,0.4529673258463542,0.29882124202863314,0.4529673258463542
4273,142.43333333333334,1,1,1,0.0,-1.0,0.019195556640625,0.9270646331482271,0.4456939697265625,0.3029325098262637,0.4456939697265625
4274,142.46666666666667,1,1,1,0.0,-1.0,0.016565958658854168,0.934293216590304,0.4387715657552083,0.307046595214439,0.4387715657552083
4275,142.5,1,1,1,0.0,-1.0,0.01446533203125,0.9402200607609068,0.4335174560546875,0.30994657640862655,0.4335174560546875
4276,142.53333333333333,1,1,1,0.0,-1.0,0.012410481770833334,0.9468153010417181,0.4272715250651042,0.31408994499931614,0.4272715250651042
4277,142.56666666666666,1,1,1,0.0,-1.0,0.011138916015625,0.9508601437813393,0.4211018880208333,0.318359896006168,0.4211018880208333
4278,142.6,1,1,1,0.0,-1.0,0.0085601806640625,0.9610781661296186,0.4154408772786458,0.3224293588564542,0.4154408772786458
4279,142.63333333333333,1,1,1,0.0,-1.0,0.006276448567708333,0.9709756133521272,0.4134318033854167,0.32404147453088034,0.4134318033854167
4280,142.66666666666666,1,1,1,0.0,-1.0,0.006632486979166667,0.9693676764767274,0.4125264485677083,0.32528849182605557,0.4125264485677083
4281,142.7,1,1,1,0.0,-1.0,0.007105509440104167,0.9673160567512133,0.4125264485677083,0.3260473230151639,0.4125264485677083
4282,142.73333333333332,1,1,1,0.0,-1.0,0.007848103841145834,0.9640610849831356,0.4123687744140625,0.3272350950637781,0.4123687744140625
4283,142.76666666666668,1,1,1,0.0,-1.0,0.008509318033854166,0.9610995188337983,0.4130859375,0.3278126270841111,0.4130859375
4284,142.8,1,1,1,0.0,-1.0,0.009104410807291666,0.9583825095697069,0.4161376953125,0.3260349005609284,0.4161376953125
4285,142.83333333333334,1,1,1,0.0,-1.0,0.00958251953125,0.9559809592520266,0.4188334147135417,0.3244141671454821,0.4188334147135417
4286,142.86666666666667,1,1,1,0.0,-1.0,0.0102081298828125,0.9529702001657679,0.4205576578776042,0.32381976498240556,0.4205576578776042
4287,142.9,1,1,1,0.0,-1.0,0.010355631510416666,0.9520367337787536,0.421539306640625,0.32403540432611855,0.421539306640625
4288,142.93333333333334,1,1,1,0.0,-1.0,0.010767618815104166,0.9499420585044442,0.4248453776041667,0.3219834717400919,0.4248453776041667
4289,142.96666666666667,1,1,1,0.0,-1.0,0.010533650716145834,0.9505164635246725,0.428466796875,0.3199279906897585,0.428466796875
4290,143.0,1,1,1,0.0,-1.0,0.010477701822916666,0.9506136537354583,0.4310150146484375,0.31940507596076534,0.4310150146484375
4291,143.03333333333333,1,1,1,0.0,-1.0,0.009953816731770834,0.9528487598186436,0.4336344401041667,0.31886891298459114,0.4336344401041667
4292,143.06666666666666,1,1,1,0.0,-1.0,0.010223388671875,0.9514735992733152,0.43896484375,0.31550438998889774,0.43896484375
4293,143.1,1,1,1,0.0,-1.0,0.009958902994791666,0.9525751649473432,0.4438425699869792,0.3121559275544747,0.4438425699869792
4294,143.13333333333333,1,1,1,0.0,-1.0,0.010294596354166666,0.9508841521701064,0.4468892415364583,0.31008754346010425,0.4468892415364583
4295,143.16666666666666,1,1,1,0.0,-1.0,0.010096232096354166,0.9514685020166712,0.44757080078125,0.3097061488805985,0.44757080078125
4296,143.2,1,1,1,0.0,-1.0,0.009618123372395834,0.9531850713709336,0.4483235677083333,0.30897406880317174,0.4483235677083333
4297,143.23333333333332,1,1,1,0.0,-1.0,0.009913126627604166,0.951424647080563,0.4484812418619792,0.30887444336715525,0.4484812418619792
4298,143.26666666666668,1,1,1,0.0,-1.0,0.009892781575520834,0.9511743581693661,0.4483591715494792,0.3093152756701124,0.4483591715494792
4299,143.3,1,1,1,0.0,-1.0,0.0098724365234375,0.9509714859840104,0.44952392578125,0.30874617039159447,0.44952392578125
4300,143.33333333333334,1,1,1,0.0,-1.0,0.009765625,0.9512451542075926,0.4531707763671875,0.3059918579201903,0.4531707763671875
4301,143.36666666666667,1,1,1,0.0,-1.0,0.009709676106770834,0.9512333882158882,0.456298828125,0.303839663597964,0.456298828125
4302,143.4,1,1,1,0.0,-1.0,0.0090789794921875,0.9541988766109399,0.4575602213541667,0.30357073387824546,0.4575602213541667
4303,143.43333333333334,1,1,1,0.0,-1.0,0.008260091145833334,0.9581027815309681,0.4578399658203125,0.30415210234128986,0.4578399658203125
4304,143.46666666666667,1,1,1,0.0,-1.0,0.008219401041666666,0.9583876863274317,0.4601389567057292,0.302881373784465,0.4601389567057292
4305,143.5,1,1,1,0.0,-1.0,0.008845011393229166,0.9553921693340836,0.4629313151041667,0.3011682858910528,0.4629313151041667
4306,143.53333333333333,1,1,1,0.0,-1.0,0.009562174479166666,0.9519676070944683,0.4644724527994792,0.30050314640890896,0.4644724527994792
4307,143.56666666666666,1,1,1,0.0,-1.0,0.009618123372395834,0.9516676794838537,0.4658711751302083,0.30012315655145433,0.4658711751302083
4308,143.6,1,1,1,0.0,-1.0,0.009557088216145834,0.9519300324882477,0.4690348307291667,0.29823748904805003,0.4690348307291667
4309,143.63333333333333,1,1,1,0.0,-1.0,0.009923299153645834,0.9500026672051153,0.4727884928385417,0.2958214477020769,0.4727884928385417
4310,143.66666666666666,1,1,1,0.0,-1.0,0.010386149088541666,0.9475310937077255,0.475982666015625,0.293883747129537,0.475982666015625
4311,143.7,1,1,1,0.0,-1.0,0.0107421875,0.9452957566869915,0.4782307942708333,0.29281708827174135,0.4782307942708333
4312,143.73333333333332,1,1,1,0.0,-1.0,0.010599772135416666,0.9453142205767908,0.480682373046875,0.2915710634127773,0.480682373046875
4313,143.76666666666668,1,1,1,0.0,-1.0,0.010609944661458334,0.9447142442672967,0.4846293131510417,0.28909501681621175,0.4846293131510417
4314,143.8,1,1,1,0.0,-1.0,0.0103302001953125,0.9453353341744704,0.4893442789713542,0.28590541287778304,0.4893442789713542
4315,143.83333333333334,1,1,1,0.0,-1.0,0.0093994140625,0.9494484730080126,0.4930216471354167,0.28353841631107873,0.4930216471354167
4316,143.86666666666667,1,1,1,0.0,-1.0,0.007985432942708334,0.9563190856733892,0.4963429768880208,0.28171142904768687,0.4963429768880208
4317,143.9,1,1,1,0.0,-1.0,0.006266276041666667,0.965126498958248,0.4999237060546875,0.27967882905014846,0.4999237060546875
4318,143.93333333333334,1,1,1,0.0,-1.0,0.0060272216796875,0.9660797728912283,0.5037485758463541,0.2774778000828064,0.5037485758463541
4319,143.96666666666667,1,1,1,0.0,-1.0,0.0056304931640625,0.9679550574112423,0.5073699951171875,0.2753635495839837,0.5073699951171875
4320,144.0,1,1,1,0.0,-1.0,0.005345662434895833,0.9691904363624224,0.5113169352213541,0.2730099622658515,0.5113169352213541
4321,144.03333333333333,1,1,1,0.0,-1.0,0.005035400390625,0.9705365034945015,0.515960693359375,0.27006509704938875,0.515960693359375
4322,144.06666666666666,1,1,1,0.0,-1.0,0.005289713541666667,0.9687144727593595,0.5201161702473959,0.26742901755192333,0.5201161702473959
4323,144.1,1,1,1,0.0,-1.0,0.0053863525390625,0.9677425985511102,0.5251108805338541,0.26407640923996634,0.5251108805338541
4324,144.13333333333333,1,1,1,0.0,-1.0,0.005330403645833333,0.9677381452291702,0.5290171305338541,0.26158257408475166,0.5290171305338541
4325,144.16666666666666,1,1,1,0.0,-1.0,0.005243937174479167,0.9678913936451184,0.5327199300130209,0.2591620171633003,0.5327199300130209
4326,144.2,1,1,1,0.0,-1.0,0.004887898763020833,0.9696945124806495,0.5358988444010416,0.2570727589372458,0.5358988444010416
4327,144.23333333333332,1,1,1,0.0,-1.0,0.004704793294270833,0.9705054265781662,0.5387471516927084,0.2552603483834507,0.5387471516927084
4328,144.26666666666668,1,1,1,0.0,-1.0,0.0042266845703125,0.97322185853648,0.5409088134765625,0.25404408704757,0.5409088134765625
4329,144.3,1,1,1,0.0,-1.0,0.004572550455729167,0.970936917236708,0.5429026285807291,0.2529085437097923,0.5429026285807291
4330,144.33333333333334,1,1,1,0.0,-1.0,0.00457763671875,0.9707887261547238,0.544921875,0.2517560388656659,0.544921875
4331,144.36666666666667,1,1,1,0.0,-1.0,0.004608154296875,0.9704955346750931,0.546783447265625,0.25066129762060557,0.546783447265625
4332,144.4,1,1,1,0.0,-1.0,0.004801432291666667,0.96920530033981,0.5488026936848959,0.24947785477084644,0.5488026936848959
4333,144.43333333333334,1,1,1,0.0,-1.0,0.005350748697916667,0.9657173476675569,0.551177978515625,0.24809510807403895,0.551177978515625
4334,144.46666666666667,1,1,1,0.0,-1.0,0.006139119466145833,0.9607899778582023,0.5536905924479166,0.24671576170881973,0.5536905924479166
4335,144.5,1,1,1,0.0,-1.0,0.006963094075520833,0.9554706645407239,0.5565999348958334,0.24495181098425328,0.5565999348958334
4336,144.53333333333333,1,1,1,0.0,-1.0,0.007080078125,0.9544497409114828,0.5593668619791666,0.24324048685619568,0.5593668619791666
4337,144.56666666666666,1,1,1,0.0,-1.0,0.007619222005208333,0.9508765737805411,0.5621744791666666,0.24147133344246738,0.5621744791666666
4338,144.6,1,1,1,0.0,-1.0,0.007878621419270834,0.9488534343389653,0.5648701985677084,0.23964482448674473,0.5648701985677084
4339,144.63333333333333,1,1,1,0.0,-1.0,0.00823974609375,0.9462087049855847,0.5654042561848959,0.23931725810822152,0.5654042561848959
4340,144.66666666666666,1,1,1,0.0,-1.0,0.007868448893229166,0.948042935362156,0.5658365885416666,0.23892718581581596,0.5658365885416666
4341,144.7,1,1,1,0.0,-1.0,0.007258097330729167,0.9514783757930068,0.5667826334635416,0.23803986605945554,0.5667826334635416
4342,144.73333333333332,1,1,1,0.0,-1.0,0.006383260091145833,0.9569526207914314,0.5663960774739584,0.23834695859247712,0.5663960774739584
4343,144.76666666666668,1,1,1,0.0,-1.0,0.004984537760416667,0.9661411577538309,0.5655721028645834,0.2389066063855613,0.5655721028645834
4344,144.8,1,1,1,0.0,-1.0,0.005162556966145833,0.9653009968858182,0.5652313232421875,0.2394966946441111,0.5652313232421875
4345,144.83333333333334,1,1,1,0.0,-1.0,0.008916219075520834,0.9434363373068785,0.5652821858723959,0.24061284370065894,0.5652821858723959
4346,144.86666666666667,1,1,1,0.0,-1.0,0.013636271158854166,0.9214419091468384,0.5661519368489584,0.2420448163315663,0.5661519368489584
4347,144.9,1,1,1,0.0,-1.0,0.019795735677083332,0.8994714733704581,0.5651753743489584,0.245920456705247,0.5651753743489584
4348,144.93333333333334,1,1,1,0.0,-1.0,0.0260162353515625,0.8855268688389688,0.5646311442057291,0.25031405608750673,0.5646311442057291
4349,144.96666666666667,1,1,1,0.0,-1.0,0.0313568115234375,0.8803656700664837,0.5660400390625,0.25348280082412994,0.5660400390625
4350,145.0,1,1,1,0.0,-1.0,0.035120646158854164,0.8817079600082649,0.5728658040364584,0.2519437144377218,0.5728658040364584
4351,145.03333333333333,1,1,1,0.0,-1.0,0.038731892903645836,0.8827907087313724,0.5810902913411459,0.24893441777182973,0.5810902913411459
4352,145.06666666666666,1,1,1,0.0,-1.0,0.045237223307291664,0.8754571179853847,0.5877126057942709,0.2468035113335273,0.5877126057942709
4353,145.1,1,1,1,0.0,-1.0,0.048884073893229164,0.8741430244378166,0.59136962890625,0.24593034081854426,0.59136962890625
4354,145.13333333333333,1,1,1,0.0,-1.0,0.039866129557291664,0.8990880610939653,0.5910593668619791,0.24666681064745552,0.5910593668619791
4355,145.16666666666666,1,1,1,0.0,-1.0,0.037180582682291664,0.905985709121668,0.5899709065755209,0.2472643947260471,0.5899709065755209
4356,145.2,1,1,1,0.0,-1.0,0.030100504557291668,0.9224564250464447,0.591461181640625,0.24539567182631505,0.591461181640625
4357,145.23333333333332,1,1,1,0.0,-1.0,0.028635660807291668,0.9254638647072109,0.5930938720703125,0.24393176535166725,0.5930938720703125
4358,145.26666666666668,1,1,1,0.0,-1.0,0.032786051432291664,0.9153809945028668,0.5958506266276041,0.24195401625190427,0.5958506266276041
4359,145.3,1,1,1,0.0,-1.0,0.0390625,0.9011758060375203,0.5971272786458334,0.24154168503411017,0.5971272786458334
4360,145.33333333333334,1,1,1,0.0,-1.0,0.0464630126953125,0.886284542375019,0.590240478515625,0.24819616707063652,0.590240478515625
4361,145.36666666666667,1,1,1,0.0,-1.0,0.055943806966145836,0.8699245295205889,0.5883382161458334,0.25187166208894884,0.5883382161458334
4362,145.4,1,1,1,0.0,-1.0,0.06640116373697917,0.8547211681781184,0.5831807454427084,0.25831511562413345,0.5831807454427084
4363,145.43333333333334,1,1,1,0.0,-1.0,0.0766754150390625,0.8413926346847421,0.5770314534505209,0.26533501642079277,0.5770314534505209
4364,145.46666666666667,1,1,1,0.0,-1.0,0.0774383544921875,0.8457155419594232,0.5731150309244791,0.27001926135273674,0.5731150309244791
4365,145.5,1,1,1,0.0,-1.0,0.07733662923177083,0.8507424962547758,0.5701395670572916,0.27356773588766364,0.5701395670572916
4366,145.53333333333333,1,1,1,0.0,-1.0,0.0779266357421875,0.8533313536392236,0.5664876302083334,0.27665545347116965,0.5664876302083334
4367,145.56666666666666,1,1,1,0.0,-1.0,0.06600443522135417,0.8758180446045143,0.5615997314453125,0.28009193249979886,0.5615997314453125
4368,145.6,1,1,1,0.0,-1.0,0.045186360677083336,0.9135064569599916,0.5584869384765625,0.28238201575514177,0.5584869384765625
4369,145.63333333333333,1,1,1,0.0,-1.0,0.023920694986979168,0.9532676986623752,0.554931640625,0.2853694068724102,0.554931640625
4370,145.66666666666666,1,1,1,0.0,-1.0,0.011540730794270834,0.9771736082456081,0.557159423828125,0.28361863604466714,0.557159423828125
4371,145.7,1,1,1,0.0,-1.0,0.014668782552083334,0.9710695869047955,0.5590718587239584,0.28208786045446055,0.5590718587239584
4372,145.73333333333332,1,1,1,0.0,-1.0,0.016947428385416668,0.9666469171582015,0.5617218017578125,0.27991694512026544,0.5617218017578125
4373,145.76666666666668,1,1,1,0.0,-1.0,0.019083658854166668,0.9625192331778676,0.5641530354817709,0.2779239693529462,0.5641530354817709
4374,145.8,1,1,1,0.0,-1.0,0.020039876302083332,0.9606762280969154,0.5666402180989584,0.27587073136601326,0.5666402180989584
4375,145.83333333333334,1,1,1,0.0,-1.0,0.01861572265625,0.96341917847127,0.5674285888671875,0.27519680238340916,0.5674285888671875
4376,145.86666666666667,1,1,1,0.0,-1.0,0.016316731770833332,0.9678641986003504,0.5678812662760416,0.27476759164410614,0.5678812662760416
4377,145.9,1,1,1,0.0,-1.0,0.012542724609375,0.9752053491808834,0.5687917073567709,0.273972219009065,0.5687917073567709
4378,145.93333333333334,1,1,1,0.0,-1.0,0.008153279622395834,0.9838122433990244,0.5696258544921875,0.2732178099572038,0.5696258544921875
4379,145.96666666666667,1,1,1,0.0,-1.0,0.011149088541666666,0.9779344118621528,0.5714823404947916,0.2715231823144626,0.5714823404947916
4380,146.0,1,1,1,0.0,-1.0,0.019261678059895832,0.9621966797635456,0.5726877848307291,0.27020804230970746,0.5726877848307291
4381,146.03333333333333,1,1,1,0.0,-1.0,0.0215301513671875,0.9578471293591253,0.57489013671875,0.2681377732879276,0.57489013671875
4382,146.06666666666666,1,1,1,0.0,-1.0,0.0257415771484375,0.9498083412745967,0.575103759765625,0.2679103106033779,0.575103759765625
4383,146.1,1,1,1,0.0,-1.0,0.026763916015625,0.9478672180532659,0.5754801432291666,0.2676085105145325,0.5754801432291666
4384,146.13333333333333,1,1,1,0.0,-1.0,0.0276031494140625,0.9462765385759005,0.5741984049479166,0.26864552911503836,0.5741984049479166
4385,146.16666666666666,1,1,1,0.0,-1.0,0.022104899088541668,0.9567462876247177,0.5744120279947916,0.2684498317729937,0.5744120279947916
4386,146.2,1,1,1,0.0,-1.0,0.018834431966145832,0.9630274769157832,0.5774485270182291,0.26603006617158087,0.5774485270182291
4387,146.23333333333332,1,1,1,0.0,-1.0,0.025700887044270832,0.9498857411085048,0.5800120035807291,0.26411948738059865,0.5800120035807291
4388,146.26666666666668,1,1,1,0.0,-1.0,0.029266357421875,0.9431234950298243,0.5832468668619791,0.2618134169240742,0.5832468668619791
4389,146.3,1,1,1,0.0,-1.0,0.032557169596354164,0.9368912993205654,0.5855153401692709,0.2603994126612784,0.5855153401692709
4390,146.33333333333334,1,1,1,0.0,-1.0,0.028101603190104168,0.9452058752016647,0.5843149820963541,0.2616915176373101,0.5843149820963541
4391,146.36666666666667,1,1,1,0.0,-1.0,0.0391082763671875,0.9244332333873406,0.5834401448567709,0.26250766770613404,0.5834401448567709
4392,146.4,1,1,1,0.0,-1.0,0.052759806315104164,0.8993438595398001,0.5804239908854166,0.26489893474508325,0.5804239908854166
4393,146.43333333333334,1,1,1,0.0,-1.0,0.11371866861979167,0.7955139194398797,0.5485280354817709,0.2900109084054787,0.5485280354817709
4394,146.46666666666667,1,1,1,0.0,-1.0,0.16750081380208334,0.7130268087511134,0.5036519368489584,0.3271622409234147,0.5036519368489584
4395,146.5,1,1,1,0.0,-1.0,0.11479695638020833,0.7938905911837235,0.5035654703776041,0.3277579553971952,0.5035654703776041
4396,146.53333333333333,1,1,1,0.0,-1.0,0.108184814453125,0.8046891845858685,0.4804941813151042,0.3486536323914859,0.4804941813151042
4397,146.56666666666666,1,1,1,0.0,-1.0,0.10879007975260417,0.8037057910623915,0.4607187906901042,0.3668902083649192,0.4607187906901042
4398,146.6,1,1,1,0.0,-1.0,0.11370340983072917,0.7957654506730039,0.4388275146484375,0.38808924515106513,0.4388275146484375
4399,146.63333333333333,1,1,1,0.0,-1.0,0.0954132080078125,0.8257489912514062,0.4247182210286458,0.4030762836606786,0.4247182210286458
4400,146.66666666666666,1,1,1,0.0,-1.0,0.09645589192708333,0.8230455926478781,0.4190622965494792,0.4093520372489033,0.4190622965494792
4401,146.7,1,1,1,0.0,-1.0,0.10226949055989583,0.8106566706488681,0.4278564453125,0.40042860590840657,0.4278564453125
4402,146.73333333333332,1,1,1,0.0,-1.0,0.10818990071614583,0.7959168762830144,0.4522043863932292,0.37568861931024305,0.4522043863932292
4403,146.76666666666668,1,1,1,0.0,-1.0,0.11366780598958333,0.7793697953564,0.4885762532552083,0.33979908198673053,0.4885762532552083
4404,146.8,1,1,1,0.0,-1.0,0.11258951822916667,0.7719662281796948,0.5332387288411459,0.29797809336962783,0.5332387288411459
4405,146.83333333333334,1,1,1,0.0,-1.0,0.09371439615885417,0.7995593392351108,0.56036376953125,0.27396697601992714,0.56036376953125
4406,146.86666666666667,1,1,1,0.0,-1.0,0.07073974609375,0.8432012405497529,0.5864359537760416,0.25300660326630053,0.5864359537760416
4407,146.9,1,1,1,0.0,-1.0,0.057657877604166664,0.8716887470848103,0.6075592041015625,0.23740860401602792,0.6075592041015625
4408,146.93333333333334,1,1,1,0.0,-1.0,0.052118937174479164,0.8858143989747762,0.6234639485677084,0.22643533115035952,0.6234639485677084
4409,146.96666666666667,1,1,1,0.0,-1.0,0.049530029296875,0.8935075927906669,0.63763427734375,0.21676466327443938,0.63763427734375
4410,147.0,1,1,1,0.0,-1.0,0.048039754231770836,0.89832578886084,0.6481577555338541,0.2097073710850345,0.6481577555338541
4411,147.03333333333333,1,1,1,0.0,-1.0,0.048187255859375,0.8994620677177931,0.6523488362630209,0.207198890711163,0.6523488362630209
4412,147.06666666666666,1,1,1,0.0,-1.0,0.047220865885416664,0.9026217873418225,0.6534322102864584,0.2069180216530439,0.6534322102864584
4413,147.1,1,1,1,0.0,-1.0,0.045445760091145836,0.9072323739685497,0.65081787109375,0.20931405904244355,0.65081787109375
4414,147.13333333333333,1,1,1,0.0,-1.0,0.042938232421875,0.913435707349534,0.6522369384765625,0.20905331857478238,0.6522369384765625
4415,147.16666666666666,1,1,1,0.0,-1.0,0.0493927001953125,0.9024748054402645,0.6517791748046875,0.20985028450184437,0.6517791748046875
4416,147.2,1,1,1,0.0,-1.0,0.036249796549479164,0.9279860090396237,0.655670166015625,0.2071014627373845,0.655670166015625
4417,147.23333333333332,1,1,1,0.0,-1.0,0.0704498291015625,0.8637676685686392,0.6683502197265625,0.19665879844644055,0.6683502197265625
4418,147.26666666666668,1,1,1,0.0,-1.0,0.10528564453125,0.7955473890422973,0.6597035725911459,0.1981558351458686,0.6597035725911459
4419,147.3,1,1,1,0.0,-1.0,0.09897867838541667,0.7891146767833829,0.6104990641276041,0.2266385580998022,0.6104990641276041
4420,147.33333333333334,1,1,1,0.0,-1.0,0.11905415852864583,0.7094487266130838,0.540771484375,0.2655762006064392,0.540771484375
4421,147.36666666666667,1,1,1,0.0,-1.0,0.08243306477864583,0.7197300475029897,0.5093282063802084,0.2766170961286014,0.5093282063802084
4422,147.4,1,1,1,0.0,-1.0,0.0256195068359375,0.8736545337923552,0.5004984537760416,0.2806790576559645,0.5004984537760416
4423,147.43333333333334,1,1,1,0.0,-1.0,0.02142333984375,0.8878988352875321,0.4938863118489583,0.2833845022717335,0.4938863118489583
4424,147.46666666666667,1,1,1,0.0,-1.0,0.019907633463541668,0.8915309914968794,0.4896596272786458,0.2838087616964726,0.4896596272786458
4425,147.5,1,1,1,0.0,-1.0,0.017995198567708332,0.8965192763781541,0.4881795247395833,0.28133805826785996,0.4881795247395833
4426,147.53333333333333,1,1,1,0.0,-1.0,0.015553792317708334,0.9035922325708199,0.4873301188151042,0.27792559981752607,0.4873301188151042
4427,147.56666666666666,1,1,1,0.0,-1.0,0.013448079427083334,0.9079283782267592,0.4884084065755208,0.2723682266681345,0.4884084065755208
4428,147.6,1,1,1,0.0,-1.0,0.012517293294270834,0.9040758283346577,0.489013671875,0.26737035029763145,0.489013671875
4429,147.63333333333333,1,1,1,0.0,-1.0,0.011530558268229166,0.9009042274223606,0.4885762532552083,0.2636264768042643,0.4885762532552083
4430,147.66666666666666,1,1,1,0.0,-1.0,0.0092010498046875,0.9108374318639678,0.4858449300130208,0.2626802423322677,0.4858449300130208
4431,147.7,1,1,1,0.0,-1.0,0.005808512369791667,0.9376831096488918,0.4844309488932292,0.26151133101671076,0.4844309488932292
4432,147.73333333333332,1,1,1,0.0,-1.0,0.0029754638671875,0.9661924453823234,0.4811045328776042,0.2631212610094898,0.4811045328776042
4433,147.76666666666668,1,1,1,0.0,-1.0,0.0022226969401041665,0.9744548456732991,0.4776204427083333,0.26487018119885947,0.4776204427083333
4434,147.8,1,1,1,0.0,-1.0,0.001556396484375,0.9819604586796342,0.47442626953125,0.2665146855286621,0.47442626953125
4435,147.83333333333334,1,1,1,0.0,-1.0,0.00189208984375,0.9782610571637242,0.4714609781901042,0.2682259176677798,0.4714609781901042
4436,147.86666666666667,1,1,1,0.0,-1.0,0.003387451171875,0.9626547808086027,0.4693450927734375,0.26969691022491005,0.4693450927734375
4437,147.9,1,1,1,0.0,-1.0,0.005116780598958333,0.947159009968106,0.4694417317708333,0.27001063763251054,0.4694417317708333
4438,147.93333333333334,1,1,1,0.0,-1.0,0.006937662760416667,0.9340816000038745,0.4698893229166667,0.2706483591682166,0.4698893229166667
4439,147.96666666666667,1,1,1,0.0,-1.0,0.008636474609375,0.9254939776303335,0.4714152018229167,0.2709273276382946,0.4714152018229167
4440,148.0,1,1,1,0.0,-1.0,0.010772705078125,0.9167633821311797,0.4731953938802083,0.2718497496379675,0.4731953938802083
4441,148.03333333333333,1,1,1,0.0,-1.0,0.0130157470703125,0.9105486046688573,0.4773610432942708,0.2715418921728602,0.4773610432942708
4442,148.06666666666666,1,1,1,0.0,-1.0,0.0157470703125,0.9043345861921711,0.4807535807291667,0.2725819813787875,0.4807535807291667
4443,148.1,1,1,1,0.0,-1.0,0.01812744140625,0.9019797042183759,0.4842580159505208,0.27365751670560423,0.4842580159505208
4444,148.13333333333333,1,1,1,0.0,-1.0,0.017339070638020832,0.9142963841882594,0.4883066813151042,0.2739034762120957,0.4883066813151042
4445,148.16666666666666,1,1,1,0.0,-1.0,0.0151214599609375,0.9301259239576751,0.492218017578125,0.2735215391860701,0.492218017578125
4446,148.2,1,1,1,0.0,-1.0,0.0123291015625,0.9457509844615066,0.4950917561848958,0.2733217475575588,0.4950917561848958
4447,148.23333333333332,1,1,1,0.0,-1.0,0.007960001627604166,0.9658438261961736,0.4964345296223958,0.2729804315464777,0.4964345296223958
4448,148.26666666666668,1,1,1,0.0,-1.0,0.004826863606770833,0.9794836930505102,0.4963480631510417,0.27289840199857324,0.4963480631510417
4449,148.3,1,1,1,0.0,-1.0,0.005884806315104167,0.9752603831423896,0.4946339925130208,0.27360197381004986,0.4946339925130208
4450,148.33333333333334,1,1,1,0.0,-1.0,0.006739298502604167,0.9717560705822188,0.4912974039713542,0.27510482132117564,0.4912974039713542
4451,148.36666666666667,1,1,1,0.0,-1.0,0.008275349934895834,0.9653409330924627,0.4875844319661458,0.2768001305621038,0.4875844319661458
4452,148.4,1,1,1,0.0,-1.0,0.01104736328125,0.9539801817160158,0.4832814534505208,0.27883832356403687,0.4832814534505208
4453,148.43333333333334,1,1,1,0.0,-1.0,0.0127105712890625,0.9470363733983922,0.4788920084635417,0.2809818666357943,0.4788920084635417
4454,148.46666666666667,1,1,1,0.0,-1.0,0.01324462890625,0.9444513091641039,0.4748636881510417,0.2827440662023321,0.4748636881510417
4455,148.5,1,1,1,0.0,-1.0,0.0137176513671875,0.9421044871642283,0.4711354573567708,0.2845308856306617,0.4711354573567708
4456,148.53333333333333,1,1,1,0.0,-1.0,0.013600667317708334,0.9422511620359101,0.4667409261067708,0.2872193628529381,0.4667409261067708
4457,148.56666666666666,1,1,1,0.0,-1.0,0.0132598876953125,0.9434663251704951,0.462890625,0.28975745890391835,0.462890625
4458,148.6,1,1,1,0.0,-1.0,0.012883504231770834,0.9449926989570305,0.4602610270182292,0.29128389207886773,0.4602610270182292
4459,148.63333333333333,1,1,1,0.0,-1.0,0.012786865234375,0.9454826006163342,0.4580637613932292,0.29249458343193446,0.4580637613932292
4460,148.66666666666666,1,1,1,0.0,-1.0,0.012705485026041666,0.9460566712491255,0.4548848470052083,0.2945450637951638,0.4548848470052083
4461,148.7,1,1,1,0.0,-1.0,0.012751261393229166,0.9460279503074671,0.4511057535807292,0.29716694675009375,0.4511057535807292
4462,148.73333333333332,1,1,1,0.0,-1.0,0.01220703125,0.9484745170842835,0.4479115804036458,0.2992315152230954,0.4479115804036458
4463,148.76666666666668,1,1,1,0.0,-1.0,0.012318929036458334,0.9481572305534763,0.4448089599609375,0.30123471776482363,0.4448089599609375
4464,148.8,1,1,1,0.0,-1.0,0.012273152669270834,0.9485083533875741,0.4415690104166667,0.30347550174411275,0.4415690104166667
4465,148.83333333333334,1,1,1,0.0,-1.0,0.011871337890625,0.9503174206850591,0.4382527669270833,0.30594618502539117,0.4382527669270833
4466,148.86666666666667,1,1,1,0.0,-1.0,0.012074788411458334,0.9495440112417703,0.4353688557942708,0.3080112490111634,0.4353688557942708
4467,148.9,1,1,1,0.0,-1.0,0.0111846923828125,0.9531570809742296,0.433135986328125,0.30940610909223293,0.433135986328125
4468,148.93333333333334,1,1,1,0.0,-1.0,0.009938557942708334,0.9583059677149748,0.4317677815755208,0.3105894976160235,0.4317677815755208
4469,148.96666666666667,1,1,1,0.0,-1.0,0.0093536376953125,0.960776883049286,0.42962646484375,0.3121521432364516,0.42962646484375
4470,149.0,1,1,1,0.0,-1.0,0.008575439453125,0.9639093191529674,0.427703857421875,0.3136902980156412,0.427703857421875
4471,149.03333333333333,1,1,1,0.0,-1.0,0.007532755533854167,0.9681355071324722,0.4257151285807292,0.3152687030258493,0.4257151285807292
4472,149.06666666666666,1,1,1,0.0,-1.0,0.006779988606770833,0.9710205655272569,0.4239705403645833,0.3162805899309062,0.4239705403645833
4473,149.1,1,1,1,0.0,-1.0,0.0066986083984375,0.9709575424846575,0.4227294921875,0.31652358712374157,0.4227294921875
4474,149.13333333333333,1,1,1,0.0,-1.0,0.009302775065104166,0.9593761427700336,0.4225362141927083,0.31566316789362653,0.4225362141927083
4475,149.16666666666666,1,1,1,0.0,-1.0,0.011322021484375,0.9501930752628851,0.4227345784505208,0.31430436917022386,0.4227345784505208
4476,149.2,1,1,1,0.0,-1.0,0.011566162109375,0.9486442520444621,0.42169189453125,0.31439589504791443,0.42169189453125
4477,149.23333333333332,1,1,1,0.0,-1.0,0.013539632161458334,0.9405634122383322,0.4215850830078125,0.31470373056246853,0.4215850830078125
4478,149.26666666666668,1,1,1,0.0,-1.0,0.015803019205729168,0.9327052833478766,0.4195404052734375,0.317149926974063,0.4195404052734375
4479,149.3,1,1,1,0.0,-1.0,0.017450968424479168,0.92822741280014,0.4182993570963542,0.3191329007655244,0.4182993570963542
4480,149.33333333333334,1,1,1,0.0,-1.0,0.0201416015625,0.9210053441360859,0.417816162109375,0.32123611207382147,0.417816162109375
4481,149.36666666666667,1,1,1,0.0,-1.0,0.027923583984375,0.897730369015862,0.4213918050130208,0.32014512362530495,0.4213918050130208
4482,149.4,1,1,1,0.0,-1.0,0.040842692057291664,0.8614321950456161,0.4304300944010417,0.3131110412138583,0.4304300944010417
4483,149.43333333333334,1,1,1,0.0,-1.0,0.050877888997395836,0.8313324491941734,0.4308522542317708,0.3080838347397394,0.4308522542317708
4484,149.46666666666667,1,1,1,0.0,-1.0,0.044947306315104164,0.8409312793902481,0.4260762532552083,0.30660648010108604,0.4260762532552083
4485,149.5,1,1,1,0.0,-1.0,0.0426788330078125,0.8402312450974562,0.4233500162760417,0.3059136855067348,0.4233500162760417
4486,149.53333333333333,1,1,1,0.0,-1.0,0.0459442138671875,0.8335944495880274,0.4350433349609375,0.3007499857512441,0.4350433349609375
4487,149.56666666666666,1,1,1,0.0,-1.0,0.043406168619791664,0.8516799887792421,0.4450174967447917,0.2959500002800795,0.4450174967447917
4488,149.6,1,1,1,0.0,-1.0,0.041290283203125,0.8615282901294296,0.4491984049479167,0.2920894428804295,0.4491984049479167
4489,149.63333333333333,1,1,1,0.0,-1.0,0.044642130533854164,0.8522146485545024,0.45050048828125,0.2918633043467981,0.45050048828125
4490,149.66666666666666,1,1,1,0.0,-1.0,0.0409393310546875,0.862169358697982,0.4428151448567708,0.2972918327835566,0.4428151448567708
4491,149.7,1,1,1,0.0,-1.0,0.042627970377604164,0.854924224481184,0.4372507731119792,0.3016709531720088,0.4372507731119792
4492,149.73333333333332,1,1,1,0.0,-1.0,0.042805989583333336,0.8572234270459418,0.4466400146484375,0.2972018173158099,0.4466400146484375
4493,149.76666666666668,1,1,1,0.0,-1.0,0.040995279947916664,0.8690531176356631,0.4518330891927083,0.2964499508459857,0.4518330891927083
4494,149.8,1,1,1,0.0,-1.0,0.046091715494791664,0.8596440649778,0.45599365234375,0.29565352757684094,0.45599365234375
4495,149.83333333333334,1,1,1,0.0,-1.0,0.0487060546875,0.8552470947906761,0.4554290771484375,0.2973846688411386,0.4554290771484375
4496,149.86666666666667,1,1,1,0.0,-1.0,0.056060791015625,0.8379943213210959,0.4553731282552083,0.2999270956857261,0.4553731282552083
4497,149.9,1,1,1,0.0,-1.0,0.053822835286458336,0.8477315388627682,0.4576059977213542,0.3019545170610271,0.4576059977213542
4498,149.93333333333334,1,1,1,0.0,-1.0,0.049463907877604164,0.8636994477473791,0.4628651936848958,0.3014456451807742,0.4628651936848958
4499,149.96666666666667,1,1,1,0.0,-1.0,0.0468902587890625,0.8726531854341804,0.4644266764322917,0.3012969365070391,0.4644266764322917
4500,150.0,1,1,1,0.0,-1.0,0.037684122721354164,0.8945577716271332,0.4621632893880208,0.30101229967957266,0.4621632893880208
4501,150.03333333333333,1,1,1,0.0,-1.0,0.028193155924479168,0.9168959215777508,0.4619954427083333,0.2984216415785258,0.4619954427083333
4502,150.06666666666666,1,1,1,0.0,-1.0,0.026158650716145832,0.9198206425130206,0.4665273030598958,0.29181741677276163,0.4665273030598958
4503,150.1,1,1,1,0.0,-1.0,0.028635660807291668,0.9094966654926149,0.4655965169270833,0.29006425719710294,0.4655965169270833
4504,150.13333333333333,1,1,1,0.0,-1.0,0.0217742919921875,0.9271959734843634,0.463653564453125,0.28888718246793815,0.463653564453125
4505,150.16666666666666,1,1,1,0.0,-1.0,0.0197296142578125,0.9310461730016312,0.4607645670572917,0.28941249225581656,0.4607645670572917
4506,150.2,1,1,1,0.0,-1.0,0.016754150390625,0.9395039833571432,0.4610748291015625,0.2884622986723038,0.4610748291015625
4507,150.23333333333332,1,1,1,0.0,-1.0,0.018402099609375,0.9330469613574011,0.4621734619140625,0.2874466231798121,0.4621734619140625
4508,150.26666666666668,1,1,1,0.0,-1.0,0.0153656005859375,0.9434247552051014,0.4620463053385417,0.2875217807400404,0.4620463053385417
4509,150.3,1,1,1,0.0,-1.0,0.0145721435546875,0.946196660713809,0.4627126057942708,0.28731987857179986,0.4627126057942708
4510,150.33333333333334,1,1,1,0.0,-1.0,0.012914021809895834,0.9525385074272269,0.4649658203125,0.28621738543226016,0.4649658203125
4511,150.36666666666667,1,1,1,0.0,-1.0,0.015350341796875,0.9451378218527409,0.4691263834635417,0.28446070152845215,0.4691263834635417
4512,150.4,1,1,1,0.0,-1.0,0.015625,0.9460057849496105,0.4746042887369792,0.28208424610236305,0.4746042887369792
4513,150.43333333333334,1,1,1,0.0,-1.0,0.0171661376953125,0.9429714156285548,0.4814198811848958,0.27864426306269,0.4814198811848958
4514,150.46666666666667,1,1,1,0.0,-1.0,0.02020263671875,0.9355836432091256,0.4874827067057292,0.2759088734090425,0.4874827067057292
4515,150.5,1,1,1,0.0,-1.0,0.021428426106770832,0.9341945787321411,0.4931894938151042,0.2739236899291918,0.4931894938151042
4516,150.53333333333333,1,1,1,0.0,-1.0,0.0233001708984375,0.9322335314727079,0.5014546712239584,0.272185296792471,0.5014546712239584
4517,150.56666666666666,1,1,1,0.0,-1.0,0.0253753662109375,0.9304063774388159,0.506591796875,0.27218997561371283,0.506591796875
4518,150.6,1,1,1,0.0,-1.0,0.0229644775390625,0.9391374152566393,0.5080668131510416,0.2734846512158024,0.5080668131510416
4519,150.63333333333333,1,1,1,0.0,-1.0,0.023228963216145832,0.9398520804982887,0.5091196695963541,0.2741441897331946,0.5091196695963541
4520,150.66666666666666,1,1,1,0.0,-1.0,0.025202433268229168,0.9360958759047735,0.51068115234375,0.27412407359643404,0.51068115234375
4521,150.7,1,1,1,0.0,-1.0,0.0232086181640625,0.9416095238842541,0.5120340983072916,0.273079783706645,0.5120340983072916
4522,150.73333333333332,1,1,1,0.0,-1.0,0.021443684895833332,0.945707562560435,0.5088297526041666,0.2739670007053849,0.5088297526041666
4523,150.76666666666668,1,1,1,0.0,-1.0,0.017145792643229168,0.9558904055099099,0.5081024169921875,0.27353751369808676,0.5081024169921875
4524,150.8,1,1,1,0.0,-1.0,0.015248616536458334,0.9606556863945699,0.5070851643880209,0.2746306072683916,0.5070851643880209
4525,150.83333333333334,1,1,1,0.0,-1.0,0.010655721028645834,0.9723147426677469,0.5028737386067709,0.27756177484634886,0.5028737386067709
4526,150.86666666666667,1,1,1,0.0,-1.0,0.006718953450520833,0.9823671980306726,0.5004933675130209,0.27923066681121433,0.5004933675130209
4527,150.9,1,1,1,0.0,-1.0,0.0055389404296875,0.9853980585640589,0.4991353352864583,0.2802673317777886,0.4991353352864583
4528,150.93333333333334,1,1,1,0.0,-1.0,0.0047454833984375,0.9874591026067299,0.4984079996744792,0.28092092128075885,0.4984079996744792
4529,150.96666666666667,1,1,1,0.0,-1.0,0.005152384440104167,0.9863981656263705,0.4987945556640625,0.28102522565013366,0.4987945556640625
4530,151.0,1,1,1,0.0,-1.0,0.005228678385416667,0.9862368258221188,0.4999440511067708,0.28069842659696687,0.4999440511067708
4531,151.03333333333333,1,1,1,0.0,-1.0,0.005269368489583333,0.986183311580667,0.5007578531901041,0.2807230715162066,0.5007578531901041
4532,151.06666666666666,1,1,1,0.0,-1.0,0.0061492919921875,0.983961311985936,0.5018310546875,0.28052587395963835,0.5018310546875
4533,151.1,1,1,1,0.0,-1.0,0.006642659505208333,0.9827497553423913,0.5026652018229166,0.28048510731292553,0.5026652018229166
4534,151.13333333333333,1,1,1,0.0,-1.0,0.0066375732421875,0.982817354612824,0.5035298665364584,0.2803628997517512,0.5035298665364584
4535,151.16666666666666,1,1,1,0.0,-1.0,0.006418863932291667,0.9834359547068829,0.5043589274088541,0.2803155960625724,0.5043589274088541
4536,151.2,1,1,1,0.0,-1.0,0.0075836181640625,0.9805242732965698,0.5046234130859375,0.28045375310052867,0.5046234130859375
4537,151.23333333333332,1,1,1,0.0,-1.0,0.007904052734375,0.97975545961816,0.5051320393880209,0.280340821140884,0.5051320393880209
4538,151.26666666666668,1,1,1,0.0,-1.0,0.008397420247395834,0.978558784849505,0.5058797200520834,0.27987558884327535,0.5058797200520834
4539,151.3,1,1,1,0.0,-1.0,0.0090789794921875,0.9768957369546822,0.5068206787109375,0.2790688402682527,0.5068206787109375
4540,151.33333333333334,1,1,1,0.0,-1.0,0.0094146728515625,0.9760980708925262,0.5066630045572916,0.2789623215466525,0.5066630045572916
4541,151.36666666666667,1,1,1,0.0,-1.0,0.009979248046875,0.9747096024787492,0.5062967936197916,0.27896030931542243,0.5062967936197916
4542,151.4,1,1,1,0.0,-1.0,0.010416666666666666,0.9736420206273206,0.5057932535807291,0.27902972868863635,0.5057932535807291
4543,151.43333333333334,1,1,1,0.0,-1.0,0.020151774088541668,0.9498272409381774,0.5068562825520834,0.2779771170051189,0.5068562825520834
4544,151.46666666666667,1,1,1,0.0,-1.0,0.046483357747395836,0.8881924143667095,0.5038197835286459,0.2791512996448755,0.5038197835286459
4545,151.5,1,1,1,0.0,-1.0,0.06577046712239583,0.8469326538478129,0.5060272216796875,0.2798690209098248,0.5060272216796875
4546,151.53333333333333,1,1,1,0.0,-1.0,0.055170694986979164,0.8727331878307294,0.5116526285807291,0.2785396036372046,0.5116526285807291
4547,151.56666666666666,1,1,1,0.0,-1.0,0.037892659505208336,0.9125780612132477,0.5107930501302084,0.28224240050108806,0.5107930501302084
4548,151.6,1,1,1,0.0,-1.0,0.0656585693359375,0.8574402914924273,0.5113881429036459,0.28605862850010366,0.5113881429036459
4549,151.63333333333333,1,1,1,0.0,-1.0,0.0706329345703125,0.8498611616606125,0.50067138671875,0.29634714000268614,0.50067138671875
4550,151.66666666666666,1,1,1,0.0,-1.0,0.06268819173177083,0.8662890869462891,0.493621826171875,0.3041227894474874,0.493621826171875
4551,151.7,1,1,1,0.0,-1.0,0.049326578776041664,0.8931086669462811,0.4873911539713542,0.3087334391344779,0.4873911539713542
4552,151.73333333333332,1,1,1,0.0,-1.0,0.032251993815104164,0.9283016860578847,0.4825185139973958,0.31327447509006784,0.4825185139973958
4553,151.76666666666668,1,1,1,0.0,-1.0,0.037068684895833336,0.9180051613560716,0.4783732096354167,0.31689857556740364,0.4783732096354167
4554,151.8,1,1,1,0.0,-1.0,0.036895751953125,0.9178964443994998,0.4813741048177083,0.3131276359548892,0.4813741048177083
4555,151.83333333333334,1,1,1,0.0,-1.0,0.036061604817708336,0.9185200611872628,0.4813385009765625,0.31056328654026744,0.4813385009765625
4556,151.86666666666667,1,1,1,0.0,-1.0,0.023396809895833332,0.9454011287424203,0.4787394205729167,0.3120236560739085,0.4787394205729167
4557,151.9,1,1,1,0.0,-1.0,0.016611735026041668,0.9607033827672538,0.4789988199869792,0.31230798384756825,0.4789988199869792
4558,151.93333333333334,1,1,1,0.0,-1.0,0.0160064697265625,0.9622493058607606,0.4806620279947917,0.3120746495309544,0.4806620279947917
4559,151.96666666666667,1,1,1,0.0,-1.0,0.014414469401041666,0.9660612176064061,0.48248291015625,0.31117532873455,0.48248291015625
4560,152.0,1,1,1,0.0,-1.0,0.010645548502604166,0.9748445941616417,0.4844258626302083,0.310107386252619,0.4844258626302083
4561,152.03333333333333,1,1,1,0.0,-1.0,0.010640462239583334,0.9748362980845693,0.4864400227864583,0.30862931473375205,0.4864400227864583
4562,152.06666666666666,1,1,1,0.0,-1.0,0.010080973307291666,0.9760535133631874,0.4888559977213542,0.30649234640720535,0.4888559977213542
4563,152.1,1,1,1,0.0,-1.0,0.0102386474609375,0.9755627646242432,0.4884440104166667,0.30667294815987334,0.4884440104166667
4564,152.13333333333333,1,1,1,0.0,-1.0,0.015416463216145834,0.9634090209772939,0.4910634358723958,0.30506984279722016,0.4910634358723958
4565,152.16666666666666,1,1,1,0.0,-1.0,0.12009175618489583,0.7570383646720482,0.5079549153645834,0.2974166787129528,0.5079549153645834
4566,152.2,1,1,1,0.0,-1.0,0.2649586995442708,0.5471521666250956,0.4462839762369792,0.3548380908919885,0.4462839762369792
4567,152.23333333333332,1,1,1,0.0,-1.0,0.2929840087890625,0.47127729539120766,0.3192952473958333,0.4532494406749687,0.3192952473958333
4568,152.26666666666668,1,1,1,0.0,-1.0,0.182861328125,0.4085693359375,0.3698577880859375,0.31507110595703125,0.3698577880859375
4569,152.3,1,1,1,0.0,-1.0,0.0,1.0,0.3695068359375,0.31524658203125,0.3695068359375
4570,152.33333333333334,1,1,1,0.0,-1.0,0.0,1.0,0.3689117431640625,0.31554412841796875,0.3689117431640625
4571,152.36666666666667,1,1,1,0.0,-1.0,0.0,1.0,0.3681386311848958,0.31593068440755206,0.3681386311848958
4572,152.4,1,1,1,0.0,-1.0,0.0,1.0,0.3675333658854167,0.3162333170572917,0.3675333658854167
4573,152.43333333333334,1,1,1,0.0,-1.0,0.0,1.0,0.3670196533203125,0.31649017333984375,0.3670196533203125
4574,152.46666666666667,1,1,1,0.0,-1.0,0.13491312662760416,0.43254343668619794,0.3717549641927083,0.3755915973470575,0.3717549641927083
4575,152.5,1,1,1,0.0,-1.0,0.2836151123046875,0.4711114464222088,0.4775746663411458,0.3281101858775436,0.4775746663411458
4576,152.53333333333333,1,1,1,0.0,-1.0,0.3519490559895833,0.44331816399796276,0.5306752522786459,0.2746291160509078,0.5306752522786459
4577,152.56666666666666,1,1,1,0.0,-1.0,0.14752197265625,0.7048686391214958,0.5189056396484375,0.27695130848434457,0.5189056396484375
4578,152.6,1,1,1,0.0,-1.0,0.008371988932291666,0.9791638125696835,0.5152130126953125,0.2783857710987173,0.5152130126953125
4579,152.63333333333333,1,1,1,0.0,-1.0,0.0029296875,0.9925784078885416,0.514434814453125,0.2788513547429221,0.514434814453125
4580,152.66666666666666,1,1,1,0.0,-1.0,0.0031941731770833335,0.9919033129699355,0.513397216796875,0.2794018001866491,0.513397216796875
4581,152.7,1,1,1,0.0,-1.0,0.0037384033203125,0.9905248812960481,0.5121561686197916,0.2800761358206021,0.5121561686197916
4582,152.73333333333332,1,1,1,0.0,-1.0,0.0036671956380208335,0.9907010137828326,0.510589599609375,0.28090764649752314,0.510589599609375
4583,152.76666666666668,1,1,1,0.0,-1.0,0.0036468505859375,0.9907435765999291,0.5090789794921875,0.2817310504850068,0.5090789794921875
4584,152.8,1,1,1,0.0,-1.0,0.004023234049479167,0.989784749866155,0.5077972412109375,0.28238536334777814,0.5077972412109375
4585,152.83333333333334,1,1,1,0.0,-1.0,0.0038401285807291665,0.9902367125436644,0.5063680013020834,0.28319233455380033,0.5063680013020834
4586,152.86666666666667,1,1,1,0.0,-1.0,0.0038859049479166665,0.9901109674985005,0.505218505859375,0.2839174666735086,0.505218505859375
4587,152.9,1,1,1,0.0,-1.0,0.0035349527994791665,0.9909875922186642,0.5044199625651041,0.2844678791321515,0.5044199625651041
4588,152.93333333333334,1,1,1,0.0,-1.0,0.0033467610677083335,0.991454055837951,0.5036977132161459,0.2850306716697137,0.5036977132161459
4589,152.96666666666667,1,1,1,0.0,-1.0,0.0027008056640625,0.9930948323472446,0.5031992594401041,0.28556271514323694,0.5031992594401041
4590,153.0,1,1,1,0.0,-1.0,0.0027567545572916665,0.9929608474214153,0.5035502115885416,0.2857038853494898,0.5035502115885416
4591,153.03333333333333,1,1,1,0.0,-1.0,0.09593709309895833,0.7924137491751806,0.5180918375651041,0.28125665568704666,0.5180918375651041
4592,153.06666666666666,1,1,1,0.0,-1.0,0.296966552734375,0.5038965069033843,0.4404347737630208,0.36060240787736664,0.4404347737630208
4593,153.1,1,1,1,0.0,-1.0,0.2913970947265625,0.4794741652709133,0.3125152587890625,0.4600364714736134,0.3125152587890625
4594,153.13333333333333,1,1,1,0.0,-1.0,0.18950907389322916,0.40524546305338544,0.3593037923177083,0.3203481038411458,0.3593037923177083
4595,153.16666666666666,1,1,1,0.0,-1.0,0.0,1.0,0.3588765462239583,0.3205617268880208,0.3588765462239583
4596,153.2,1,1,1,0.0,-1.0,0.0,1.0,0.3581797281901042,0.32091013590494794,0.3581797281901042
4597,153.23333333333332,1,1,1,0.0,-1.0,0.0,1.0,0.3570760091145833,0.3214619954427083,0.3570760091145833
4598,153.26666666666668,1,1,1,0.0,-1.0,0.0,1.0,0.3557637532552083,0.3221181233723958,0.3557637532552083
4599,153.3,1,1,1,0.0,-1.0,0.0,1.0,0.3540191650390625,0.32299041748046875,0.3540191650390625
4600,153.33333333333334,1,1,1,0.0,-1.0,0.1591644287109375,0.42041778564453125,0.376220703125,0.37431925294745727,0.376220703125
4601,153.36666666666667,1,1,1,0.0,-1.0,0.27984619140625,0.47980560036970465,0.4764556884765625,0.3230267244660803,0.4764556884765625
4602,153.4,1,1,1,0.0,-1.0,0.319610595703125,0.47410821988913404,0.5053507486979166,0.28968373817424087,0.5053507486979166
4603,153.43333333333334,1,1,1,0.0,-1.0,0.1304473876953125,0.7313512430557063,0.4966939290364583,0.2914139352112451,0.4966939290364583
4604,153.46666666666667,1,1,1,0.0,-1.0,0.018513997395833332,0.9540928712966856,0.4875946044921875,0.29461771882269,0.4875946044921875
4605,153.5,1,1,1,0.0,-1.0,0.0021921793619791665,0.994308522228857,0.4874064127604167,0.29467260079867674,0.4874064127604167
4606,153.53333333333333,1,1,1,0.0,-1.0,0.0024363199869791665,0.9936830656373691,0.4874521891276042,0.29461617691946435,0.4874521891276042
4607,153.56666666666666,1,1,1,0.0,-1.0,0.0025685628255208335,0.9933487390829201,0.4874776204427083,0.29462781199558474,0.4874776204427083
4608,153.6,1,1,1,0.0,-1.0,0.0024210611979166665,0.9937381051035219,0.4876454671223958,0.29457744252566054,0.4876454671223958
4609,153.63333333333333,1,1,1,0.0,-1.0,0.0032196044921875,0.9917026702800364,0.4881490071614583,0.29440929450269815,0.4881490071614583
4610,153.66666666666666,1,1,1,0.0,-1.0,0.0036265055338541665,0.9906951760794247,0.4895528157552083,0.2936217258022498,0.4895528157552083
4611,153.7,1,1,1,0.0,-1.0,0.004302978515625,0.9890197523100863,0.4907430013020833,0.29300897322124503,0.4907430013020833
4612,153.73333333333332,1,1,1,0.0,-1.0,0.0038859049479166665,0.9901219193181242,0.4916127522786458,0.29265922359065616,0.4916127522786458
4613,153.76666666666668,1,1,1,0.0,-1.0,0.0038197835286458335,0.990327206100143,0.4923655192057292,0.2923790823480441,0.4923655192057292
4614,153.8,1,1,1,0.0,-1.0,0.004180908203125,0.9894691235778352,0.4936777750651042,0.2918916084085295,0.4936777750651042
4615,153.83333333333334,1,1,1,0.0,-1.0,0.018651326497395832,0.9542337937289078,0.49346923828125,0.29246981810757167,0.49346923828125
4616,153.86666666666667,1,1,1,0.0,-1.0,0.018254597981770832,0.9552683667337403,0.4937998453776042,0.29254619018989897,0.4937998453776042
4617,153.9,1,1,1,0.0,-1.0,0.0195159912109375,0.9523642089128442,0.4955190022786458,0.2914421303073535,0.4955190022786458
4618,153.93333333333334,1,1,1,0.0,-1.0,0.040201822916666664,0.9064010563016451,0.4993540445963542,0.29250783738078634,0.4993540445963542
4619,153.96666666666667,1,1,1,0.0,-1.0,0.07917277018229167,0.8289715301282461,0.4915822347005208,0.3022514560798143,0.4915822347005208
4620,154.0,1,1,1,0.0,-1.0,0.1103363037109375,0.7760239020341361,0.4691060384114583,0.32825774942820946,0.4691060384114583
4621,154.03333333333333,1,1,1,0.0,-1.0,0.1213226318359375,0.7585962127033878,0.428924560546875,0.36434826641839035,0.428924560546875
4622,154.06666666666666,1,1,1,0.0,-1.0,0.102752685546875,0.7891433696665978,0.3828074137369792,0.4106500524500425,0.3828074137369792
4623,154.1,1,1,1,0.0,-1.0,0.0816650390625,0.8242483407314822,0.3447519938151042,0.44603272168555674,0.3447519938151042
4624,154.13333333333333,1,1,1,0.0,-1.0,0.034428914388020836,0.9167613128520731,0.329986572265625,0.4549085254808075,0.329986572265625
4625,154.16666666666666,1,1,1,0.0,-1.0,0.021845499674479168,0.9431190517290282,0.3226267496744792,0.45898197590613066,0.3226267496744792
4626,154.2,1,1,1,0.0,-1.0,0.0129547119140625,0.9650634843169521,0.324249267578125,0.4567545977470464,0.324249267578125
4627,154.23333333333332,1,1,1,0.0,-1.0,0.015223185221354166,0.959273410779317,0.32342529296875,0.45791539536359355,0.32342529296875
4628,154.26666666666668,1,1,1,0.0,-1.0,0.029108683268229168,0.9253122712997723,0.3228200276692708,0.4614347748672429,0.3228200276692708
4629,154.3,1,1,1,0.0,-1.0,0.11407470703125,0.7647397737967236,0.3375091552734375,0.46590924751605156,0.3375091552734375
4630,154.33333333333334,1,1,1,0.0,-1.0,0.068206787109375,0.8644295411746588,0.3544158935546875,0.45567445385064376,0.3544158935546875
4631,154.36666666666667,1,1,1,0.0,-1.0,0.0697784423828125,0.8668583453101599,0.3767903645833333,0.4392083291210196,0.3767903645833333
4632,154.4,1,1,1,0.0,-1.0,0.043940226236979164,0.9153365931798889,0.3856048583984375,0.4320029160834016,0.3856048583984375
4633,154.43333333333334,1,1,1,0.0,-1.0,0.028508504231770832,0.9444484926719912,0.3918406168619792,0.42674787530055763,0.3918406168619792
4634,154.46666666666667,1,1,1,0.0,-1.0,0.012171427408854166,0.9759148236923801,0.3902791341145833,0.4277479462404299,0.3902791341145833
4635,154.5,1,1,1,0.0,-1.0,0.008951822916666666,0.9822165004894639,0.3896382649739583,0.4277126304497981,0.3896382649739583
4636,154.53333333333333,1,1,1,0.0,-1.0,0.0089263916015625,0.9822501170960158,0.3896026611328125,0.4270455426346475,0.3896026611328125
4637,154.56666666666666,1,1,1,0.0,-1.0,0.008921305338541666,0.9822413540690988,0.3896840413411458,0.4262725117392539,0.3896840413411458
4638,154.6,1,1,1,0.0,-1.0,0.0091552734375,0.9817560770732734,0.3888142903645833,0.426445149618764,0.3888142903645833
4639,154.63333333333333,1,1,1,0.0,-1.0,0.009124755859375,0.9817917287165177,0.38775634765625,0.4267866014177065,0.38775634765625
4640,154.66666666666666,1,1,1,0.0,-1.0,0.008738199869791666,0.9825289241918274,0.3863627115885417,0.4274578237450377,0.3863627115885417
4641,154.7,1,1,1,0.0,-1.0,0.016423543294270832,0.9674406903537462,0.3891398111979167,0.42564137366680344,0.3891398111979167
4642,154.73333333333332,1,1,1,0.0,-1.0,0.01324462890625,0.9737233732515473,0.3893483479817708,0.4261128126849344,0.3893483479817708
4643,154.76666666666668,1,1,1,0.0,-1.0,0.015828450520833332,0.9687352916637757,0.3910929361979167,0.4252735483306209,0.3910929361979167
4644,154.8,1,1,1,0.0,-1.0,0.013544718424479166,0.9732258934986084,0.3922475179036458,0.4248745214107531,0.3922475179036458
4645,154.83333333333334,1,1,1,0.0,-1.0,0.015711466471354168,0.9690433887738162,0.3946380615234375,0.42343499606921464,0.3946380615234375
4646,154.86666666666667,1,1,1,0.0,-1.0,0.012105305989583334,0.976076837737496,0.3951670328776042,0.42352365088132804,0.3951670328776042
4647,154.9,1,1,1,0.0,-1.0,0.010218302408854166,0.9797700843515229,0.3969980875651042,0.4221486677452576,0.3969980875651042
4648,154.93333333333334,1,1,1,0.0,-1.0,0.012334187825520834,0.9756286290715529,0.3996938069661458,0.4200620342206381,0.3996938069661458
4649,154.96666666666667,1,1,1,0.0,-1.0,0.009877522786458334,0.9804270593167135,0.4020233154296875,0.4182562653525471,0.4020233154296875
4650,155.0,1,1,1,0.0,-1.0,0.004170735677083333,0.9916851215333088,0.4027252197265625,0.41774128719175074,0.4027252197265625
4651,155.03333333333333,1,1,1,0.0,-1.0,0.021820068359375,0.9572056835273568,0.4059193929036458,0.4157316262591919,0.4059193929036458
4652,155.06666666666666,1,1,1,0.0,-1.0,0.017293294270833332,0.9658401489352693,0.409454345703125,0.4131298859993814,0.409454345703125
4653,155.1,1,1,1,0.0,-1.0,0.020477294921875,0.9595284572669479,0.4150848388671875,0.40843741371293363,0.4150848388671875
4654,155.13333333333333,1,1,1,0.0,-1.0,0.017512003580729168,0.9651169217684792,0.4205525716145833,0.40379674242386604,0.4205525716145833
4655,155.16666666666666,1,1,1,0.0,-1.0,0.0195159912109375,0.9609612878660349,0.4260101318359375,0.399230474431068,0.4260101318359375
4656,155.2,1,1,1,0.0,-1.0,0.0196685791015625,0.9603488579803914,0.4338531494140625,0.39230647430213106,0.4338531494140625
4657,155.23333333333332,1,1,1,0.0,-1.0,0.0178985595703125,0.9635312139810708,0.4391835530598958,0.3877070111601165,0.4391835530598958
4658,155.26666666666668,1,1,1,0.0,-1.0,0.0209197998046875,0.95708230161893,0.4465840657552083,0.3811607006685798,0.4465840657552083
4659,155.3,1,1,1,0.0,-1.0,0.017954508463541668,0.9626087360078147,0.4525807698567708,0.37587101068095263,0.4525807698567708
4660,155.33333333333334,1,1,1,0.0,-1.0,0.0164642333984375,0.9652467684072691,0.4587758382161458,0.3703288242523626,0.4587758382161458
4661,155.36666666666667,1,1,1,0.0,-1.0,0.015497843424479166,0.9672100116517466,0.4562225341796875,0.37242897245314255,0.4562225341796875
4662,155.4,1,1,1,0.0,-1.0,0.023996988932291668,0.9502974532455399,0.447784423828125,0.3798423530319035,0.447784423828125
4663,155.43333333333334,1,1,1,0.0,-1.0,0.028203328450520832,0.9425424302446059,0.4435475667317708,0.38327827987705787,0.4435475667317708
4664,155.46666666666667,1,1,1,0.0,-1.0,0.031712849934895836,0.9361780136691796,0.4394582112630208,0.38669400111670266,0.4394582112630208
4665,155.5,1,1,1,0.0,-1.0,0.0373687744140625,0.9255772900901723,0.4362843831380208,0.3894806416227527,0.4362843831380208
4666,155.53333333333333,1,1,1,0.0,-1.0,0.044794718424479164,0.911739556120134,0.4331105550130208,0.392273272605311,0.4331105550130208
4667,155.56666666666666,1,1,1,0.0,-1.0,0.04876708984375,0.9044369405251709,0.4343719482421875,0.3910655566810655,0.4343719482421875
4668,155.6,1,1,1,0.0,-1.0,0.049875895182291664,0.9021873424109131,0.4413503011067708,0.3846273869912162,0.4413503011067708
4669,155.63333333333333,1,1,1,0.0,-1.0,0.0489654541015625,0.9036873308653433,0.44427490234375,0.3818646353736935,0.44427490234375
4670,155.66666666666666,1,1,1,0.0,-1.0,0.0679473876953125,0.8691165069928415,0.4523722330729167,0.37375628010278494,0.4523722330729167
4671,155.7,1,1,1,0.0,-1.0,0.0769195556640625,0.8537320944989453,0.4587249755859375,0.3672791330982187,0.4587249755859375
4672,155.73333333333332,1,1,1,0.0,-1.0,0.082672119140625,0.8442596162293042,0.4696044921875,0.35670985560359764,0.4696044921875
4673,155.76666666666668,1,1,1,0.0,-1.0,0.08896891276041667,0.8339419562680406,0.4855092366536458,0.3415448234822232,0.4855092366536458
4674,155.8,1,1,1,0.0,-1.0,0.0928192138671875,0.8281310254870552,0.496734619140625,0.33053089373209854,0.496734619140625
4675,155.83333333333334,1,1,1,0.0,-1.0,0.09710693359375,0.8217246580920938,0.5124359130859375,0.3154210884452856,0.5124359130859375
4676,155.86666666666667,1,1,1,0.0,-1.0,0.09063720703125,0.8332265209870705,0.523223876953125,0.304701779394664,0.523223876953125
4677,155.9,1,1,1,0.0,-1.0,0.0847930908203125,0.8434819006015057,0.5297088623046875,0.2979395311012714,0.5297088623046875
4678,155.93333333333334,1,1,1,0.0,-1.0,0.07964579264322917,0.8524157410359628,0.5298411051432291,0.29710837276630964,0.5298411051432291
4679,155.96666666666667,1,1,1,0.0,-1.0,0.078399658203125,0.8545899517816505,0.5251413981119791,0.30084569972308767,0.5251413981119791
4680,156.0,1,1,1,0.0,-1.0,0.0760955810546875,0.8585620550122235,0.5234324137369791,0.3026686085592217,0.5234324137369791
4681,156.03333333333333,1,1,1,0.0,-1.0,0.07480367024739583,0.8607607585365311,0.5228729248046875,0.30413918735716583,0.5228729248046875
4682,156.06666666666666,1,1,1,0.0,-1.0,0.06577046712239583,0.876467649563264,0.5207570393880209,0.3064239671899214,0.5207570393880209
4683,156.1,1,1,1,0.0,-1.0,0.059041341145833336,0.8883725021790685,0.5179189046223959,0.30904900338049623,0.5179189046223959
4684,156.13333333333333,1,1,1,0.0,-1.0,0.0532073974609375,0.898834343676168,0.5166778564453125,0.3101962274380615,0.5166778564453125
4685,156.16666666666666,1,1,1,0.0,-1.0,0.051981608072916664,0.9010592261854098,0.5113016764322916,0.31478839900479755,0.5113016764322916
4686,156.2,1,1,1,0.0,-1.0,0.053131103515625,0.8990028334907718,0.5046183268229166,0.3204604395135676,0.5046183268229166
4687,156.23333333333332,1,1,1,0.0,-1.0,0.055028279622395836,0.8956146787158586,0.4998677571614583,0.32438896273248585,0.4998677571614583
4688,156.26666666666668,1,1,1,0.0,-1.0,0.056640625,0.892748410088074,0.4986826578776042,0.32508622814429766,0.4986826578776042
4689,156.3,1,1,1,0.0,-1.0,0.059727986653645836,0.8872530238880663,0.4964243570963542,0.32680777210168094,0.4964243570963542
4690,156.33333333333334,1,1,1,0.0,-1.0,0.0628814697265625,0.8816634351749351,0.4923299153645833,0.33025970217691913,0.4923299153645833
4691,156.36666666666667,1,1,1,0.0,-1.0,0.0647125244140625,0.878427112016155,0.4894816080729167,0.33294299764773827,0.4894816080729167
4692,156.4,1,1,1,0.0,-1.0,0.06670125325520833,0.8749042047616571,0.4913533528645833,0.3317335733463234,0.4913533528645833
4693,156.43333333333334,1,1,1,0.0,-1.0,0.0677490234375,0.8729836441145917,0.4898630777994792,0.3340886341235877,0.4898630777994792
4694,156.46666666666667,1,1,1,0.0,-1.0,0.0692596435546875,0.8701282986062389,0.4905548095703125,0.3346093274215893,0.4905548095703125
4695,156.5,1,1,1,0.0,-1.0,0.070556640625,0.8674934131997812,0.4911346435546875,0.3352534303500213,0.4911346435546875
4696,156.53333333333333,1,1,1,0.0,-1.0,0.06955464680989583,0.8687449875058942,0.4911855061848958,0.33623377885002603,0.4911855061848958
4697,156.56666666666666,1,1,1,0.0,-1.0,0.06875101725260417,0.8695924412716989,0.4921722412109375,0.33619628487504305,0.4921722412109375
4698,156.6,1,1,1,0.0,-1.0,0.067169189453125,0.8717632451119443,0.4951934814453125,0.3342111976835844,0.4951934814453125
4699,156.63333333333333,1,1,1,0.0,-1.0,0.0653533935546875,0.8743467263308153,0.4977925618489583,0.33250676467338774,0.4977925618489583
4700,156.66666666666666,1,1,1,0.0,-1.0,0.06302388509114583,0.8778134856059772,0.5005696614583334,0.33059245133042126,0.5005696614583334
4701,156.7,1,1,1,0.0,-1.0,0.060384114583333336,0.8818267999011781,0.5053914388020834,0.3267792415285946,0.5053914388020834
4702,156.73333333333332,1,1,1,0.0,-1.0,0.056432088216145836,0.8883385852639594,0.5083567301432291,0.32455379027244535,0.5083567301432291
4703,156.76666666666668,1,1,1,0.0,-1.0,0.053273518880208336,0.8934535169494424,0.5119425455729166,0.3217072462974325,0.5119425455729166
4704,156.8,1,1,1,0.0,-1.0,0.048314412434895836,0.9021885116022548,0.5155080159505209,0.318842484179678,0.5155080159505209
4705,156.83333333333334,1,1,1,0.0,-1.0,0.044586181640625,0.9087123968749552,0.5187835693359375,0.316193228380653,0.5187835693359375
4706,156.86666666666667,1,1,1,0.0,-1.0,0.039337158203125,0.9184627877117792,0.5232594807942709,0.31248935044850557,0.5232594807942709
4707,156.9,1,1,1,0.0,-1.0,0.033574422200520836,0.9294598988247639,0.5241546630859375,0.31185393684341495,0.5241546630859375
4708,156.93333333333334,1,1,1,0.0,-1.0,0.0263519287109375,0.9438549264195555,0.524688720703125,0.3115063034380613,0.524688720703125
4709,156.96666666666667,1,1,1,0.0,-1.0,0.017725626627604168,0.9616511363805026,0.5258331298828125,0.31060205431106713,0.5258331298828125
4710,157.0,1,1,1,0.0,-1.0,0.009180704752604166,0.9798608712504356,0.5257771809895834,0.3106906392281793,0.5257771809895834
4711,157.03333333333333,1,1,1,0.0,-1.0,0.005330403645833333,0.9882430988554203,0.52496337890625,0.3114083985035595,0.52496337890625
4712,157.06666666666666,1,1,1,0.0,-1.0,0.0053253173828125,0.988253625943271,0.5239308675130209,0.3123125229363035,0.5239308675130209
4713,157.1,1,1,1,0.0,-1.0,0.005228678385416667,0.9884684761055874,0.5230662027994791,0.31306840060698715,0.5230662027994791
4714,157.13333333333333,1,1,1,0.0,-1.0,0.005208333333333333,0.9885186171065052,0.52239990234375,0.313647693627222,0.52239990234375
4715,157.16666666666666,1,1,1,0.0,-1.0,0.005121866861979167,0.9887152632210285,0.5219879150390625,0.31400086832716934,0.5219879150390625
4716,157.2,1,1,1,0.0,-1.0,0.005411783854166667,0.9880871082114819,0.5220082600911459,0.3139758897381992,0.5220082600911459
4717,157.23333333333332,1,1,1,0.0,-1.0,0.005335489908854167,0.9882594744421949,0.5222574869791666,0.31374772532775724,0.5222574869791666
4718,157.26666666666668,1,1,1,0.0,-1.0,0.005574544270833333,0.9877407571372896,0.5225575764973959,0.3134713130413992,0.5225575764973959
4719,157.3,1,1,1,0.0,-1.0,0.005315144856770833,0.9883111579344077,0.5227152506510416,0.3133161678874803,0.5227152506510416
4720,157.33333333333334,1,1,1,0.0,-1.0,0.005437215169270833,0.9880467743826977,0.5229746500651041,0.31307244284741576,0.5229746500651041
4721,157.36666666666667,1,1,1,0.0,-1.0,0.0054473876953125,0.9880267869231202,0.5234018961588541,0.3126841734689797,0.5234018961588541
4722,157.4,1,1,1,0.0,-1.0,0.0053558349609375,0.9882309350750913,0.5234883626302084,0.3125892514058941,0.5234883626302084
4723,157.43333333333334,1,1,1,0.0,-1.0,0.005284627278645833,0.98839159975649,0.5234934488932291,0.3125691626646133,0.5234934488932291
4724,157.46666666666667,1,1,1,0.0,-1.0,0.005452473958333333,0.9880288868859062,0.5233205159505209,0.3127042255187077,0.5233205159505209
4725,157.5,1,1,1,0.0,-1.0,0.0055084228515625,0.9879073996437282,0.5233154296875,0.3127029423833866,0.5233154296875
4726,157.53333333333333,1,1,1,0.0,-1.0,0.005732218424479167,0.9874186226138005,0.523193359375,0.3128050079317758,0.523193359375
4727,157.56666666666666,1,1,1,0.0,-1.0,0.0057525634765625,0.9873739309245434,0.5226949055989584,0.31323298664234195,0.5226949055989584
4728,157.6,1,1,1,0.0,-1.0,0.005777994791666667,0.9873162851985128,0.5224863688151041,0.3134133079409944,0.5224863688151041
4729,157.63333333333333,1,1,1,0.0,-1.0,0.005823771158854167,0.9872148798516364,0.5224863688151041,0.3134116347519116,0.5224863688151041
4730,157.66666666666666,1,1,1,0.0,-1.0,0.006352742513020833,0.9860659946840153,0.5225677490234375,0.313339911504499,0.5225677490234375
4731,157.7,1,1,1,0.0,-1.0,0.00634765625,0.9860719659603225,0.522613525390625,0.31330251790244146,0.522613525390625
4732,157.73333333333332,1,1,1,0.0,-1.0,0.007151285807291667,0.9843244072895159,0.52264404296875,0.31327752918184953,0.52264404296875
4733,157.76666666666668,1,1,1,0.0,-1.0,0.008214314778645834,0.9820172331435413,0.5226033528645834,0.3133215548791506,0.5226033528645834
4734,157.8,1,1,1,0.0,-1.0,0.009145100911458334,0.9799989139553557,0.5222930908203125,0.3136072837165008,0.5222930908203125
4735,157.83333333333334,1,1,1,0.0,-1.0,0.010258992513020834,0.9775934315929015,0.5213673909505209,0.3144256399395123,0.5213673909505209
4736,157.86666666666667,1,1,1,0.0,-1.0,0.011372884114583334,0.9751940078208243,0.5202840169270834,0.3153912336340974,0.5202840169270834
4737,157.9,1,1,1,0.0,-1.0,0.011967976888020834,0.9739128505753785,0.5192413330078125,0.31632103697076364,0.5192413330078125
4738,157.93333333333334,1,1,1,0.0,-1.0,0.012873331705729166,0.9719832640181172,0.5175425211588541,0.3178174145439636,0.5175425211588541
4739,157.96666666666667,1,1,1,0.0,-1.0,0.012613932291666666,0.9725547700651312,0.5156148274739584,0.31951493898316485,0.5156148274739584
4740,158.0,1,1,1,0.0,-1.0,0.0134124755859375,0.9708614718895008,0.5143076578776041,0.32067345935545155,0.5143076578776041
4741,158.03333333333333,1,1,1,0.0,-1.0,0.012969970703125,0.9718228068362607,0.5129954020182291,0.3218320644115221,0.5129954020182291
4742,158.06666666666666,1,1,1,0.0,-1.0,0.0124359130859375,0.9729757617581736,0.5124562581380209,0.32231000316834413,0.5124562581380209
4743,158.1,1,1,1,0.0,-1.0,0.011342366536458334,0.9753322333223868,0.5119781494140625,0.3227320857205037,0.5119781494140625
4744,158.13333333333333,1,1,1,0.0,-1.0,0.011322021484375,0.9753933985965576,0.5114542643229166,0.32318977773479673,0.5114542643229166
4745,158.16666666666666,1,1,1,0.0,-1.0,0.010553995768229166,0.977058811534273,0.511138916015625,0.3234639479762749,0.511138916015625
4746,158.2,1,1,1,0.0,-1.0,0.009953816731770834,0.97836176867958,0.5108540852864584,0.3237085635580811,0.5108540852864584
4747,158.23333333333332,1,1,1,0.0,-1.0,0.0089263916015625,0.9805814954694592,0.5110422770182291,0.3235338702112085,0.5110422770182291
4748,158.26666666666668,1,1,1,0.0,-1.0,0.008209228515625,0.9821403808457375,0.5110371907552084,0.3235238824604706,0.5110371907552084
4749,158.3,1,1,1,0.0,-1.0,0.007532755533854167,0.9836166384530258,0.5108235677083334,0.3236970258208891,0.5108235677083334
4750,158.33333333333334,1,1,1,0.0,-1.0,0.007512410481770833,0.9836777345258704,0.5109405517578125,0.3235832475679186,0.5109405517578125
4751,158.36666666666667,1,1,1,0.0,-1.0,0.007700602213541667,0.9832876635442755,0.5107320149739584,0.323752354849573,0.5107320149739584
4752,158.4,1,1,1,0.0,-1.0,0.007746378580729167,0.9832057107322285,0.5104166666666666,0.3240205009810468,0.5104166666666666
4753,158.43333333333334,1,1,1,0.0,-1.0,0.008763631184895834,0.9810389652214788,0.5101318359375,0.32426343187694573,0.5101318359375
4754,158.46666666666667,1,1,1,0.0,-1.0,0.008946736653645834,0.980670975203371,0.5094960530598959,0.3248145535787254,0.5094960530598959
4755,158.5,1,1,1,0.0,-1.0,0.009694417317708334,0.9790992064318879,0.5091908772786459,0.32508107380666285,0.5091908772786459
4756,158.53333333333333,1,1,1,0.0,-1.0,0.0099334716796875,0.9786126280336471,0.5086873372395834,0.3255179046052432,0.5086873372395834
4757,158.56666666666666,1,1,1,0.0,-1.0,0.010284423828125,0.9778972200664311,0.5080668131510416,0.3260563915734178,0.5080668131510416
4758,158.6,1,1,1,0.0,-1.0,0.010142008463541666,0.978232171184359,0.5081634521484375,0.32596254982840733,0.5081634521484375
4759,158.63333333333333,1,1,1,0.0,-1.0,0.009999593098958334,0.9785605412317449,0.5087025960286459,0.3254808700783709,0.5087025960286459
4760,158.66666666666666,1,1,1,0.0,-1.0,0.009958902994791666,0.978672022452409,0.5087025960286459,0.3254686839975126,0.5087025960286459
4761,158.7,1,1,1,0.0,-1.0,0.009694417317708334,0.9792634837229299,0.5081125895182291,0.3259796280212697,0.5081125895182291
4762,158.73333333333332,1,1,1,0.0,-1.0,0.0105743408203125,0.9774390922253056,0.5074869791666666,0.32653582973927864,0.5074869791666666
4763,158.76666666666668,1,1,1,0.0,-1.0,0.0114593505859375,0.9756199661845213,0.5072072347005209,0.3267827321273628,0.5072072347005209
4764,158.8,1,1,1,0.0,-1.0,0.016337076822916668,0.9655309201652675,0.5068206787109375,0.3271107764453875,0.5068206787109375
4765,158.83333333333334,1,1,1,0.0,-1.0,0.022984822591145832,0.9520397443744055,0.5045674641927084,0.3290832805365558,0.5045674641927084
4766,158.86666666666667,1,1,1,0.0,-1.0,0.029322306315104168,0.9394770823180898,0.5049591064453125,0.3287267376763746,0.5049591064453125
4767,158.9,1,1,1,0.0,-1.0,0.033721923828125,0.9309925997983957,0.5034383138020834,0.3300576300916428,0.5034383138020834
4768,158.93333333333334,1,1,1,0.0,-1.0,0.038965861002604164,0.9210328359559126,0.4994099934895833,0.33361649034447893,0.4994099934895833
4769,158.96666666666667,1,1,1,0.0,-1.0,0.0423126220703125,0.9149275148428898,0.4963226318359375,0.3363456484831081,0.4963226318359375
4770,159.0,1,1,1,0.0,-1.0,0.045013427734375,0.9100835429954607,0.4902191162109375,0.34183304417586136,0.4902191162109375
4771,159.03333333333333,1,1,1,0.0,-1.0,0.045923868815104164,0.9084654804030694,0.4856363932291667,0.3460370630340861,0.4856363932291667
4772,159.06666666666666,1,1,1,0.0,-1.0,0.048492431640625,0.9035299355261812,0.4837697347005208,0.34780033976552704,0.4837697347005208
4773,159.1,1,1,1,0.0,-1.0,0.047515869140625,0.9053465639651062,0.4864044189453125,0.3454395525382964,0.4864044189453125
4774,159.13333333333333,1,1,1,0.0,-1.0,0.0487213134765625,0.9031445385906849,0.4849955240885417,0.3467332707586763,0.4849955240885417
4775,159.16666666666666,1,1,1,0.0,-1.0,0.049530029296875,0.9016045130259955,0.4894307454427083,0.342750819736793,0.4894307454427083
4776,159.2,1,1,1,0.0,-1.0,0.04974365234375,0.9012517377501871,0.492462158203125,0.34001786911814236,0.492462158203125
4777,159.23333333333332,1,1,1,0.0,-1.0,0.0482635498046875,0.9044202906922829,0.4992574055989583,0.33388788124578755,0.4992574055989583
4778,159.26666666666668,1,1,1,0.0,-1.0,0.042699178059895836,0.9152444002382134,0.5050252278645834,0.3287749488772165,0.5050252278645834
4779,159.3,1,1,1,0.0,-1.0,0.041829427083333336,0.9168497083500522,0.5130055745442709,0.32181586722836303,0.5130055745442709
4780,159.33333333333334,1,1,1,0.0,-1.0,0.04248046875,0.9151630976259815,0.5235544840494791,0.3127185743203087,0.5235544840494791
4781,159.36666666666667,1,1,1,0.0,-1.0,0.0457611083984375,0.9080198223354189,0.534637451171875,0.30318638157166705,0.534637451171875
4782,159.4,1,1,1,0.0,-1.0,0.046549479166666664,0.9049142541317062,0.545562744140625,0.29362783001850523,0.545562744140625
4783,159.43333333333334,1,1,1,0.0,-1.0,0.050282796223958336,0.8948107731774393,0.5514017740885416,0.2878750425825435,0.5514017740885416
4784,159.46666666666667,1,1,1,0.0,-1.0,0.058202107747395836,0.8743168197388971,0.558380126953125,0.28048856419697205,0.558380126953125
4785,159.5,1,1,1,0.0,-1.0,0.0666656494140625,0.8494173696169903,0.5658772786458334,0.27176350762874973,0.5658772786458334
4786,159.53333333333333,1,1,1,0.0,-1.0,0.0729522705078125,0.8242995650842437,0.5744120279947916,0.26138647258352454,0.5744120279947916
4787,159.56666666666666,1,1,1,0.0,-1.0,0.07702128092447917,0.7990034694224248,0.5794932047526041,0.25331655627603855,0.5794932047526041
4788,159.6,1,1,1,0.0,-1.0,0.06856282552083333,0.8031725890199122,0.5764312744140625,0.2528292339185196,0.5764312744140625
4789,159.63333333333333,1,1,1,0.0,-1.0,0.094879150390625,0.7275141457719846,0.5643564860026041,0.26083072044294725,0.5643564860026041
4790,159.66666666666666,1,1,1,0.0,-1.0,0.07860819498697917,0.7548372978963072,0.56591796875,0.2565697574471475,0.56591796875
4791,159.7,1,1,1,0.0,-1.0,0.08759562174479167,0.7145280689420347,0.5779266357421875,0.2438503098601372,0.5779266357421875
4792,159.73333333333332,1,1,1,0.0,-1.0,0.09904988606770833,0.660782404198735,0.5835418701171875,0.23513189288662448,0.5835418701171875
4793,159.76666666666668,1,1,1,0.0,-1.0,0.09074910481770833,0.6444195030296738,0.5981241861979166,0.21834614008737102,0.5981241861979166
4794,159.8,1,1,1,0.0,-1.0,0.055211385091145836,0.7010603990383286,0.5961354573567709,0.2119340177501794,0.5961354573567709
4795,159.83333333333334,1,1,1,0.0,-1.0,0.028020222981770832,0.7710552944826918,0.5893758138020834,0.21267385662195232,0.5893758138020834
4796,159.86666666666667,1,1,1,0.0,-1.0,0.025319417317708332,0.7301666875112909,0.5800832112630209,0.21504443562854825,0.5800832112630209
4797,159.9,1,1,1,0.0,-1.0,0.021184285481770832,0.6677595077219086,0.5733133951822916,0.21537001723327584,0.5733133951822916
4798,159.93333333333334,1,1,1,0.0,-1.0,0.009984334309895834,0.6854531607934884,0.5643768310546875,0.2186585278561819,0.5643768310546875
4799,159.96666666666667,1,1,1,0.0,-1.0,0.0074005126953125,0.6377378987168685,0.55889892578125,0.22159017620666824,0.55889892578125
4800,160.0,1,1,1,0.0,-1.0,0.016876220703125,0.5047622505711765,0.5550181070963541,0.22481349257963318,0.5550181070963541
4801,160.03333333333333,1,1,1,0.0,-1.0,0.024251302083333332,0.4878743489583333,0.5515238444010416,0.2270202224901303,0.5515238444010416
4802,160.06666666666666,1,1,1,0.0,-1.0,0.0263671875,0.49506327333458977,0.5474090576171875,0.22973235560679076,0.5474090576171875
4803,160.1,1,1,1,0.0,-1.0,0.027613321940104168,0.5107795322213288,0.536651611328125,0.23825292928410413,0.536651611328125
4804,160.13333333333333,1,1,1,0.0,-1.0,0.025909423828125,0.5558081544099014,0.5335032145182291,0.24072091395685755,0.5335032145182291
4805,160.16666666666666,1,1,1,0.0,-1.0,0.022516886393229168,0.6053737895482236,0.5305582682291666,0.24239642925628968,0.5305582682291666
4806,160.2,1,1,1,0.0,-1.0,0.030100504557291668,0.5309996273796248,0.5247599283854166,0.2466079819296046,0.5247599283854166
4807,160.23333333333332,1,1,1,0.0,-1.0,0.032445271809895836,0.514215677065305,0.5244038899739584,0.24649199928826135,0.5244038899739584
4808,160.26666666666668,1,1,1,0.0,-1.0,0.027796427408854168,0.5618628647079843,0.5235087076822916,0.24691044177417376,0.5235087076822916
4809,160.3,1,1,1,0.0,-1.0,0.033121744791666664,0.5274274258051388,0.5242919921875,0.2462812581134752,0.5242919921875
4810,160.33333333333334,1,1,1,0.0,-1.0,0.033671061197916664,0.5425179737420895,0.5241750081380209,0.24675602879075428,0.5241750081380209
4811,160.36666666666667,1,1,1,0.0,-1.0,0.027013142903645832,0.6146038253609594,0.5236918131510416,0.24714520755326025,0.5236918131510416
4812,160.4,1,1,1,0.0,-1.0,0.0368804931640625,0.5502541142116644,0.5239156087239584,0.24738921927460653,0.5239156087239584
4813,160.43333333333334,1,1,1,0.0,-1.0,0.042149861653645836,0.5398706622292443,0.5201161702473959,0.2511463600860421,0.5201161702473959
4814,160.46666666666667,1,1,1,0.0,-1.0,0.048894246419270836,0.5275467442771029,0.5193888346354166,0.2525396483011772,0.5193888346354166
4815,160.5,1,1,1,0.0,-1.0,0.041926066080729164,0.5922160869043493,0.520355224609375,0.25200079583798063,0.520355224609375
4816,160.53333333333333,1,1,1,0.0,-1.0,0.0626068115234375,0.5145578263459002,0.5250651041666666,0.24951988642750403,0.5250651041666666
4817,160.56666666666666,1,1,1,0.0,-1.0,0.0681304931640625,0.5180865359837785,0.53045654296875,0.2452776233313851,0.53045654296875
4818,160.6,1,1,1,0.0,-1.0,0.041086832682291664,0.649270109429738,0.5244344075520834,0.24894915605909967,0.5244344075520834
4819,160.63333333333333,1,1,1,0.0,-1.0,0.056345621744791664,0.5627462013087055,0.5166524251302084,0.2557197765072448,0.5166524251302084
4820,160.66666666666666,1,1,1,0.0,-1.0,0.056986490885416664,0.5802538856063623,0.5103810628255209,0.2628392949718559,0.5103810628255209
4821,160.7,1,1,1,0.0,-1.0,0.042607625325520836,0.6771586493877273,0.5045878092447916,0.2689877381903382,0.5045878092447916
4822,160.73333333333332,1,1,1,0.0,-1.0,0.07346089680989583,0.5661783834295218,0.5008748372395834,0.2747596606643934,0.5008748372395834
4823,160.76666666666668,1,1,1,0.0,-1.0,0.091339111328125,0.5425627146060195,0.4968516031901042,0.2811811446741837,0.4968516031901042
4824,160.8,1,1,1,0.0,-1.0,0.074493408203125,0.6044423938772374,0.5047658284505209,0.27211107266254003,0.5047658284505209
4825,160.83333333333334,1,1,1,0.0,-1.0,0.014775594075520834,0.896647508778967,0.5023854573567709,0.2777646507564672,0.5023854573567709
4826,160.86666666666667,1,1,1,0.0,-1.0,0.01409912109375,0.9135277607917367,0.4998575846354167,0.2831310320482445,0.4998575846354167
4827,160.9,1,1,1,0.0,-1.0,0.013081868489583334,0.9276439368695517,0.4990590413411458,0.28667951691214905,0.4990590413411458
4828,160.93333333333334,1,1,1,0.0,-1.0,0.020238240559895832,0.9024336343966493,0.4979349772135417,0.2916014866106961,0.4979349772135417
4829,160.96666666666667,1,1,1,0.0,-1.0,0.0136260986328125,0.9386292304461852,0.49853515625,0.29360434446348027,0.49853515625
4830,161.0,1,1,1,0.0,-1.0,0.013737996419270834,0.9420242515841775,0.4976654052734375,0.29668974953059857,0.4976654052734375
4831,161.03333333333333,1,1,1,0.0,-1.0,0.012334187825520834,0.9509012800458962,0.4967498779296875,0.30021580136474896,0.4967498779296875
4832,161.06666666666666,1,1,1,0.0,-1.0,0.038157145182291664,0.8666224075898954,0.4933624267578125,0.3058023523785493,0.4933624267578125
4833,161.1,1,1,1,0.0,-1.0,0.033416748046875,0.887997972001294,0.4911142985026042,0.3106194452774796,0.4911142985026042
4834,161.13333333333333,1,1,1,0.0,-1.0,0.031300862630208336,0.9003952514485474,0.4880574544270833,0.31635532790116144,0.4880574544270833
4835,161.16666666666666,1,1,1,0.0,-1.0,0.030034383138020832,0.9094567645275614,0.4843953450520833,0.322600676613587,0.4843953450520833
4836,161.2,1,1,1,0.0,-1.0,0.030644734700520832,0.9126068455955059,0.4818318684895833,0.32797282310672804,0.4818318684895833
4837,161.23333333333332,1,1,1,0.0,-1.0,0.033864339192708336,0.909440726011298,0.4789632161458333,0.33416997306354307,0.4789632161458333
4838,161.26666666666668,1,1,1,0.0,-1.0,0.034220377604166664,0.9138551922242755,0.4804636637369792,0.3362828925500016,0.4804636637369792
4839,161.3,1,1,1,0.0,-1.0,0.035247802734375,0.9161545020367341,0.4809010823567708,0.33925812084860474,0.4809010823567708
4840,161.33333333333334,1,1,1,0.0,-1.0,0.034189860026041664,0.9224753765733318,0.4783935546875,0.34452578233086484,0.4783935546875
4841,161.36666666666667,1,1,1,0.0,-1.0,0.056732177734375,0.8784069773457033,0.4684702555338542,0.3546566073463747,0.4684702555338542
4842,161.4,1,1,1,0.0,-1.0,0.07989501953125,0.8342795504222444,0.4681803385416667,0.35484514548840285,0.4681803385416667
4843,161.43333333333334,1,1,1,0.0,-1.0,0.07670084635416667,0.8397978359789047,0.4725392659505208,0.3505206472368064,0.4725392659505208
4844,161.46666666666667,1,1,1,0.0,-1.0,0.13251241048177084,0.7351787257046396,0.4583841959635417,0.3611310843477257,0.4583841959635417
4845,161.5,1,1,1,0.0,-1.0,0.0638580322265625,0.8570822652795972,0.4560699462890625,0.3615633122980175,0.4560699462890625
4846,161.53333333333333,1,1,1,0.0,-1.0,0.055765787760416664,0.8702398247725509,0.4527231852213542,0.3627264902865455,0.4527231852213542
4847,161.56666666666666,1,1,1,0.0,-1.0,0.050008138020833336,0.8789795390774562,0.4526418050130208,0.3607574151407053,0.4526418050130208
4848,161.6,1,1,1,0.0,-1.0,0.052907307942708336,0.8698947982444464,0.4556172688802083,0.3572440854815107,0.4556172688802083
4849,161.63333333333333,1,1,1,0.0,-1.0,0.053461710611979164,0.8684018372131989,0.4624888102213542,0.3510328511327398,0.4624888102213542
4850,161.66666666666666,1,1,1,0.0,-1.0,0.05145263671875,0.8740305708980206,0.4660847981770833,0.3482415551418882,0.4660847981770833
4851,161.7,1,1,1,0.0,-1.0,0.04644775390625,0.886317312209933,0.4695231119791667,0.345205506200676,0.4695231119791667
4852,161.73333333333332,1,1,1,0.0,-1.0,0.042536417643229164,0.8953300489349564,0.47430419921875,0.3403992854617344,0.47430419921875
4853,161.76666666666668,1,1,1,0.0,-1.0,0.0355072021484375,0.9110722342085398,0.4763132731119792,0.33773086844262745,0.4763132731119792
4854,161.8,1,1,1,0.0,-1.0,0.027348836263020832,0.9298830587177283,0.4756266276041667,0.33755860800633863,0.4756266276041667
4855,161.83333333333334,1,1,1,0.0,-1.0,0.015116373697916666,0.960176899045838,0.4753214518229167,0.3373837479246947,0.4753214518229167
4856,161.86666666666667,1,1,1,0.0,-1.0,0.014994303385416666,0.9606887469180372,0.4735310872395833,0.339581109356469,0.4735310872395833
4857,161.9,1,1,1,0.0,-1.0,0.0543212890625,0.8699142155902129,0.4705098470052083,0.3450191423360701,0.4705098470052083
4858,161.93333333333334,1,1,1,0.0,-1.0,0.040278116861979164,0.9052566866675551,0.4699147542317708,0.3473569142862836,0.4699147542317708
4859,161.96666666666667,1,1,1,0.0,-1.0,0.047276814778645836,0.8921610037240573,0.4675394694010417,0.3502615341298888,0.4675394694010417
4860,162.0,1,1,1,0.0,-1.0,0.04803466796875,0.8915970622189129,0.4665476481119792,0.351340014473774,0.4665476481119792
4861,162.03333333333333,1,1,1,0.0,-1.0,0.043055216471354164,0.9026729503061661,0.4672597249348958,0.35080535710523725,0.4672597249348958
4862,162.06666666666666,1,1,1,0.0,-1.0,0.03948974609375,0.9105693054688053,0.4692331949869792,0.34890081562862224,0.4692331949869792
4863,162.1,1,1,1,0.0,-1.0,0.037328084309895836,0.9151500507148569,0.4730733235677083,0.34506351994700835,0.4730733235677083
4864,162.13333333333333,1,1,1,0.0,-1.0,0.0350494384765625,0.9194826306781567,0.4757792154947917,0.3415479620303859,0.4757792154947917
4865,162.16666666666666,1,1,1,0.0,-1.0,0.035608927408854164,0.916896281643462,0.4780527750651042,0.33798411163017755,0.4780527750651042
4866,162.2,1,1,1,0.0,-1.0,0.042516072591145836,0.9001735861888959,0.4805450439453125,0.3350504142147318,0.4805450439453125
4867,162.23333333333332,1,1,1,0.0,-1.0,0.035512288411458336,0.9157568259721749,0.4823811848958333,0.333856767827353,0.4823811848958333
4868,162.26666666666668,1,1,1,0.0,-1.0,0.0362701416015625,0.9144863735886015,0.4843343098958333,0.33240280638773123,0.4843343098958333
4869,162.3,1,1,1,0.0,-1.0,0.040639241536458336,0.9053755943163128,0.4822184244791667,0.33488934144413335,0.4822184244791667
4870,162.33333333333334,1,1,1,0.0,-1.0,0.08053080240885417,0.8242802928770907,0.4768778483072917,0.34121140468651295,0.4768778483072917
4871,162.36666666666667,1,1,1,0.0,-1.0,0.057917277018229164,0.8715707856538033,0.471466064453125,0.34676952459311083,0.471466064453125
4872,162.4,1,1,1,0.0,-1.0,0.057830810546875,0.8725163633455294,0.4673665364583333,0.350928957522056,0.4673665364583333
4873,162.43333333333334,1,1,1,0.0,-1.0,0.054570515950520836,0.8797382617647066,0.4613901774088542,0.3567230713570029,0.4613901774088542
4874,162.46666666666667,1,1,1,0.0,-1.0,0.0572967529296875,0.8743724642937301,0.4544016520182292,0.3634676427161342,0.4544016520182292
4875,162.5,1,1,1,0.0,-1.0,0.060999552408854164,0.8665043926763341,0.4478047688802083,0.36928352722932567,0.4478047688802083
4876,162.53333333333333,1,1,1,0.0,-1.0,0.057586669921875,0.8723777440322377,0.4383138020833333,0.3778027102035385,0.4383138020833333
4877,162.56666666666666,1,1,1,0.0,-1.0,0.051793416341145836,0.8834909724300173,0.4336395263671875,0.38224068736344885,0.4336395263671875
4878,162.6,1,1,1,0.0,-1.0,0.045623779296875,0.8966430352964243,0.428070068359375,0.38841260911489833,0.428070068359375
4879,162.63333333333333,1,1,1,0.0,-1.0,0.0419464111328125,0.9052172393175613,0.424774169921875,0.39250118041504756,0.424774169921875
4880,162.66666666666666,1,1,1,0.0,-1.0,0.039418538411458336,0.9115740391285116,0.4261271158854167,0.3921839731793987,0.4261271158854167
4881,162.7,1,1,1,0.0,-1.0,0.0308380126953125,0.9306558894462678,0.4220021565755208,0.3968150331344743,0.4220021565755208
4882,162.73333333333332,1,1,1,0.0,-1.0,0.027272542317708332,0.9384189830721859,0.4186350504557292,0.40011011929486706,0.4186350504557292
4883,162.76666666666668,1,1,1,0.0,-1.0,0.035451253255208336,0.9205599308625507,0.4136912027994792,0.40499283495002825,0.4136912027994792
4884,162.8,1,1,1,0.0,-1.0,0.0140533447265625,0.9675461250843788,0.41265869140625,0.4061799152037505,0.41265869140625
4885,162.83333333333334,1,1,1,0.0,-1.0,0.0107574462890625,0.9750542343297058,0.4127146402994792,0.4062091103283176,0.4127146402994792
4886,162.86666666666667,1,1,1,0.0,-1.0,0.009363810221354166,0.978245070658813,0.4115549723307292,0.4074334326989246,0.4115549723307292
4887,162.9,1,1,1,0.0,-1.0,0.0100555419921875,0.9766287528871664,0.4104359944661458,0.4085276308278712,0.4104359944661458
4888,162.93333333333334,1,1,1,0.0,-1.0,0.009979248046875,0.9767686550592791,0.4101460774739583,0.4087743573082009,0.4101460774739583
4889,162.96666666666667,1,1,1,0.0,-1.0,0.0093536376953125,0.9781762472207924,0.409332275390625,0.40964719060515364,0.409332275390625
4890,163.0,1,1,1,0.0,-1.0,0.009435017903645834,0.9779794387417979,0.4091542561848958,0.40993356155876015,0.4091542561848958
4891,163.03333333333333,1,1,1,0.0,-1.0,0.008397420247395834,0.9803824541733028,0.4112294514973958,0.4080620455558589,0.4112294514973958
4892,163.06666666666666,1,1,1,0.0,-1.0,0.00823974609375,0.980786630956668,0.4134368896484375,0.40620358887120733,0.4134368896484375
4893,163.1,1,1,1,0.0,-1.0,0.0083465576171875,0.9805853017147437,0.4151560465494792,0.40483361862716083,0.4151560465494792
4894,163.13333333333333,1,1,1,0.0,-1.0,0.009089152018229166,0.9789084769131369,0.416595458984375,0.4036898757559292,0.416595458984375
4895,163.16666666666666,1,1,1,0.0,-1.0,0.0157928466796875,0.9637116267341247,0.4188385009765625,0.40170846361998935,0.4188385009765625
4896,163.2,1,1,1,0.0,-1.0,0.009602864583333334,0.9777483205461992,0.4196268717447917,0.40114274434581854,0.4196268717447917
4897,163.23333333333332,1,1,1,0.0,-1.0,0.009424845377604166,0.9781382665527627,0.4208017985026042,0.4002113686706081,0.4208017985026042
4898,163.26666666666668,1,1,1,0.0,-1.0,0.009775797526041666,0.977320364394857,0.4224192301432292,0.3988699503533847,0.4224192301432292
4899,163.3,1,1,1,0.0,-1.0,0.010075887044270834,0.9766361203000121,0.4235941569010417,0.3979933025564225,0.4235941569010417
4900,163.33333333333334,1,1,1,0.0,-1.0,0.0096435546875,0.9776298922851068,0.4246114095052083,0.3973234447098016,0.4246114095052083
4901,163.36666666666667,1,1,1,0.0,-1.0,0.0093536376953125,0.978308419753893,0.4260152180989583,0.3962675252853389,0.4260152180989583
4902,163.4,1,1,1,0.0,-1.0,0.0089263916015625,0.979289336342603,0.4267476399739583,0.395848889093558,0.4267476399739583
4903,163.43333333333334,1,1,1,0.0,-1.0,0.008158365885416666,0.9810520225653081,0.4276377360026042,0.3953116441776743,0.4276377360026042
4904,163.46666666666667,1,1,1,0.0,-1.0,0.007532755533854167,0.9824851350419834,0.4286092122395833,0.39466693114659746,0.4286092122395833
4905,163.5,1,1,1,0.0,-1.0,0.007731119791666667,0.9820153892829897,0.4297027587890625,0.39384044256128065,0.4297027587890625
4906,163.53333333333333,1,1,1,0.0,-1.0,0.007619222005208333,0.9822481996550868,0.4309844970703125,0.3927989621261292,0.4309844970703125
4907,163.56666666666666,1,1,1,0.0,-1.0,0.007527669270833333,0.9824397839811307,0.4326833089192708,0.3913581398370071,0.4326833089192708
4908,163.6,1,1,1,0.0,-1.0,0.010462443033854166,0.9756540727015554,0.4343109130859375,0.38995141777967846,0.4343109130859375
4909,163.63333333333333,1,1,1,0.0,-1.0,0.006413777669270833,0.9849703036904208,0.4361216227213542,0.38840275937495583,0.4361216227213542
4910,163.66666666666666,1,1,1,0.0,-1.0,0.006169637044270833,0.9855326643212023,0.4376475016276042,0.3871405928187641,0.4376475016276042
4911,163.7,1,1,1,0.0,-1.0,0.005340576171875,0.9874599554622474,0.4396413167317708,0.38540457194007477,0.4396413167317708
4912,163.73333333333332,1,1,1,0.0,-1.0,0.005076090494791667,0.9880706963214152,0.441619873046875,0.38367353751441224,0.441619873046875
4913,163.76666666666668,1,1,1,0.0,-1.0,0.0050201416015625,0.9882009004826551,0.4434763590494792,0.38206021534647017,0.4434763590494792
4914,163.8,1,1,1,0.0,-1.0,0.0047454833984375,0.9888395710820264,0.4454142252604167,0.38037073343605887,0.4454142252604167
4915,163.83333333333334,1,1,1,0.0,-1.0,0.005289713541666667,0.9875665563307967,0.4472707112630208,0.3787623334045972,0.4472707112630208
4916,163.86666666666667,1,1,1,0.0,-1.0,0.005961100260416667,0.9860034321733429,0.4489491780598958,0.377342380346647,0.4489491780598958
4917,163.9,1,1,1,0.0,-1.0,0.0066070556640625,0.9845078819106647,0.4502766927083333,0.37623835735413586,0.4502766927083333
4918,163.93333333333334,1,1,1,0.0,-1.0,0.007781982421875,0.9817919141137135,0.4521026611328125,0.3746527903137168,0.4521026611328125
4919,163.96666666666667,1,1,1,0.0,-1.0,0.008168538411458334,0.9808990025283634,0.4534454345703125,0.3735102234693163,0.4534454345703125
4920,164.0,1,1,1,0.0,-1.0,0.008839925130208334,0.9793555491429236,0.45465087890625,0.37249413011399923,0.45465087890625
4921,164.03333333333333,1,1,1,0.0,-1.0,0.015253702799479166,0.9646833542372322,0.4562886555989583,0.37105952305770185,0.4562886555989583
4922,164.06666666666666,1,1,1,0.0,-1.0,0.008539835611979166,0.9800471210438669,0.4578094482421875,0.36975220635183614,0.4578094482421875
4923,164.1,1,1,1,0.0,-1.0,0.0074310302734375,0.9826076607617369,0.4594167073567708,0.3683234629344209,0.4594167073567708
4924,164.13333333333333,1,1,1,0.0,-1.0,0.006159464518229167,0.9855533597992563,0.4609527587890625,0.36698158971890915,0.4609527587890625
4925,164.16666666666666,1,1,1,0.0,-1.0,0.005945841471354167,0.9860421677602615,0.4621785481770833,0.36592357390539365,0.4621785481770833
4926,164.2,1,1,1,0.0,-1.0,0.007395426432291667,0.9826710823712147,0.4629770914713542,0.3652815992357834,0.4629770914713542
4927,164.23333333333332,1,1,1,0.0,-1.0,0.0085906982421875,0.9799030458538422,0.4634348551432292,0.3649836718952043,0.4634348551432292
4928,164.26666666666668,1,1,1,0.0,-1.0,0.0087432861328125,0.9795508594715541,0.4644877115885417,0.3641265135508216,0.4644877115885417
4929,164.3,1,1,1,0.0,-1.0,0.009206136067708334,0.9784850395831115,0.4658915201822917,0.3629840727293542,0.4658915201822917
4930,164.33333333333334,1,1,1,0.0,-1.0,0.009134928385416666,0.9786563293585069,0.4674936930338542,0.3616432610016498,0.4674936930338542
4931,164.36666666666667,1,1,1,0.0,-1.0,0.008687337239583334,0.9796947809170607,0.4691721598307292,0.36025962398676337,0.4691721598307292
4932,164.4,1,1,1,0.0,-1.0,0.007914225260416666,0.9814863096798743,0.4709421793619792,0.3587796554345094,0.4709421793619792
4933,164.43333333333334,1,1,1,0.0,-1.0,0.007151285807291667,0.9832516573072936,0.4730936686197917,0.35693340316265487,0.4730936686197917
4934,164.46666666666667,1,1,1,0.0,-1.0,0.008453369140625,0.9802361510128408,0.4749806722005208,0.3553197448362391,0.4749806722005208
4935,164.5,1,1,1,0.0,-1.0,0.007110595703125,0.9833438723012642,0.4772288004557292,0.3533523018222899,0.4772288004557292
4936,164.53333333333333,1,1,1,0.0,-1.0,0.007558186848958333,0.9823062691294676,0.4796295166015625,0.3512484393382863,0.4796295166015625
4937,164.56666666666666,1,1,1,0.0,-1.0,0.008214314778645834,0.9807777278550143,0.4822845458984375,0.34889841132036253,0.4822845458984375
4938,164.6,1,1,1,0.0,-1.0,0.008575439453125,0.9799247968309985,0.48486328125,0.346624159901204,0.48486328125
4939,164.63333333333333,1,1,1,0.0,-1.0,0.008824666341145834,0.9793424329690743,0.487213134765625,0.3445550236388187,0.487213134765625
4940,164.66666666666666,1,1,1,0.0,-1.0,0.008570353190104166,0.9799267450556526,0.4897206624348958,0.34234091378109693,0.4897206624348958
4941,164.7,1,1,1,0.0,-1.0,0.0084381103515625,0.9802229757411807,0.4923350016276042,0.34002950562254386,0.4923350016276042
4942,164.73333333333332,1,1,1,0.0,-1.0,0.00811767578125,0.9809585343511982,0.4946238199869792,0.33801136608946647,0.4946238199869792
4943,164.76666666666668,1,1,1,0.0,-1.0,0.0075225830078125,0.9823293328747018,0.496551513671875,0.3363141539918242,0.496551513671875
4944,164.8,1,1,1,0.0,-1.0,0.006601969401041667,0.9844583213031912,0.4982961018880208,0.3347768617279367,0.4982961018880208
4945,164.83333333333334,1,1,1,0.0,-1.0,0.006251017252604167,0.9852701410856769,0.4995930989583333,0.3336400621739515,0.4995930989583333
4946,164.86666666666667,1,1,1,0.0,-1.0,0.009699503580729166,0.9772368512091695,0.500701904296875,0.33266636157831614,0.500701904296875
4947,164.9,1,1,1,0.0,-1.0,0.00689697265625,0.9837486726793705,0.5019887288411459,0.33153503716028665,0.5019887288411459
4948,164.93333333333334,1,1,1,0.0,-1.0,0.0068359375,0.9838899250268786,0.5027567545572916,0.3308625441597277,0.5027567545572916
4949,164.96666666666667,1,1,1,0.0,-1.0,0.0066070556640625,0.9844205375067155,0.50360107421875,0.3301209090128462,0.50360107421875
4950,165.0,1,1,1,0.0,-1.0,0.005930582682291667,0.9860006727996822,0.504119873046875,0.3296665298684801,0.504119873046875
4951,165.03333333333333,1,1,1,0.0,-1.0,0.005406697591145833,0.9872294568687089,0.5042978922526041,0.3295119420373236,0.5042978922526041
4952,165.06666666666666,1,1,1,0.0,-1.0,0.005900065104166667,0.9860782338211398,0.5044606526692709,0.329371790207968,0.5044606526692709
4953,165.1,1,1,1,0.0,-1.0,0.009740193684895834,0.9771636918379376,0.5040283203125,0.32975757889111623,0.5040283203125
4954,165.13333333333333,1,1,1,0.0,-1.0,0.013102213541666666,0.9694716981824497,0.5037790934244791,0.32998057953438337,0.5037790934244791
4955,165.16666666666666,1,1,1,0.0,-1.0,0.016276041666666668,0.9622984064721214,0.503326416015625,0.330382620141502,0.503326416015625
4956,165.2,1,1,1,0.0,-1.0,0.019343058268229168,0.9554490943606639,0.5028940836588541,0.33076557941973017,0.5028940836588541
4957,165.23333333333332,1,1,1,0.0,-1.0,0.021331787109375,0.9510822235722457,0.5038706461588541,0.3298995336668811,0.5038706461588541
4958,165.26666666666668,1,1,1,0.0,-1.0,0.021886189778645832,0.9499405365490934,0.5040537516276041,0.3297331518596168,0.5040537516276041
4959,165.3,1,1,1,0.0,-1.0,0.0421905517578125,0.9062244409631566,0.5023549397786459,0.3312259725369979,0.5023549397786459
4960,165.33333333333334,1,1,1,0.0,-1.0,0.0239715576171875,0.9455338107331956,0.5032145182291666,0.3304506298005282,0.5032145182291666
4961,165.36666666666667,1,1,1,0.0,-1.0,0.02301025390625,0.9477069513822578,0.5045878092447916,0.32922185337899657,0.5045878092447916
4962,165.4,1,1,1,0.0,-1.0,0.023030598958333332,0.9476385484711187,0.5055796305338541,0.328332927366299,0.5055796305338541
4963,165.43333333333334,1,1,1,0.0,-1.0,0.021820068359375,0.9502981181894112,0.5066680908203125,0.3273566491445753,0.5066680908203125
4964,165.46666666666667,1,1,1,0.0,-1.0,0.025751749674479168,0.9416723434577619,0.5060323079427084,0.32789185645895125,0.5060323079427084
4965,165.5,1,1,1,0.0,-1.0,0.035441080729166664,0.9209038363534616,0.5048980712890625,0.3288586188268799,0.5048980712890625
4966,165.53333333333333,1,1,1,0.0,-1.0,0.041066487630208336,0.9091652339104104,0.5045318603515625,0.32916471153351523,0.5045318603515625
4967,165.56666666666666,1,1,1,0.0,-1.0,0.042826334635416664,0.9053736530942353,0.5052846272786459,0.32851539707652866,0.5052846272786459
4968,165.6,1,1,1,0.0,-1.0,0.043095906575520836,0.9044614543839431,0.5092875162760416,0.3250167049516132,0.5092875162760416
4969,165.63333333333333,1,1,1,0.0,-1.0,0.040156046549479164,0.9101804721778142,0.5143076578776041,0.3206617844846361,0.5143076578776041
4970,165.66666666666666,1,1,1,0.0,-1.0,0.0317535400390625,0.9277845491891238,0.5168660481770834,0.3184560259970006,0.5168660481770834
4971,165.7,1,1,1,0.0,-1.0,0.027760823567708332,0.9362477713765972,0.5195668538411459,0.31612382618299006,0.5195668538411459
4972,165.73333333333332,1,1,1,0.0,-1.0,0.0398712158203125,0.9093821197691725,0.5222574869791666,0.31382490907839244,0.5222574869791666
4973,165.76666666666668,1,1,1,0.0,-1.0,0.0246124267578125,0.9424989077292727,0.52178955078125,0.31423571323387123,0.52178955078125
4974,165.8,1,1,1,0.0,-1.0,0.027186075846354168,0.9366949481916887,0.5249379475911459,0.31151765465997816,0.5249379475911459
4975,165.83333333333334,1,1,1,0.0,-1.0,0.025522867838541668,0.9407683778773517,0.5202280680338541,0.315566948561642,0.5202280680338541
4976,165.86666666666667,1,1,1,0.0,-1.0,0.023839314778645832,0.9449028788398112,0.5194295247395834,0.3162452528506051,0.5194295247395834
4977,165.9,1,1,1,0.0,-1.0,0.02203369140625,0.9491793628030918,0.5170644124348959,0.31829946896267713,0.5170644124348959
4978,165.93333333333334,1,1,1,0.0,-1.0,0.0169830322265625,0.9604356296953391,0.5160013834635416,0.3192524387261324,0.5160013834635416
4979,165.96666666666667,1,1,1,0.0,-1.0,0.0126953125,0.9700549871937186,0.5147908528645834,0.3203142189357042,0.5147908528645834
4980,166.0,1,1,1,0.0,-1.0,0.012456258138020834,0.9704727326386585,0.5134836832682291,0.32145138848960597,0.5134836832682291
4981,166.03333333333333,1,1,1,0.0,-1.0,0.011815388997395834,0.9718771377067704,0.512359619140625,0.3224233148283617,0.512359619140625
4982,166.06666666666666,1,1,1,0.0,-1.0,0.01422119140625,0.9661582297372415,0.511993408203125,0.3227242494463429,0.511993408203125
4983,166.1,1,1,1,0.0,-1.0,0.014892578125,0.9644402713166189,0.5110575358072916,0.3235124103529667,0.5110575358072916
4984,166.13333333333333,1,1,1,0.0,-1.0,0.0146942138671875,0.9647186495774673,0.5113627115885416,0.32320036751284253,0.5113627115885416
4985,166.16666666666666,1,1,1,0.0,-1.0,0.018620808919270832,0.9552286090536354,0.511138916015625,0.3233067539881507,0.511138916015625
4986,166.2,1,1,1,0.0,-1.0,0.008097330729166666,0.9800963809732552,0.5099894205729166,0.32426766853551436,0.5099894205729166
4987,166.23333333333332,1,1,1,0.0,-1.0,0.006449381510416667,0.984090800023399,0.5088348388671875,0.32525840753454327,0.5088348388671875
4988,166.26666666666668,1,1,1,0.0,-1.0,0.0071563720703125,0.9823976786124897,0.5080922444661459,0.32591937562495654,0.5080922444661459
4989,166.3,1,1,1,0.0,-1.0,0.01031494140625,0.9748785628968293,0.5075632731119791,0.3264153282050184,0.5075632731119791
4990,166.33333333333334,1,1,1,0.0,-1.0,0.012914021809895834,0.9688926279417378,0.5052439371744791,0.32850683042759143,0.5052439371744791
4991,166.36666666666667,1,1,1,0.0,-1.0,0.015360514322916666,0.9634489680329563,0.5035603841145834,0.3300492957971364,0.5035603841145834
4992,166.4,1,1,1,0.0,-1.0,0.0167999267578125,0.960414176876231,0.5020345052083334,0.3314364038803812,0.5020345052083334
4993,166.43333333333334,1,1,1,0.0,-1.0,0.017018636067708332,0.960174110699622,0.5006154378255209,0.33272558275495934,0.5006154378255209
4994,166.46666666666667,1,1,1,0.0,-1.0,0.015981038411458332,0.9627817717825526,0.4989573160807292,0.33422272194347313,0.4989573160807292
4995,166.5,1,1,1,0.0,-1.0,0.0156097412109375,0.9638399313211479,0.4972788492838542,0.3357340368094679,0.4972788492838542
4996,166.53333333333333,1,1,1,0.0,-1.0,0.016657511393229168,0.961670782789728,0.49462890625,0.3381171001298881,0.49462890625
4997,166.56666666666666,1,1,1,0.0,-1.0,0.035675048828125,0.9206653232430166,0.4880879720052083,0.3440044582503433,0.4880879720052083
4998,166.6,1,1,1,0.0,-1.0,0.02001953125,0.9550132910323412,0.4843495686848958,0.3473783352816236,0.4843495686848958
4999,166.63333333333333,1,1,1,0.0,-1.0,0.019658406575520832,0.9561277177597163,0.4816691080729167,0.349790532825764,0.4816691080729167
5000,166.66666666666666,1,1,1,0.0,-1.0,0.01953125,0.9567499280797881,0.478424072265625,0.35270440362403044,0.478424072265625
5001,166.7,1,1,1,0.0,-1.0,0.0207672119140625,0.9545232232050185,0.4749298095703125,0.35581853495753946,0.4749298095703125
5002,166.73333333333332,1,1,1,0.0,-1.0,0.022623697916666668,0.9511036082394522,0.4713033040364583,0.3590203443009432,0.4713033040364583
5003,166.76666666666668,1,1,1,0.0,-1.0,0.024866739908854168,0.9470039064586226,0.4679718017578125,0.3619180502447043,0.4679718017578125
5004,166.8,1,1,1,0.0,-1.0,0.0267181396484375,0.9438034836062641,0.4633636474609375,0.3659496834272985,0.4633636474609375
5005,166.83333333333334,1,1,1,0.0,-1.0,0.0284881591796875,0.9407733770935265,0.4590504964192708,0.3697236663978626,0.4590504964192708
5006,166.86666666666667,1,1,1,0.0,-1.0,0.029764811197916668,0.9387681895817601,0.4552001953125,0.3730211379360926,0.4552001953125
5007,166.9,1,1,1,0.0,-1.0,0.031163533528645832,0.9365472021972521,0.4522196451822917,0.37548625951995607,0.4522196451822917
5008,166.93333333333334,1,1,1,0.0,-1.0,0.032206217447916664,0.9350325726562532,0.4493662516276042,0.3777436387954045,0.4493662516276042
5009,166.96666666666667,1,1,1,0.0,-1.0,0.035146077473958336,0.929919167912081,0.44464111328125,0.3816592821369711,0.44464111328125
5010,167.0,1,1,1,0.0,-1.0,0.07190958658854167,0.8634616604814742,0.4400787353515625,0.3842174826490822,0.4400787353515625
5011,167.03333333333333,1,1,1,0.0,-1.0,0.043645222981770836,0.9156208495789694,0.4337819417317708,0.38926066467942644,0.4337819417317708
5012,167.06666666666666,1,1,1,0.0,-1.0,0.0476531982421875,0.9086409255185202,0.4349772135416667,0.38692878350675775,0.4349772135416667
5013,167.1,1,1,1,0.0,-1.0,0.0505828857421875,0.9035769895981225,0.4333953857421875,0.3871494132356469,0.4333953857421875
5014,167.13333333333333,1,1,1,0.0,-1.0,0.052001953125,0.9011307246885418,0.4302571614583333,0.3888946266167955,0.4302571614583333
5015,167.16666666666666,1,1,1,0.0,-1.0,0.050862630208333336,0.903176473311561,0.4311269124348958,0.3869966666807637,0.4311269124348958
5016,167.2,1,1,1,0.0,-1.0,0.047907511393229164,0.9084630386321222,0.4281056722005208,0.38909970578410114,0.4281056722005208
5017,167.23333333333332,1,1,1,0.0,-1.0,0.047953287760416664,0.9082623509333553,0.4285532633463542,0.38765678251444347,0.4285532633463542
5018,167.26666666666668,1,1,1,0.0,-1.0,0.04766845703125,0.9085779354033204,0.4319356282552083,0.3832206272600135,0.4319356282552083
5019,167.3,1,1,1,0.0,-1.0,0.051483154296875,0.9013426065948079,0.4304860432942708,0.3833463924074183,0.4304860432942708
5020,167.33333333333334,1,1,1,0.0,-1.0,0.057240804036458336,0.8904813014754869,0.4361063639322917,0.3761004798352755,0.4361063639322917
5021,167.36666666666667,1,1,1,0.0,-1.0,0.06269327799479167,0.8799818957673979,0.4379425048828125,0.37232641134713224,0.4379425048828125
5022,167.4,1,1,1,0.0,-1.0,0.06995646158854167,0.866059934534693,0.4476776123046875,0.3606857779654141,0.4476776123046875
5023,167.43333333333334,1,1,1,0.0,-1.0,0.1242523193359375,0.7708168770641213,0.4539235432942708,0.34880979027630965,0.4539235432942708
5024,167.46666666666667,1,1,1,0.0,-1.0,0.09783935546875,0.810839496722414,0.4691975911458333,0.33075046752714055,0.4691975911458333
5025,167.5,1,1,1,0.0,-1.0,0.09578959147135417,0.812261878246195,0.476409912109375,0.3230401926315286,0.476409912109375
5026,167.53333333333333,1,1,1,0.0,-1.0,0.0849609375,0.8315623668822367,0.49560546875,0.3067604153772783,0.49560546875
5027,167.56666666666666,1,1,1,0.0,-1.0,0.071685791015625,0.857085805681095,0.505859375,0.3000239030854069,0.505859375
5028,167.6,1,1,1,0.0,-1.0,0.06005859375,0.87959017554189,0.5252838134765625,0.28358202174515773,0.5252838134765625
5029,167.63333333333333,1,1,1,0.0,-1.0,0.0634918212890625,0.8737070844412955,0.542083740234375,0.27079110847959537,0.542083740234375
5030,167.66666666666666,1,1,1,0.0,-1.0,0.0653533935546875,0.8715317015540974,0.5577901204427084,0.2606809450012062,0.5577901204427084
5031,167.7,1,1,1,0.0,-1.0,0.0673828125,0.8696695296365162,0.5692698160807291,0.2550550801268305,0.5692698160807291
5032,167.73333333333332,1,1,1,0.0,-1.0,0.069793701171875,0.8674165891787141,0.5760040283203125,0.25438362321084274,0.5760040283203125
5033,167.76666666666668,1,1,1,0.0,-1.0,0.07204691569010417,0.8652115075080459,0.5779520670572916,0.25847325117639086,0.5779520670572916
5034,167.8,1,1,1,0.0,-1.0,0.07189432779947917,0.8656264045815645,0.577239990234375,0.26386905651114256,0.577239990234375
5035,167.83333333333334,1,1,1,0.0,-1.0,0.06311543782552083,0.879089901856367,0.5759684244791666,0.2674210301199153,0.5759684244791666
5036,167.86666666666667,1,1,1,0.0,-1.0,0.11663309733072917,0.7782657443061144,0.5853474934895834,0.2615275045098674,0.5853474934895834
5037,167.9,1,1,1,0.0,-1.0,0.06766764322916667,0.8519608683001245,0.60235595703125,0.24700266875345492,0.60235595703125
5038,167.93333333333334,1,1,1,0.0,-1.0,0.07769266764322917,0.8101093766595011,0.6162261962890625,0.23207465478614164,0.6162261962890625
5039,167.96666666666667,1,1,1,0.0,-1.0,0.058832804361979164,0.8211623918242197,0.626708984375,0.21903976402668832,0.626708984375
5040,168.0,1,1,1,0.0,-1.0,0.053120930989583336,0.7960210693832324,0.6349385579427084,0.2069200754045063,0.6349385579427084
5041,168.03333333333333,1,1,1,0.0,-1.0,0.056172688802083336,0.7064079615406922,0.6378580729166666,0.1967288025298976,0.6378580729166666
5042,168.06666666666666,1,1,1,0.0,-1.0,0.031717936197916664,0.7058566194043854,0.639739990234375,0.19045755225513947,0.639739990234375
5043,168.1,1,1,1,0.0,-1.0,0.013188680013020834,0.7935341754957733,0.6408945719401041,0.1884297724111687,0.6408945719401041
5044,168.13333333333333,1,1,1,0.0,-1.0,0.012537638346354166,0.7698265977528507,0.643280029296875,0.18541009025646643,0.643280029296875
5045,168.16666666666666,1,1,1,0.0,-1.0,0.008794148763020834,0.8057889978023807,0.6412709554036459,0.18645461104719754,0.6412709554036459
5046,168.2,1,1,1,0.0,-1.0,0.0031534830729166665,0.9235152873651562,0.6386311848958334,0.1887249418088241,0.6386311848958334
5047,168.23333333333332,1,1,1,0.0,-1.0,0.0011037190755208333,0.9741037758679578,0.6371358235677084,0.18988712031304789,0.6371358235677084
5048,168.26666666666668,1,1,1,0.0,-1.0,0.0007273356119791666,0.9834371295996982,0.63616943359375,0.1907027668516345,0.63616943359375
5049,168.3,1,1,1,0.0,-1.0,0.0017242431640625,0.96231892631854,0.6361033121744791,0.19077533451515183,0.6361033121744791
5050,168.33333333333334,1,1,1,0.0,-1.0,0.0018361409505208333,0.9602609295189046,0.6365458170572916,0.19054536171652034,0.6365458170572916
5051,168.36666666666667,1,1,1,0.0,-1.0,0.0021209716796875,0.9547887725032811,0.6370747884114584,0.1902692316664602,0.6370747884114584
5052,168.4,1,1,1,0.0,-1.0,0.0021870930989583335,0.9537800455079084,0.6377156575520834,0.18992926121466436,0.6377156575520834
5053,168.43333333333334,1,1,1,0.0,-1.0,0.0024566650390625,0.948929420971076,0.6381479899088541,0.18973549265893314,0.6381479899088541
5054,168.46666666666667,1,1,1,0.0,-1.0,0.0022430419921875,0.9537973192807447,0.6381174723307291,0.18987888825837995,0.6381174723307291
5055,168.5,1,1,1,0.0,-1.0,0.0024210611979166665,0.95097951132906,0.6383412679036459,0.189814528259467,0.6383412679036459
5056,168.53333333333333,1,1,1,0.0,-1.0,0.005116780598958333,0.9036452352752896,0.6387837727864584,0.1896269594176895,0.6387837727864584
5057,168.56666666666666,1,1,1,0.0,-1.0,0.004292805989583333,0.9180759594113559,0.6394907633463541,0.18890640916928533,0.6394907633463541
5058,168.6,1,1,1,0.0,-1.0,0.004384358723958333,0.9140371330110413,0.6402994791666666,0.18812544821266997,0.6402994791666666
5059,168.63333333333333,1,1,1,0.0,-1.0,0.004353841145833333,0.9116078752168977,0.6417032877604166,0.1868850821153511,0.6417032877604166
5060,168.66666666666666,1,1,1,0.0,-1.0,0.004313151041666667,0.908499021764013,0.6433563232421875,0.18553097391681253,0.6433563232421875
5061,168.7,1,1,1,0.0,-1.0,0.004063924153645833,0.9100877293190481,0.644775390625,0.18442001243616307,0.644775390625
5062,168.73333333333332,1,1,1,0.0,-1.0,0.0038197835286458335,0.9119305408532088,0.6462758382161459,0.1833260022248565,0.6462758382161459
5063,168.76666666666668,1,1,1,0.0,-1.0,0.002685546875,0.9341320625649512,0.6478932698567709,0.18214809415580693,0.6478932698567709
5064,168.8,1,1,1,0.0,-1.0,0.0013834635416666667,0.9634022933206778,0.6493072509765625,0.18108710003022252,0.6493072509765625
5065,168.83333333333334,1,1,1,0.0,-1.0,0.0006510416666666666,0.9818661323900093,0.6498769124348959,0.18073199196332188,0.6498769124348959
5066,168.86666666666667,1,1,1,0.0,-1.0,0.0006459554036458334,0.9818891299405039,0.6501413981119791,0.18058983033380943,0.6501413981119791
5067,168.9,1,1,1,0.0,-1.0,0.0005747477213541666,0.98375158201067,0.6503041585286459,0.18046168763979376,0.6503041585286459
5068,168.93333333333334,1,1,1,0.0,-1.0,0.0006306966145833334,0.9821451457310744,0.6502482096354166,0.18047029343411075,0.6502482096354166
5069,168.96666666666667,1,1,1,0.0,-1.0,0.0006103515625,0.9828307229896804,0.64996337890625,0.18069921202196731,0.64996337890625
5070,169.0,1,1,1,0.0,-1.0,0.0006510416666666666,0.9818859115827759,0.6496683756510416,0.18093557246818776,0.6496683756510416
5071,169.03333333333333,1,1,1,0.0,-1.0,0.0007731119791666666,0.9788527309566748,0.64923095703125,0.1812464468605878,0.64923095703125
5072,169.06666666666666,1,1,1,0.0,-1.0,0.0016682942708333333,0.9564201014746898,0.6487630208333334,0.18168864755249495,0.6487630208333334
5073,169.1,1,1,1,0.0,-1.0,0.00079345703125,0.9792567231415861,0.648895263671875,0.1816420075628478,0.648895263671875
5074,169.13333333333333,1,1,1,0.0,-1.0,0.0009002685546875,0.9768837130358201,0.6490224202473959,0.1816697416690482,0.6490224202473959
5075,169.16666666666666,1,1,1,0.0,-1.0,0.0009206136067708334,0.9767805027479466,0.6493886311848959,0.18153511708449482,0.6493886311848959
5076,169.2,1,1,1,0.0,-1.0,0.0009613037109375,0.9760315227089628,0.6498667399088541,0.18135178571023433,0.6498667399088541
5077,169.23333333333332,1,1,1,0.0,-1.0,0.0009307861328125,0.9771753810974413,0.6505279541015625,0.18113898868687206,0.6505279541015625
5078,169.26666666666668,1,1,1,0.0,-1.0,0.0009307861328125,0.9776087939169218,0.6513671875,0.18081149873822872,0.6513671875
5079,169.3,1,1,1,0.0,-1.0,0.0010019938151041667,0.97626829993438,0.6524403889973959,0.18037407363159544,0.6524403889973959
5080,169.33333333333334,1,1,1,0.0,-1.0,0.0019683837890625,0.9554825754544856,0.6534067789713541,0.18011278376821602,0.6534067789713541
5081,169.36666666666667,1,1,1,0.0,-1.0,0.0009663899739583334,0.9781673742162889,0.6547902425130209,0.17946308410025236,0.6547902425130209
5082,169.4,1,1,1,0.0,-1.0,0.0010528564453125,0.9764567110020697,0.6560872395833334,0.17884240376753802,0.6560872395833334
5083,169.43333333333334,1,1,1,0.0,-1.0,0.0010426839192708333,0.9768449910196018,0.6575876871744791,0.1780495917982275,0.6575876871744791
5084,169.46666666666667,1,1,1,0.0,-1.0,0.0009307861328125,0.9794450182618735,0.6584828694661459,0.1776630993167391,0.6584828694661459
5085,169.5,1,1,1,0.0,-1.0,0.0010172526041666667,0.9778953543129305,0.6591695149739584,0.17738977346000936,0.6591695149739584
5086,169.53333333333333,1,1,1,0.0,-1.0,0.0009918212890625,0.9787698110695779,0.6596476236979166,0.1772355280988985,0.6596476236979166
5087,169.56666666666666,1,1,1,0.0,-1.0,0.0010528564453125,0.9777674957165571,0.6598714192708334,0.17723042133661146,0.6598714192708334
5088,169.6,1,1,1,0.0,-1.0,0.0019022623697916667,0.9613245403500472,0.6599884033203125,0.17736527791708295,0.6599884033203125
5089,169.63333333333333,1,1,1,0.0,-1.0,0.0010630289713541667,0.9784923638466172,0.6602427164713541,0.17732957113750758,0.6602427164713541
5090,169.66666666666666,1,1,1,0.0,-1.0,0.0009307861328125,0.981324757824013,0.6604766845703125,0.17730993133117756,0.6604766845703125
5091,169.7,1,1,1,0.0,-1.0,0.0010884602864583333,0.9786165657895709,0.6605580647786459,0.17745200876816364,0.6605580647786459
5092,169.73333333333332,1,1,1,0.0,-1.0,0.0013071695963541667,0.9749783329515171,0.6605377197265625,0.1776792870657243,0.6605377197265625
5093,169.76666666666668,1,1,1,0.0,-1.0,0.0013224283854166667,0.9754194445698867,0.660369873046875,0.17801788600372298,0.660369873046875
5094,169.8,1,1,1,0.0,-1.0,0.0015411376953125,0.9723604961019149,0.6599019368489584,0.17858840857090758,0.6599019368489584
5095,169.83333333333334,1,1,1,0.0,-1.0,0.0018310546875,0.968564942552387,0.6593882242838541,0.17920851202615712,0.6593882242838541
5096,169.86666666666667,1,1,1,0.0,-1.0,0.0042877197265625,0.9335779933798711,0.6585947672526041,0.1803124047049144,0.6585947672526041
5097,169.9,1,1,1,0.0,-1.0,0.0025736490885416665,0.9618754388925306,0.6576944986979166,0.18124009480141326,0.6576944986979166
5098,169.93333333333334,1,1,1,0.0,-1.0,0.00274658203125,0.9614033655471179,0.6565297444661459,0.18234853933095485,0.6565297444661459
5099,169.96666666666667,1,1,1,0.0,-1.0,0.0031331380208333335,0.9584421831693901,0.6549733479817709,0.1837855523359314,0.6549733479817709
5100,170.0,1,1,1,0.0,-1.0,0.0034027099609375,0.9575323198911563,0.6531626383463541,0.1854928029712844,0.6531626383463541
5101,170.03333333333333,1,1,1,0.0,-1.0,0.00439453125,0.9490661578389135,0.6517537434895834,0.18701719606615722,0.6517537434895834
5102,170.06666666666666,1,1,1,0.0,-1.0,0.005284627278645833,0.9431845831610082,0.6510213216145834,0.18814168566115927,0.6510213216145834
5103,170.1,1,1,1,0.0,-1.0,0.006439208984375,0.9361753285194525,0.649658203125,0.18990123779875262,0.649658203125
5104,170.13333333333333,1,1,1,0.0,-1.0,0.016164143880208332,0.866964359789987,0.6464487711588541,0.19390947184126256,0.6464487711588541
5105,170.16666666666666,1,1,1,0.0,-1.0,0.0088958740234375,0.9305773331840977,0.6458892822265625,0.19532779569423997,0.6458892822265625
5106,170.2,1,1,1,0.0,-1.0,0.010096232096354166,0.9277141960796182,0.6450551350911459,0.19718671558736106,0.6450551350911459
5107,170.23333333333332,1,1,1,0.0,-1.0,0.011052449544270834,0.9273773413197333,0.644744873046875,0.19877450729071924,0.644744873046875
5108,170.26666666666668,1,1,1,0.0,-1.0,0.0120849609375,0.9272355932672959,0.6437581380208334,0.20097624474151068,0.6437581380208334
5109,170.3,1,1,1,0.0,-1.0,0.013387044270833334,0.926277602429348,0.6414082845052084,0.20419200057291803,0.6414082845052084
5110,170.33333333333334,1,1,1,0.0,-1.0,0.014841715494791666,0.9249305847477982,0.6384684244791666,0.20782213233090713,0.6384684244791666
5111,170.36666666666667,1,1,1,0.0,-1.0,0.014607747395833334,0.9309016746203875,0.6353403727213541,0.21138564373565139,0.6353403727213541
5112,170.4,1,1,1,0.0,-1.0,0.0278167724609375,0.8828279574058142,0.6288401285807291,0.21786306440257508,0.6288401285807291
5113,170.43333333333334,1,1,1,0.0,-1.0,0.016459147135416668,0.9322549935818445,0.6244303385416666,0.22211208730106757,0.6244303385416666
5114,170.46666666666667,1,1,1,0.0,-1.0,0.01708984375,0.9326087104879566,0.6202596028645834,0.22614589226806295,0.6202596028645834
5115,170.5,1,1,1,0.0,-1.0,0.016001383463541668,0.9390686150548944,0.6176096598307291,0.22893667761284933,0.6176096598307291
5116,170.53333333333333,1,1,1,0.0,-1.0,0.014745076497395834,0.9455011919114306,0.6128082275390625,0.23331842390240054,0.6128082275390625
5117,170.56666666666666,1,1,1,0.0,-1.0,0.012674967447916666,0.9542629304003689,0.6089324951171875,0.23690632957935204,0.6089324951171875
5118,170.6,1,1,1,0.0,-1.0,0.010075887044270834,0.964175026722672,0.6069793701171875,0.2388686707103585,0.6069793701171875
5119,170.63333333333333,1,1,1,0.0,-1.0,0.009521484375,0.9666943751483406,0.6057535807291666,0.24024289064149446,0.6057535807291666
5120,170.66666666666666,1,1,1,0.0,-1.0,0.0027872721354166665,0.9901750814707871,0.6070556640625,0.23937966010466205,0.6070556640625
5121,170.7,1,1,1,0.0,-1.0,0.0028839111328125,0.9898475861914405,0.6083017985026041,0.23856110205881897,0.6083017985026041
5122,170.73333333333332,1,1,1,0.0,-1.0,0.0030110677083333335,0.9894199219906121,0.6094767252604166,0.2377998541484356,0.6094767252604166
5123,170.76666666666668,1,1,1,0.0,-1.0,0.0034332275390625,0.9879633478876122,0.6106821695963541,0.23698675209532327,0.6106821695963541
5124,170.8,1,1,1,0.0,-1.0,0.0035451253255208335,0.987588186990878,0.6114349365234375,0.23654006939558142,0.6114349365234375
5125,170.83333333333334,1,1,1,0.0,-1.0,0.0038604736328125,0.9865168148220238,0.6120859781901041,0.2361337639386006,0.6120859781901041
5126,170.86666666666667,1,1,1,0.0,-1.0,0.003972371419270833,0.9861604534231663,0.612091064453125,0.23623081047752068,0.612091064453125
5127,170.9,1,1,1,0.0,-1.0,0.004313151041666667,0.9850231852683128,0.612213134765625,0.23622915291192048,0.612213134765625
5128,170.93333333333334,1,1,1,0.0,-1.0,0.004460652669270833,0.9845534932180442,0.6121775309244791,0.2363343505416815,0.6121775309244791
5129,170.96666666666667,1,1,1,0.0,-1.0,0.0045623779296875,0.9842485506579552,0.6121978759765625,0.23640189665523997,0.6121978759765625
5130,171.0,1,1,1,0.0,-1.0,0.004618326822916667,0.9841052840621002,0.6121978759765625,0.23647929224608738,0.6121978759765625
5131,171.03333333333333,1,1,1,0.0,-1.0,0.0050048828125,0.9828463948767968,0.6122487386067709,0.23652874558204257,0.6122487386067709
5132,171.06666666666666,1,1,1,0.0,-1.0,0.0052032470703125,0.982240955658046,0.6121470133463541,0.23672068925830408,0.6121470133463541
5133,171.1,1,1,1,0.0,-1.0,0.0050811767578125,0.9827329000486442,0.612030029296875,0.23692914381116462,0.612030029296875
5134,171.13333333333333,1,1,1,0.0,-1.0,0.0054931640625,0.9814441517311923,0.6118876139322916,0.2371915569394052,0.6118876139322916
5135,171.16666666666666,1,1,1,0.0,-1.0,0.005681355794270833,0.9809229050093365,0.611968994140625,0.237300064801162,0.611968994140625
5136,171.2,1,1,1,0.0,-1.0,0.006327311197916667,0.9788983415550517,0.6123708089192709,0.23716905630141333,0.6123708089192709
5137,171.23333333333332,1,1,1,0.0,-1.0,0.006388346354166667,0.9788298970875255,0.6129201253255209,0.23694664932985715,0.6129201253255209
5138,171.26666666666668,1,1,1,0.0,-1.0,0.006525675455729167,0.9785311959952652,0.6132914225260416,0.2368550162819447,0.6132914225260416
5139,171.3,1,1,1,0.0,-1.0,0.0069427490234375,0.9773406130995959,0.6130625406901041,0.2372343403346021,0.6130625406901041
5140,171.33333333333334,1,1,1,0.0,-1.0,0.007436116536458333,0.9759570833746362,0.61285400390625,0.23759812562436938,0.61285400390625
5141,171.36666666666667,1,1,1,0.0,-1.0,0.007563273111979167,0.9757506463577583,0.6127675374348959,0.23786463853564338,0.6127675374348959
5142,171.4,1,1,1,0.0,-1.0,0.007451375325520833,0.9763074405704959,0.6130523681640625,0.23784198982469507,0.6130523681640625
5143,171.43333333333334,1,1,1,0.0,-1.0,0.007817586263020834,0.9753877008145542,0.6128692626953125,0.23816836532810934,0.6128692626953125
5144,171.46666666666667,1,1,1,0.0,-1.0,0.008209228515625,0.9744244015580131,0.6122690836588541,0.2388065361817737,0.6122690836588541
5145,171.5,1,1,1,0.0,-1.0,0.008244832356770834,0.9745814448409666,0.6113230387369791,0.239709310425416,0.6113230387369791
5146,171.53333333333333,1,1,1,0.0,-1.0,0.0088043212890625,0.9731663815614582,0.6108754475911459,0.2402232627505686,0.6108754475911459
5147,171.56666666666666,1,1,1,0.0,-1.0,0.009333292643229166,0.9718956645946979,0.6103363037109375,0.24080016634961698,0.6103363037109375
5148,171.6,1,1,1,0.0,-1.0,0.010411580403645834,0.9690694465162422,0.6089223225911459,0.2420416040074071,0.6089223225911459
5149,171.63333333333333,1,1,1,0.0,-1.0,0.011205037434895834,0.9671618343931521,0.6077728271484375,0.24307603166751968,0.6077728271484375
5150,171.66666666666666,1,1,1,0.0,-1.0,0.011500040690104166,0.9667413229358524,0.60650634765625,0.24418955887782356,0.60650634765625
5151,171.7,1,1,1,0.0,-1.0,0.012379964192708334,0.9646908065846469,0.6047007242838541,0.2457235643713924,0.6047007242838541
5152,171.73333333333332,1,1,1,0.0,-1.0,0.012659708658854166,0.9643601813990155,0.6033579508463541,0.24688595794172452,0.6033579508463541
5153,171.76666666666668,1,1,1,0.0,-1.0,0.013397216796875,0.9628160185573156,0.6024881998697916,0.2476727352570539,0.6024881998697916
5154,171.8,1,1,1,0.0,-1.0,0.0139617919921875,0.9617948091148111,0.6011098225911459,0.2488409415385018,0.6011098225911459
5155,171.83333333333334,1,1,1,0.0,-1.0,0.014149983723958334,0.9617972913529763,0.5978291829427084,0.2514928516312288,0.5978291829427084
5156,171.86666666666667,1,1,1,0.0,-1.0,0.014272054036458334,0.9619716461951899,0.5942637125651041,0.25436045158416143,0.5942637125651041
5157,171.9,1,1,1,0.0,-1.0,0.013524373372395834,0.9643211662241693,0.591888427734375,0.2562751692704887,0.591888427734375
5158,171.93333333333334,1,1,1,0.0,-1.0,0.013315836588541666,0.9651911253988467,0.5896402994791666,0.2580851720739644,0.5896402994791666
5159,171.96666666666667,1,1,1,0.0,-1.0,0.01318359375,0.9658169036441091,0.5875905354817709,0.25973332901425833,0.5875905354817709
5160,172.0,1,1,1,0.0,-1.0,0.0128631591796875,0.9668967383640803,0.5852152506510416,0.2616374682486978,0.5852152506510416
5161,172.03333333333333,1,1,1,0.0,-1.0,0.012781778971354166,0.9673599647719495,0.5834197998046875,0.2630799656583086,0.5834197998046875
5162,172.06666666666666,1,1,1,0.0,-1.0,0.0129852294921875,0.9671106380939427,0.5813751220703125,0.2647200880442848,0.5813751220703125
5163,172.1,1,1,1,0.0,-1.0,0.012919108072916666,0.9675362698389662,0.5793050130208334,0.2663798152283463,0.5793050130208334
5164,172.13333333333333,1,1,1,0.0,-1.0,0.0133056640625,0.9668464294534349,0.5770467122395834,0.26818983582769096,0.5770467122395834
5165,172.16666666666666,1,1,1,0.0,-1.0,0.0137176513671875,0.9660815983003619,0.575439453125,0.2694742711899575,0.575439453125
5166,172.2,1,1,1,0.0,-1.0,0.013605753580729166,0.9665990580527546,0.5736490885416666,0.270903762911073,0.5736490885416666
5167,172.23333333333332,1,1,1,0.0,-1.0,0.0137786865234375,0.9664310268990277,0.5726064046223959,0.27172508333164597,0.5726064046223959
5168,172.26666666666668,1,1,1,0.0,-1.0,0.013824462890625,0.9665147101758167,0.572723388671875,0.2716074521535323,0.572723388671875
5169,172.3,1,1,1,0.0,-1.0,0.0139007568359375,0.9665338096613042,0.572265625,0.2719491817803989,0.572265625
5170,172.33333333333334,1,1,1,0.0,-1.0,0.0135955810546875,0.9674313310446712,0.57196044921875,0.2721667963062139,0.57196044921875
5171,172.36666666666667,1,1,1,0.0,-1.0,0.014058430989583334,0.9664952373610507,0.5729573567708334,0.271329769699193,0.5729573567708334
5172,172.4,1,1,1,0.0,-1.0,0.013707478841145834,0.9674512011658576,0.5743001302083334,0.2702212468544588,0.5743001302083334
5173,172.43333333333334,1,1,1,0.0,-1.0,0.013712565104166666,0.9675451521582789,0.5743916829427084,0.2701205092601694,0.5743916829427084
5174,172.46666666666667,1,1,1,0.0,-1.0,0.013300577799479166,0.9685969028764962,0.574005126953125,0.2704209186723179,0.574005126953125
5175,172.5,1,1,1,0.0,-1.0,0.013097127278645834,0.9691300394938942,0.5745849609375,0.26994454195196627,0.5745849609375
5176,172.53333333333333,1,1,1,0.0,-1.0,0.012415568033854166,0.9707551698486792,0.5756378173828125,0.269098434891584,0.5756378173828125
5177,172.56666666666666,1,1,1,0.0,-1.0,0.0123748779296875,0.9708754336592927,0.576904296875,0.26808869738495533,0.576904296875
5178,172.6,1,1,1,0.0,-1.0,0.013346354166666666,0.9686416079965529,0.5776723225911459,0.2674872587879753,0.5776723225911459
5179,172.63333333333333,1,1,1,0.0,-1.0,0.012812296549479166,0.9698835725000293,0.5786081949869791,0.2667433806219115,0.5786081949869791
5180,172.66666666666666,1,1,1,0.0,-1.0,0.013799031575520834,0.9676191562377994,0.5794016520182291,0.2661127444324288,0.5794016520182291
5181,172.7,1,1,1,0.0,-1.0,0.014368693033854166,0.9663385625113265,0.57928466796875,0.2662096437027684,0.57928466796875
5182,172.73333333333332,1,1,1,0.0,-1.0,0.014994303385416666,0.964941361715624,0.5784810384114584,0.2668485871135321,0.5784810384114584
5183,172.76666666666668,1,1,1,0.0,-1.0,0.015446980794270834,0.9639638259789438,0.5786794026692709,0.26668453544094756,0.5786794026692709
5184,172.8,1,1,1,0.0,-1.0,0.016423543294270832,0.9618000794922281,0.5796356201171875,0.26590953263806316,0.5796356201171875
5185,172.83333333333334,1,1,1,0.0,-1.0,0.0178985595703125,0.958558151984822,0.5793507893880209,0.26611976744235943,0.5793507893880209
5186,172.86666666666667,1,1,1,0.0,-1.0,0.0188140869140625,0.9566261224045431,0.5791168212890625,0.26629126546945325,0.5791168212890625
5187,172.9,1,1,1,0.0,-1.0,0.020655314127604168,0.9526527535602586,0.5778757731119791,0.26726572261898657,0.5778757731119791
5188,172.93333333333334,1,1,1,0.0,-1.0,0.023783365885416668,0.9459765184556383,0.5744476318359375,0.2699823710156332,0.5744476318359375
5189,172.96666666666667,1,1,1,0.0,-1.0,0.025105794270833332,0.9434026517761436,0.5720011393229166,0.2719100161308089,0.5720011393229166
5190,173.0,1,1,1,0.0,-1.0,0.027043660481770832,0.9396059973574665,0.571044921875,0.27261900210647666,0.571044921875
5191,173.03333333333333,1,1,1,0.0,-1.0,0.028696695963541668,0.9365276818972275,0.5677998860677084,0.2751647935834364,0.5677998860677084
5192,173.06666666666666,1,1,1,0.0,-1.0,0.0301666259765625,0.9339855781310638,0.5655364990234375,0.2768789882928583,0.5655364990234375
5193,173.1,1,1,1,0.0,-1.0,0.032933553059895836,0.9288705467466642,0.562713623046875,0.2789963603795428,0.562713623046875
5194,173.13333333333333,1,1,1,0.0,-1.0,0.035100301106770836,0.9252018968980111,0.5572052001953125,0.2832728897261684,0.5572052001953125
5195,173.16666666666666,1,1,1,0.0,-1.0,0.0369110107421875,0.9223340512919853,0.5561116536458334,0.2838658135072112,0.5561116536458334
5196,173.2,1,1,1,0.0,-1.0,0.038798014322916664,0.9193633528469851,0.5507914225260416,0.2879212668842423,0.5507914225260416
5197,173.23333333333332,1,1,1,0.0,-1.0,0.0393218994140625,0.919048641847071,0.5493265787760416,0.28872037145699614,0.5493265787760416
5198,173.26666666666668,1,1,1,0.0,-1.0,0.038996378580729164,0.920341515131355,0.5467732747395834,0.29044322736744843,0.5467732747395834
5199,173.3,1,1,1,0.0,-1.0,0.036366780598958336,0.9259336932520076,0.541961669921875,0.29412687809180615,0.541961669921875
5200,173.33333333333334,1,1,1,0.0,-1.0,0.034505208333333336,0.929901688539005,0.5400238037109375,0.2954543794229491,0.5400238037109375
5201,173.36666666666667,1,1,1,0.0,-1.0,0.032887776692708336,0.93327804668819,0.5393320719401041,0.29582089825279384,0.5393320719401041
5202,173.4,1,1,1,0.0,-1.0,0.029790242513020832,0.9394579185135883,0.5362548828125,0.2983171891389132,0.5362548828125
5203,173.43333333333334,1,1,1,0.0,-1.0,0.0263824462890625,0.9462358027031408,0.5389658610026041,0.2959564060865576,0.5389658610026041
5204,173.46666666666667,1,1,1,0.0,-1.0,0.025868733723958332,0.9473070155044049,0.5413970947265625,0.29376600584090445,0.5413970947265625
5205,173.5,1,1,1,0.0,-1.0,0.029352823893229168,0.9404468995182993,0.5445454915364584,0.2911921471702366,0.5445454915364584
5206,173.53333333333333,1,1,1,0.0,-1.0,0.031707763671875,0.9356169524587759,0.5477752685546875,0.28890366718044974,0.5477752685546875
5207,173.56666666666666,1,1,1,0.0,-1.0,0.039764404296875,0.9193073337523103,0.5517171223958334,0.2862798700406911,0.5517171223958334
5208,173.6,1,1,1,0.0,-1.0,0.048044840494791664,0.9021556653408542,0.5551605224609375,0.2841868237417086,0.5551605224609375
5209,173.63333333333333,1,1,1,0.0,-1.0,0.0554656982421875,0.8861609973137651,0.5551503499348959,0.28483960279122866,0.5551503499348959
5210,173.66666666666666,1,1,1,0.0,-1.0,0.058237711588541664,0.8786532612001412,0.5563812255859375,0.28432294553029963,0.5563812255859375
5211,173.7,1,1,1,0.0,-1.0,0.059956868489583336,0.8727367370799891,0.55902099609375,0.2825263255688119,0.55902099609375
5212,173.73333333333332,1,1,1,0.0,-1.0,0.062021891276041664,0.8653979885793774,0.5635121663411459,0.2790970580256361,0.5635121663411459
5213,173.76666666666668,1,1,1,0.0,-1.0,0.075927734375,0.8311281075771565,0.57208251953125,0.2721131572018529,0.57208251953125
5214,173.8,1,1,1,0.0,-1.0,0.07879638671875,0.8120371612809563,0.5840911865234375,0.2615279021965647,0.5840911865234375
5215,173.83333333333334,1,1,1,0.0,-1.0,0.07053629557291667,0.8112466882974473,0.5951487223307291,0.2509811017538014,0.5951487223307291
5216,173.86666666666667,1,1,1,0.0,-1.0,0.0595855712890625,0.8183405373953263,0.6034495035807291,0.24249009850265318,0.6034495035807291
5217,173.9,1,1,1,0.0,-1.0,0.035649617513020836,0.8734638095841749,0.60906982421875,0.2367606225949937,0.60906982421875
5218,173.93333333333334,1,1,1,0.0,-1.0,0.023732503255208332,0.9065260128612047,0.6139170328776041,0.2317799771932918,0.6139170328776041
5219,173.96666666666667,1,1,1,0.0,-1.0,0.023223876953125,0.9025806339972977,0.6172383626302084,0.2282067785464633,0.6172383626302084
5220,174.0,1,1,1,0.0,-1.0,0.025461832682291668,0.8886815845990098,0.620269775390625,0.22504922311057884,0.620269775390625
5221,174.03333333333333,1,1,1,0.0,-1.0,0.0286712646484375,0.8715039414794132,0.620330810546875,0.22438024663080636,0.620330810546875
5222,174.06666666666666,1,1,1,0.0,-1.0,0.032018025716145836,0.8552967881925535,0.619354248046875,0.22480800044639798,0.619354248046875
5223,174.1,1,1,1,0.0,-1.0,0.032979329427083336,0.8484838852474001,0.6230824788411459,0.22146693114469895,0.6230824788411459
5224,174.13333333333333,1,1,1,0.0,-1.0,0.032251993815104164,0.8464335813352633,0.62896728515625,0.21624124700404387,0.62896728515625
5225,174.16666666666666,1,1,1,0.0,-1.0,0.037775675455729164,0.8163625541028579,0.6351877848307291,0.21090948021779582,0.6351877848307291
5226,174.2,1,1,1,0.0,-1.0,0.0435333251953125,0.7849966121372222,0.6436665852864584,0.20399875514959553,0.6436665852864584
5227,174.23333333333332,1,1,1,0.0,-1.0,0.038798014322916664,0.7965965230183119,0.6516011555989584,0.19758718196679606,0.6516011555989584
5228,174.26666666666668,1,1,1,0.0,-1.0,0.035298665364583336,0.8058629154597545,0.6601969401041666,0.19101025402061156,0.6601969401041666
5229,174.3,1,1,1,0.0,-1.0,0.038874308268229164,0.7837476366793095,0.6713358561197916,0.18265785777289936,0.6713358561197916
5230,174.33333333333334,1,1,1,0.0,-1.0,0.039459228515625,0.7730269589610412,0.6839447021484375,0.17318134995965292,0.6839447021484375
5231,174.36666666666667,1,1,1,0.0,-1.0,0.0122528076171875,0.9137088647119906,0.6878102620442709,0.1697238601959445,0.6878102620442709
5232,174.4,1,1,1,0.0,-1.0,0.0098419189453125,0.926617828652696,0.68670654296875,0.17028331771094166,0.68670654296875
5233,174.43333333333334,1,1,1,0.0,-1.0,0.009068806966145834,0.9311044177285657,0.6844685872395834,0.17170852875945816,0.6844685872395834
5234,174.46666666666667,1,1,1,0.0,-1.0,0.0084686279296875,0.9347892593565527,0.6827036539713541,0.17282023056126594,0.6827036539713541
5235,174.5,1,1,1,0.0,-1.0,0.011016845703125,0.9153431720924712,0.6822662353515625,0.17273043813675476,0.6822662353515625
5236,174.53333333333333,1,1,1,0.0,-1.0,0.0092010498046875,0.9271368900175487,0.6808268229166666,0.17358694928137391,0.6808268229166666
5237,174.56666666666666,1,1,1,0.0,-1.0,0.0097503662109375,0.9228813139056322,0.6789398193359375,0.17480538872542062,0.6789398193359375
5238,174.6,1,1,1,0.0,-1.0,0.010111490885416666,0.9207115175458851,0.6776275634765625,0.17572558420449785,0.6776275634765625
5239,174.63333333333333,1,1,1,0.0,-1.0,0.016398111979166668,0.8779775244637094,0.6731058756510416,0.17901120695355555,0.6731058756510416
5240,174.66666666666666,1,1,1,0.0,-1.0,0.0173797607421875,0.874083224344375,0.669464111328125,0.18180870227262708,0.669464111328125
5241,174.7,1,1,1,0.0,-1.0,0.013910929361979166,0.9004632714930132,0.665252685546875,0.1851609729559776,0.665252685546875
5242,174.73333333333332,1,1,1,0.0,-1.0,0.011372884114583334,0.9204986047078628,0.6613515218098959,0.18825001691728377,0.6613515218098959
5243,174.76666666666668,1,1,1,0.0,-1.0,0.014134724934895834,0.9054607113266258,0.6579945882161459,0.19072851030094987,0.6579945882161459
5244,174.8,1,1,1,0.0,-1.0,0.014958699544270834,0.902230389301099,0.6554056803385416,0.1926101907980898,0.6554056803385416
5245,174.83333333333334,1,1,1,0.0,-1.0,0.011922200520833334,0.9223963310543097,0.6531728108723959,0.19432317845311106,0.6531728108723959
5246,174.86666666666667,1,1,1,0.0,-1.0,0.011850992838541666,0.925401301246862,0.64898681640625,0.1976141162917034,0.64898681640625
5247,174.9,1,1,1,0.0,-1.0,0.012664794921875,0.9236758848400075,0.6445668538411459,0.20108885142532384,0.6445668538411459
5248,174.93333333333334,1,1,1,0.0,-1.0,0.012176513671875,0.9286865492431806,0.6425832112630209,0.20254592585795922,0.6425832112630209
5249,174.96666666666667,1,1,1,0.0,-1.0,0.01885986328125,0.8940290554011574,0.6410675048828125,0.2032415134894414,0.6410675048828125
5250,175.0,1,1,1,0.0,-1.0,0.021519978841145832,0.8785611042060633,0.6378072102864584,0.20488915652615453,0.6378072102864584
5251,175.03333333333333,1,1,1,0.0,-1.0,0.018310546875,0.8955020969925966,0.6301422119140625,0.2107778362749541,0.6301422119140625
5252,175.06666666666666,1,1,1,0.0,-1.0,0.020721435546875,0.8882647639207348,0.6207071940104166,0.2183950648289637,0.6207071940104166
5253,175.1,1,1,1,0.0,-1.0,0.019571940104166668,0.8984486693833125,0.6126302083333334,0.22485780423227425,0.6126302083333334
5254,175.13333333333333,1,1,1,0.0,-1.0,0.024668375651041668,0.8774312232857199,0.6124013264973959,0.22497463355659053,0.6124013264973959
5255,175.16666666666666,1,1,1,0.0,-1.0,0.019048055013020832,0.9038622327145034,0.6113382975260416,0.2255776425694579,0.6113382975260416
5256,175.2,1,1,1,0.0,-1.0,0.016611735026041668,0.9164088758892837,0.6107584635416666,0.22621576944350963,0.6107584635416666
5257,175.23333333333332,1,1,1,0.0,-1.0,0.013376871744791666,0.9327060385131278,0.6104838053385416,0.22624560880458722,0.6104838053385416
5258,175.26666666666668,1,1,1,0.0,-1.0,0.011332194010416666,0.9426550088653451,0.6098429361979166,0.2266579965446778,0.6098429361979166
5259,175.3,1,1,1,0.0,-1.0,0.012547810872395834,0.9374581580698518,0.6081034342447916,0.22811288182744485,0.6081034342447916
5260,175.33333333333334,1,1,1,0.0,-1.0,0.012451171875,0.938102395926232,0.6076914469401041,0.22808019096052215,0.6076914469401041
5261,175.36666666666667,1,1,1,0.0,-1.0,0.017573038736979168,0.9114615465168971,0.6065165201822916,0.22785880983701925,0.6065165201822916
5262,175.4,1,1,1,0.0,-1.0,0.01953125,0.8974317792759245,0.6036936442057291,0.22912166175331022,0.6036936442057291
5263,175.43333333333334,1,1,1,0.0,-1.0,0.0162506103515625,0.9118779330719169,0.6011403401692709,0.2311268395556278,0.6011403401692709
5264,175.46666666666667,1,1,1,0.0,-1.0,0.016947428385416668,0.9098249720487023,0.5975290934244791,0.23414877247826915,0.5975290934244791
5265,175.5,1,1,1,0.0,-1.0,0.017033894856770832,0.9109610391571323,0.5933024088541666,0.23756278052034557,0.5933024088541666
5266,175.53333333333333,1,1,1,0.0,-1.0,0.013982137044270834,0.9271043973155928,0.5907999674479166,0.23959570611060557,0.5907999674479166
5267,175.56666666666666,1,1,1,0.0,-1.0,0.012278238932291666,0.9363708547411898,0.5903422037760416,0.23997094799782398,0.5903422037760416
5268,175.6,1,1,1,0.0,-1.0,0.012858072916666666,0.9338636799542049,0.58990478515625,0.2400427957719425,0.58990478515625
5269,175.63333333333333,1,1,1,0.0,-1.0,0.019541422526041668,0.903395409770763,0.5912068684895834,0.23932882695939606,0.5912068684895834
5270,175.66666666666666,1,1,1,0.0,-1.0,0.008488972981770834,0.9568509285473359,0.5894673665364584,0.24054733839250414,0.5894673665364584
5271,175.7,1,1,1,0.0,-1.0,0.011464436848958334,0.9426037218745109,0.5886789957682291,0.2409710687279306,0.5886789957682291
5272,175.73333333333332,1,1,1,0.0,-1.0,0.017054239908854168,0.9155066814751827,0.5882110595703125,0.24053632691336296,0.5882110595703125
5273,175.76666666666668,1,1,1,0.0,-1.0,0.026753743489583332,0.8674633627959896,0.5889536539713541,0.2386375980891446,0.5889536539713541
5274,175.8,1,1,1,0.0,-1.0,0.029276529947916668,0.8519889734406914,0.5841013590494791,0.24198700855260968,0.5841013590494791
5275,175.83333333333334,1,1,1,0.0,-1.0,0.023676554361979168,0.8790885929848693,0.5779978434244791,0.24726559928606734,0.5779978434244791
5276,175.86666666666667,1,1,1,0.0,-1.0,0.02203369140625,0.8906892375041342,0.57183837890625,0.2525885867844298,0.57183837890625
5277,175.9,1,1,1,0.0,-1.0,0.02044677734375,0.901289176021994,0.567535400390625,0.25628308775492553,0.567535400390625
5278,175.93333333333334,1,1,1,0.0,-1.0,0.017247517903645832,0.9184702233782791,0.5627288818359375,0.2605134438688344,0.5627288818359375
5279,175.96666666666667,1,1,1,0.0,-1.0,0.020146687825520832,0.9104468507916126,0.5587209065755209,0.26494483635077365,0.5587209065755209
5280,176.0,1,1,1,0.0,-1.0,0.025670369466145832,0.893973558458184,0.5569051106770834,0.26713152756130454,0.5569051106770834
5281,176.03333333333333,1,1,1,0.0,-1.0,0.028966267903645832,0.8864915598659764,0.5553690592447916,0.2691105555580436,0.5553690592447916
5282,176.06666666666666,1,1,1,0.0,-1.0,0.0230865478515625,0.9108761838779884,0.5536041259765625,0.27080808834682446,0.5536041259765625
5283,176.1,1,1,1,0.0,-1.0,0.024302164713541668,0.9090127935514136,0.5529022216796875,0.27197525460978567,0.5529022216796875
5284,176.13333333333333,1,1,1,0.0,-1.0,0.056421915690104164,0.8156037530301432,0.5589853922526041,0.269043700087795,0.5589853922526041
5285,176.16666666666666,1,1,1,0.0,-1.0,0.031010945638020832,0.8974718836606284,0.5595347086588541,0.26905318803458844,0.5595347086588541
5286,176.2,1,1,1,0.0,-1.0,0.038487752278645836,0.8772569249037677,0.5586090087890625,0.2701627119516816,0.5586090087890625
5287,176.23333333333332,1,1,1,0.0,-1.0,0.0281829833984375,0.9114151788146533,0.5548604329427084,0.2748953374716719,0.5548604329427084
5288,176.26666666666668,1,1,1,0.0,-1.0,0.025746663411458332,0.923284013168039,0.5490875244140625,0.2815945996349582,0.5490875244140625
5289,176.3,1,1,1,0.0,-1.0,0.021565755208333332,0.9382240774585934,0.5432078043619791,0.287538191081932,0.5432078043619791
5290,176.33333333333334,1,1,1,0.0,-1.0,0.029902140299479168,0.9184905891715025,0.5459086100260416,0.28639326794677145,0.5459086100260416
5291,176.36666666666667,1,1,1,0.0,-1.0,0.0392913818359375,0.8979104245545677,0.54833984375,0.28533428241387165,0.54833984375
5292,176.4,1,1,1,0.0,-1.0,0.036519368489583336,0.9061480017870494,0.5490366617838541,0.2847408038944657,0.5490366617838541
5293,176.43333333333334,1,1,1,0.0,-1.0,0.038579305013020836,0.9008354882928534,0.5490214029947916,0.2844521801126233,0.5490214029947916
5294,176.46666666666667,1,1,1,0.0,-1.0,0.039438883463541664,0.8973700770354085,0.5484517415364584,0.28417133981250814,0.5484517415364584
5295,176.5,1,1,1,0.0,-1.0,0.046295166015625,0.8779959384377359,0.5479278564453125,0.2835311035529104,0.5479278564453125
5296,176.53333333333333,1,1,1,0.0,-1.0,0.050872802734375,0.8633754606383568,0.5442250569661459,0.2855990132860489,0.5442250569661459
5297,176.56666666666666,1,1,1,0.0,-1.0,0.043548583984375,0.879838232577894,0.5402323404947916,0.288802856300925,0.5402323404947916
5298,176.6,1,1,1,0.0,-1.0,0.047231038411458336,0.8691567979272312,0.5412953694661459,0.28702123921335654,0.5412953694661459
5299,176.63333333333333,1,1,1,0.0,-1.0,0.0888824462890625,0.7761191332468076,0.5272267659505209,0.3013953957156666,0.5272267659505209
5300,176.66666666666666,1,1,1,0.0,-1.0,0.0296630859375,0.9222229755350055,0.5158284505208334,0.31298854235718865,0.5158284505208334
5301,176.7,1,1,1,0.0,-1.0,0.026697794596354168,0.9326383891165961,0.5086161295572916,0.3204271440616979,0.5086161295572916
5302,176.73333333333332,1,1,1,0.0,-1.0,0.0223541259765625,0.9444569289169805,0.5004119873046875,0.3279410326860116,0.5004119873046875
5303,176.76666666666668,1,1,1,0.0,-1.0,0.030324300130208332,0.9256705640227598,0.4956512451171875,0.3319402758140199,0.4956512451171875
5304,176.8,1,1,1,0.0,-1.0,0.034271240234375,0.9161738790460825,0.4968719482421875,0.33072126551538106,0.4968719482421875
5305,176.83333333333334,1,1,1,0.0,-1.0,0.038309733072916664,0.9063563709629028,0.5019734700520834,0.32580920126633695,0.5019734700520834
5306,176.86666666666667,1,1,1,0.0,-1.0,0.036198933919270836,0.9099927979256497,0.5082499186197916,0.3194164489301407,0.5082499186197916
5307,176.9,1,1,1,0.0,-1.0,0.039744059244791664,0.8987107537237343,0.5087941487630209,0.31743163461033297,0.5087941487630209
5308,176.93333333333334,1,1,1,0.0,-1.0,0.042261759440104164,0.8891560614678391,0.5173390706380209,0.3088147541923706,0.5173390706380209
5309,176.96666666666667,1,1,1,0.0,-1.0,0.0360260009765625,0.9026952070481109,0.5277811686197916,0.299427752305189,0.5277811686197916
5310,177.0,1,1,1,0.0,-1.0,0.056599934895833336,0.8549392883363967,0.5313008626302084,0.2980504575625518,0.5313008626302084
5311,177.03333333333333,1,1,1,0.0,-1.0,0.0970458984375,0.773397111795709,0.5091603597005209,0.3181356526329232,0.5091603597005209
5312,177.06666666666666,1,1,1,0.0,-1.0,0.049204508463541664,0.878140651812674,0.5009511311848959,0.32531189433329954,0.5009511311848959
5313,177.1,1,1,1,0.0,-1.0,0.0479583740234375,0.8825014437328278,0.4918772379557292,0.3344738613407358,0.4918772379557292
5314,177.13333333333333,1,1,1,0.0,-1.0,0.040064493815104164,0.9027487092181727,0.4862263997395833,0.34005624447581806,0.4862263997395833
5315,177.16666666666666,1,1,1,0.0,-1.0,0.034759521484375,0.915310745567876,0.4863179524739583,0.33981050974761906,0.4863179524739583
5316,177.2,1,1,1,0.0,-1.0,0.029876708984375,0.9267324565037349,0.4834493001302083,0.34263469868327057,0.4834493001302083
5317,177.23333333333332,1,1,1,0.0,-1.0,0.0433502197265625,0.8962563223816733,0.4843343098958333,0.34198944220358374,0.4843343098958333
5318,177.26666666666668,1,1,1,0.0,-1.0,0.05609130859375,0.869055636106181,0.4854888916015625,0.34134687326805147,0.4854888916015625
5319,177.3,1,1,1,0.0,-1.0,0.08367411295572917,0.8141440739101137,0.4902445475260417,0.3377445259263598,0.4902445475260417
5320,177.33333333333334,1,1,1,0.0,-1.0,0.11176554361979167,0.7631670101341521,0.5047454833984375,0.32523347996962915,0.5047454833984375
5321,177.36666666666667,1,1,1,0.0,-1.0,0.0992431640625,0.7864008590316036,0.5119476318359375,0.3185115307426841,0.5119476318359375
5322,177.4,1,1,1,0.0,-1.0,0.12224324544270833,0.7353589685250821,0.5048065185546875,0.3220963929505414,0.5048065185546875
5323,177.43333333333334,1,1,1,0.0,-1.0,0.11453755696614583,0.7328703398022124,0.52392578125,0.30242954866440563,0.52392578125
5324,177.46666666666667,1,1,1,0.0,-1.0,0.06340535481770833,0.833475096927474,0.5299936930338541,0.29706030202036476,0.5299936930338541
5325,177.5,1,1,1,0.0,-1.0,0.050287882486979164,0.8667527316157756,0.5275980631510416,0.30031281981261015,0.5275980631510416
5326,177.53333333333333,1,1,1,0.0,-1.0,0.0345306396484375,0.9081269676366541,0.526214599609375,0.3019583884418732,0.526214599609375
5327,177.56666666666666,1,1,1,0.0,-1.0,0.023585001627604168,0.9360039894344305,0.5295817057291666,0.2984396397459232,0.5295817057291666
5328,177.6,1,1,1,0.0,-1.0,0.023707071940104168,0.9346761801185688,0.5308329264322916,0.29680961335366024,0.5308329264322916
5329,177.63333333333333,1,1,1,0.0,-1.0,0.021036783854166668,0.9416990610415014,0.5304921468098959,0.2974343863201658,0.5304921468098959
5330,177.66666666666666,1,1,1,0.0,-1.0,0.045949300130208336,0.8804269945295613,0.5256500244140625,0.3026199592066787,0.5256500244140625
5331,177.7,1,1,1,0.0,-1.0,0.044377644856770836,0.8843603593898521,0.5287831624348959,0.29886643763706855,0.5287831624348959
5332,177.73333333333332,1,1,1,0.0,-1.0,0.060709635416666664,0.8377373417845704,0.5430043538411459,0.28344516307879786,0.5430043538411459
5333,177.76666666666668,1,1,1,0.0,-1.0,0.048868815104166664,0.8520507470969223,0.548553466796875,0.2739945648302997,0.548553466796875
5334,177.8,1,1,1,0.0,-1.0,0.13770039876302084,0.6222991375409643,0.5358327229817709,0.2830461363265146,0.5358327229817709
5335,177.83333333333334,1,1,1,0.0,-1.0,0.2224273681640625,0.4791701227433871,0.515411376953125,0.3034341869769733,0.515411376953125
5336,177.86666666666667,1,1,1,0.0,-1.0,0.09850565592447917,0.7155632722273932,0.5090993245442709,0.3062029900589466,0.5090993245442709
5337,177.9,1,1,1,0.0,-1.0,0.069793701171875,0.7831755932337714,0.5016428629557291,0.3140013165229971,0.5016428629557291
5338,177.93333333333334,1,1,1,0.0,-1.0,0.047119140625,0.8498391091308779,0.5000457763671875,0.3155028911533572,0.5000457763671875
5339,177.96666666666667,1,1,1,0.0,-1.0,0.0451507568359375,0.8537185453275065,0.4989217122395833,0.31493664703229274,0.4989217122395833
5340,178.0,1,1,1,0.0,-1.0,0.045293172200520836,0.8511573981018301,0.4949951171875,0.3184484711827062,0.4949951171875
5341,178.03333333333333,1,1,1,0.0,-1.0,0.10801188151041667,0.7107410980764133,0.4806467692057292,0.33719518562385936,0.4806467692057292
5342,178.06666666666666,1,1,1,0.0,-1.0,0.16430155436197916,0.6410951212434077,0.4791717529296875,0.34439628018404045,0.4791717529296875
5343,178.1,1,1,1,0.0,-1.0,0.1822662353515625,0.6265859206146132,0.508880615234375,0.31689939615180923,0.508880615234375
5344,178.13333333333333,1,1,1,0.0,-1.0,0.1625213623046875,0.6320463334976971,0.5048014322916666,0.3119173278760408,0.5048014322916666
5345,178.16666666666666,1,1,1,0.0,-1.0,0.15279134114583334,0.600990068913003,0.5125783284505209,0.30032903435346,0.5125783284505209
5346,178.2,1,1,1,0.0,-1.0,0.067169189453125,0.7757577158074087,0.5057322184244791,0.3048699213042654,0.5057322184244791
5347,178.23333333333332,1,1,1,0.0,-1.0,0.07026163736979167,0.7537669504533179,0.5128682454427084,0.2957184532302131,0.5128682454427084
5348,178.26666666666668,1,1,1,0.0,-1.0,0.052815755208333336,0.7977498184182104,0.5092926025390625,0.2989026860468233,0.5092926025390625
5349,178.3,1,1,1,0.0,-1.0,0.028706868489583332,0.8831873671383144,0.5054931640625,0.3030505435655044,0.5054931640625
5350,178.33333333333334,1,1,1,0.0,-1.0,0.029754638671875,0.8848630705673293,0.49853515625,0.31152222675765306,0.49853515625
5351,178.36666666666667,1,1,1,0.0,-1.0,0.02880859375,0.891237526487134,0.4993896484375,0.31041908655914385,0.4993896484375
5352,178.4,1,1,1,0.0,-1.0,0.064453125,0.7811438425819293,0.4969380696614583,0.31390302222984057,0.4969380696614583
5353,178.43333333333334,1,1,1,0.0,-1.0,0.13848368326822916,0.6129446343870182,0.5034637451171875,0.3098149832287031,0.5034637451171875
5354,178.46666666666667,1,1,1,0.0,-1.0,0.19948323567708334,0.5046848060701332,0.542694091796875,0.27557366487285556,0.542694091796875
5355,178.5,1,1,1,0.0,-1.0,0.16046651204427084,0.5396196313009332,0.5933634440104166,0.22734826947894596,0.5933634440104166
5356,178.53333333333333,1,1,1,0.0,-1.0,0.101531982421875,0.5555046781948345,0.5993143717447916,0.20815556212227024,0.5993143717447916
5357,178.56666666666666,1,1,1,0.0,-1.0,0.0380401611328125,0.5569176735399227,0.5865427652994791,0.20849977757782792,0.5865427652994791
5358,178.6,1,1,1,0.0,-1.0,0.006861368815104167,0.49656931559244794,0.5870107014973959,0.2064946492513021,0.5870107014973959
5359,178.63333333333333,1,1,1,0.0,-1.0,0.0,1.0,0.5880839029947916,0.20595804850260416,0.5880839029947916
5360,178.66666666666666,1,1,1,0.0,-1.0,0.0,1.0,0.5889790852864584,0.20551045735677084,0.5889790852864584
5361,178.7,1,1,1,0.0,-1.0,0.0036824544270833335,0.4981587727864583,0.590606689453125,0.2055338300687024,0.590606689453125
5362,178.73333333333332,1,1,1,0.0,-1.0,0.012690226236979166,0.5962144744531781,0.5920817057291666,0.20783117128247885,0.5920817057291666
5363,178.76666666666668,1,1,1,0.0,-1.0,0.021514892578125,0.6532007385619634,0.5897725423177084,0.2127066616895396,0.5897725423177084
5364,178.8,1,1,1,0.0,-1.0,0.06265767415364583,0.5480797460326488,0.5861358642578125,0.22345666195532565,0.5861358642578125
5365,178.83333333333334,1,1,1,0.0,-1.0,0.1145782470703125,0.5460439827830765,0.57568359375,0.2433932556317162,0.57568359375
5366,178.86666666666667,1,1,1,0.0,-1.0,0.1414642333984375,0.5870604433964057,0.5413767496744791,0.2793571028940856,0.5413767496744791
5367,178.9,1,1,1,0.0,-1.0,0.13669331868489584,0.6469647575495721,0.5141754150390625,0.3073682513988686,0.5141754150390625
5368,178.93333333333334,1,1,1,0.0,-1.0,0.11503092447916667,0.7099622589175745,0.4970245361328125,0.3237398289031353,0.4970245361328125
5369,178.96666666666667,1,1,1,0.0,-1.0,0.09665425618489583,0.7480047630751088,0.4863026936848958,0.33200040332639286,0.4863026936848958
5370,179.0,1,1,1,0.0,-1.0,0.06693013509114583,0.808366910036288,0.4811147054036458,0.3348149860718229,0.4811147054036458
5371,179.03333333333333,1,1,1,0.0,-1.0,0.048639933268229164,0.8479199880182369,0.4830118815104167,0.3312372001861561,0.4830118815104167
5372,179.06666666666666,1,1,1,0.0,-1.0,0.048878987630208336,0.8394290213118054,0.48419189453125,0.3285679653704967,0.48419189453125
5373,179.1,1,1,1,0.0,-1.0,0.0417022705078125,0.855998284524339,0.4853261311848958,0.3271668237359035,0.4853261311848958
5374,179.13333333333333,1,1,1,0.0,-1.0,0.03497314453125,0.87588850314546,0.4859212239583333,0.32656880075801387,0.4859212239583333
5375,179.16666666666666,1,1,1,0.0,-1.0,0.025889078776041668,0.9045541585564514,0.49151611328125,0.32105388411771574,0.49151611328125
5376,179.2,1,1,1,0.0,-1.0,0.020721435546875,0.920529721150217,0.4962870279947917,0.31603246544537855,0.4962870279947917
5377,179.23333333333332,1,1,1,0.0,-1.0,0.024871826171875,0.9002760609420357,0.5037282307942709,0.30739540987810327,0.5037282307942709
5378,179.26666666666668,1,1,1,0.0,-1.0,0.02056884765625,0.910108387931627,0.5133463541666666,0.29745849709388733,0.5133463541666666
5379,179.3,1,1,1,0.0,-1.0,0.018061319986979168,0.9150907836033737,0.520172119140625,0.29040784463496405,0.520172119140625
5380,179.33333333333334,1,1,1,0.0,-1.0,0.0181884765625,0.9098857442960604,0.5266367594401041,0.28413716273256673,0.5266367594401041
5381,179.36666666666667,1,1,1,0.0,-1.0,0.01690673828125,0.9119275438669001,0.5328420003255209,0.2783139734430046,0.5328420003255209
5382,179.4,1,1,1,0.0,-1.0,0.0175933837890625,0.9033137795244541,0.5397186279296875,0.2714292353138994,0.5397186279296875
5383,179.43333333333334,1,1,1,0.0,-1.0,0.01666259765625,0.9004673101096556,0.5494537353515625,0.26220753477930736,0.5494537353515625
5384,179.46666666666667,1,1,1,0.0,-1.0,0.013559977213541666,0.911030128657611,0.5568084716796875,0.25546481083004025,0.5568084716796875
5385,179.5,1,1,1,0.0,-1.0,0.010284423828125,0.9270273458952705,0.5625966389973959,0.25053530993576356,0.5625966389973959
5386,179.53333333333333,1,1,1,0.0,-1.0,0.007242838541666667,0.9455969222377847,0.566131591796875,0.24771611962853807,0.566131591796875
5387,179.56666666666666,1,1,1,0.0,-1.0,0.0064697265625,0.9498420888023573,0.5697224934895834,0.24495846358530085,0.5697224934895834
5388,179.6,1,1,1,0.0,-1.0,0.006500244140625,0.9485791778326709,0.5734303792317709,0.24219303453896168,0.5734303792317709
5389,179.63333333333333,1,1,1,0.0,-1.0,0.006856282552083333,0.9450243908775426,0.576690673828125,0.23985369049795946,0.576690673828125
5390,179.66666666666666,1,1,1,0.0,-1.0,0.007151285807291667,0.9418194855759123,0.5797373453776041,0.2376798967070014,0.5797373453776041
5391,179.7,1,1,1,0.0,-1.0,0.0076141357421875,0.9374295392570222,0.5836283365885416,0.23490656083465197,0.5836283365885416
5392,179.73333333333332,1,1,1,0.0,-1.0,0.007456461588541667,0.9379055125402191,0.5866241455078125,0.2328476810085927,0.5866241455078125
5393,179.76666666666668,1,1,1,0.0,-1.0,0.006591796875,0.9442109620323085,0.5893351236979166,0.23108485560511158,0.5893351236979166
5394,179.8,1,1,1,0.0,-1.0,0.005330403645833333,0.9543634649067521,0.5926971435546875,0.2288666199559238,0.5926971435546875
5395,179.83333333333334,1,1,1,0.0,-1.0,0.0037027994791666665,0.9678753541897718,0.5955301920572916,0.22705072173039922,0.5955301920572916
5396,179.86666666666667,1,1,1,0.0,-1.0,0.0023549397786458335,0.9794028767740737,0.5973459879557291,0.22610238072736696,0.5973459879557291
5397,179.9,1,1,1,0.0,-1.0,0.0031687418619791665,0.9727982892982453,0.5976460774739584,0.22643278103359687,0.5976460774739584
5398,179.93333333333334,1,1,1,0.0,-1.0,0.008738199869791666,0.9302252465975647,0.5956624348958334,0.22885291257343326,0.5956624348958334
5399,179.96666666666667,1,1,1,0.0,-1.0,0.018864949544270832,0.8642774914410283,0.5935262044270834,0.23134318825301337,0.5935262044270834
5400,180.0,1,1,1,0.0,-1.0,0.026763916015625,0.821274721234962,0.593963623046875,0.23174909029064053,0.593963623046875
5401,180.03333333333333,1,1,1,0.0,-1.0,0.0311431884765625,0.8019345870735725,0.5961100260416666,0.23079419345262336,0.5961100260416666
5402,180.06666666666666,1,1,1,0.0,-1.0,0.036326090494791664,0.7775181309347383,0.6001332600911459,0.22802654163158562,0.6001332600911459
5403,180.1,1,1,1,0.0,-1.0,0.039311726888020836,0.7637596719724595,0.6088511149088541,0.22178211244657137,0.6088511149088541
5404,180.13333333333333,1,1,1,0.0,-1.0,0.10986328125,0.6011698521064507,0.6235249837239584,0.22058503584342776,0.6235249837239584
5405,180.16666666666666,1,1,1,0.0,-1.0,0.10715230305989583,0.695568366649045,0.6414082845052084,0.21259913348583503,0.6414082845052084
5406,180.2,1,1,1,0.0,-1.0,0.10435994466145833,0.738862346215658,0.6526845296223959,0.20705523098412576,0.6526845296223959
5407,180.23333333333332,1,1,1,0.0,-1.0,0.10306294759114583,0.7627133657494575,0.6521759033203125,0.20931603144451794,0.6521759033203125
5408,180.26666666666668,1,1,1,0.0,-1.0,0.08479817708333333,0.8175381688224297,0.6321818033854166,0.2253535983765232,0.6321818033854166
5409,180.3,1,1,1,0.0,-1.0,0.10263570149739583,0.8026492988191813,0.5816904703776041,0.262085512991268,0.5816904703776041
5410,180.33333333333334,1,1,1,0.0,-1.0,0.08858235677083333,0.8357721128693858,0.5361378987630209,0.29357795890999566,0.5361378987630209
5411,180.36666666666667,1,1,1,0.0,-1.0,0.06688435872395833,0.8745439483354193,0.505218505859375,0.3131253717212143,0.505218505859375
5412,180.4,1,1,1,0.0,-1.0,0.057917277018229164,0.8888601212753557,0.4804534912109375,0.3270824509738963,0.4804534912109375
5413,180.43333333333334,1,1,1,0.0,-1.0,0.056325276692708336,0.8881661886336875,0.4546966552734375,0.3403444768684079,0.4546966552734375
5414,180.46666666666667,1,1,1,0.0,-1.0,0.056391398111979164,0.8821719585060384,0.4264984130859375,0.35545251122140875,0.4264984130859375
5415,180.5,1,1,1,0.0,-1.0,0.054056803385416664,0.8790585205502613,0.4039866129557292,0.3658717968038783,0.4039866129557292
5416,180.53333333333333,1,1,1,0.0,-1.0,0.050587972005208336,0.877089442654818,0.3812917073567708,0.37643036192772783,0.3812917073567708
5417,180.56666666666666,1,1,1,0.0,-1.0,0.046941121419270836,0.8736196588903882,0.3568369547526042,0.38780993532651603,0.3568369547526042
5418,180.6,1,1,1,0.0,-1.0,0.044733683268229164,0.8631956340877793,0.3377888997395833,0.3929568164372973,0.3377888997395833
5419,180.63333333333333,1,1,1,0.0,-1.0,0.0417633056640625,0.8518235193349594,0.3220113118489583,0.39532138142329776,0.3220113118489583
5420,180.66666666666666,1,1,1,0.0,-1.0,0.03369140625,0.8570162748095107,0.311370849609375,0.3935190740638715,0.311370849609375
5421,180.7,1,1,1,0.0,-1.0,0.030085245768229168,0.8480925769780903,0.3008626302083333,0.39381989751225555,0.3008626302083333
5422,180.73333333333332,1,1,1,0.0,-1.0,0.022466023763020832,0.8634091051479816,0.2945607503255208,0.39129549755128346,0.2945607503255208
5423,180.76666666666668,1,1,1,0.0,-1.0,0.02020263671875,0.855980027257655,0.2909749348958333,0.3869728260536589,0.2909749348958333
5424,180.8,1,1,1,0.0,-1.0,0.0179290771484375,0.8496066630070404,0.2850189208984375,0.3867103793804351,0.2850189208984375
5425,180.83333333333334,1,1,1,0.0,-1.0,0.016489664713541668,0.8399065232793952,0.2809041341145833,0.38531259071373525,0.2809041341145833
5426,180.86666666666667,1,1,1,0.0,-1.0,0.015589396158854166,0.8233670248698471,0.2751057942708333,0.38660606639274236,0.2751057942708333
5427,180.9,1,1,1,0.0,-1.0,0.016743977864583332,0.7771139785575556,0.2708333333333333,0.3848681744631452,0.2708333333333333
5428,180.93333333333334,1,1,1,0.0,-1.0,0.017328898111979168,0.7128646438246427,0.2684580485026042,0.3804641069613586,0.2684580485026042
5429,180.96666666666667,1,1,1,0.0,-1.0,0.015986124674479168,0.6501683095161388,0.26708984375,0.3763171122141726,0.26708984375
5430,181.0,1,1,1,0.0,-1.0,0.0142822265625,0.5876401382349298,0.267059326171875,0.3723307737334104,0.267059326171875
5431,181.03333333333333,1,1,1,0.0,-1.0,0.012873331705729166,0.5388299566575884,0.2682037353515625,0.36866942466707436,0.2682037353515625
5432,181.06666666666666,1,1,1,0.0,-1.0,0.012507120768229166,0.5258947886371022,0.2676035563151042,0.36901148538566647,0.2676035563151042
5433,181.1,1,1,1,0.0,-1.0,0.0139312744140625,0.5211126630088275,0.2668914794921875,0.37003874736560705,0.2668914794921875
5434,181.13333333333333,1,1,1,0.0,-1.0,0.015879313151041668,0.5244063144788058,0.2665354410807292,0.37037025642720356,0.2665354410807292
5435,181.16666666666666,1,1,1,0.0,-1.0,0.017705281575520832,0.5245141493926422,0.2658589680989583,0.3711990849501816,0.2658589680989583
5436,181.2,1,1,1,0.0,-1.0,0.019643147786458332,0.5176934762413382,0.2668406168619792,0.36953316645314555,0.2668406168619792
5437,181.23333333333332,1,1,1,0.0,-1.0,0.021296183268229168,0.5127871318982513,0.2671254475911458,0.3688634000162661,0.2671254475911458
5438,181.26666666666668,1,1,1,0.0,-1.0,0.02374267578125,0.5042883894618897,0.2659912109375,0.37011756831604076,0.2659912109375
5439,181.3,1,1,1,0.0,-1.0,0.025670369466145832,0.498863567490998,0.265594482421875,0.3702423256073776,0.265594482421875
5440,181.33333333333334,1,1,1,0.0,-1.0,0.0279693603515625,0.4949383693294568,0.265228271484375,0.370561994094102,0.265228271484375
5441,181.36666666666667,1,1,1,0.0,-1.0,0.029719034830729168,0.498374040536578,0.2642262776692708,0.3716580152724932,0.2642262776692708
5442,181.4,1,1,1,0.0,-1.0,0.0305938720703125,0.49999850054196693,0.2609914143880208,0.37491028721117453,0.2609914143880208
5443,181.43333333333334,1,1,1,0.0,-1.0,0.032689412434895836,0.4968206369839347,0.26129150390625,0.3740181986480503,0.26129150390625
5444,181.46666666666667,1,1,1,0.0,-1.0,0.034398396809895836,0.49307077456188875,0.2603658040364583,0.3741433524033613,0.2603658040364583
5445,181.5,1,1,1,0.0,-1.0,0.035069783528645836,0.492194064249461,0.2604726155598958,0.3733733284948505,0.2604726155598958
5446,181.53333333333333,1,1,1,0.0,-1.0,0.035603841145833336,0.49633838967670363,0.2580464680989583,0.3759860992408693,0.2580464680989583
5447,181.56666666666666,1,1,1,0.0,-1.0,0.035257975260416664,0.5035480282278539,0.2570088704427083,0.3768074151387762,0.2570088704427083
5448,181.6,1,1,1,0.0,-1.0,0.035909016927083336,0.5032429575877672,0.2554219563802083,0.37825448520464755,0.2554219563802083
5449,181.63333333333333,1,1,1,0.0,-1.0,0.0355682373046875,0.501571779780128,0.2542368570963542,0.3784686391715142,0.2542368570963542
5450,181.66666666666666,1,1,1,0.0,-1.0,0.034871419270833336,0.4987730537832986,0.2540079752604167,0.37771105590563286,0.2540079752604167
5451,181.7,1,1,1,0.0,-1.0,0.034276326497395836,0.505499997144913,0.2522633870442708,0.3807330911372199,0.2522633870442708
5452,181.73333333333332,1,1,1,0.0,-1.0,0.035527547200520836,0.5046975639553494,0.2526753743489583,0.3799114512952209,0.2526753743489583
5453,181.76666666666668,1,1,1,0.0,-1.0,0.034856160481770836,0.5095250429826046,0.2533315022786458,0.37829310745148254,0.2533315022786458
5454,181.8,1,1,1,0.0,-1.0,0.034571329752604164,0.5125559216919717,0.2528127034505208,0.3792070203485372,0.2528127034505208
5455,181.83333333333334,1,1,1,0.0,-1.0,0.036951700846354164,0.5123457101685008,0.25311279296875,0.38013675038526995,0.25311279296875
5456,181.86666666666667,1,1,1,0.0,-1.0,0.0385894775390625,0.5106415381133321,0.2528737386067708,0.38117370754257374,0.2528737386067708
5457,181.9,1,1,1,0.0,-1.0,0.039835611979166664,0.5057747845498605,0.2542215983072917,0.3800386775449153,0.2542215983072917
5458,181.93333333333334,1,1,1,0.0,-1.0,0.042022705078125,0.4982130767590258,0.255889892578125,0.37941240919535846,0.255889892578125
5459,181.96666666666667,1,1,1,0.0,-1.0,0.044504801432291664,0.49230782927465766,0.2571156819661458,0.3789740541871229,0.2571156819661458
5460,182.0,1,1,1,0.0,-1.0,0.0456085205078125,0.4857811975990943,0.2578379313151042,0.37882006705903487,0.2578379313151042
5461,182.03333333333333,1,1,1,0.0,-1.0,0.0489044189453125,0.47971469257341864,0.2581888834635417,0.3805385182495351,0.2581888834635417
5462,182.06666666666666,1,1,1,0.0,-1.0,0.0520782470703125,0.4786881441510359,0.2592976888020833,0.3821721701771286,0.2592976888020833
5463,182.1,1,1,1,0.0,-1.0,0.004511515299479167,0.9222731061193852,0.2600911458333333,0.381907262656802,0.2600911458333333
5464,182.13333333333333,1,1,1,0.0,-1.0,0.050694783528645836,0.4834024335372099,0.2571055094401042,0.38499836610278987,0.2571055094401042
5465,182.16666666666666,1,1,1,0.0,-1.0,0.040288289388020836,0.5381222264626362,0.2582956949869792,0.38494441466994905,0.2582956949869792
5466,182.2,1,1,1,0.0,-1.0,0.036738077799479164,0.5518351476981724,0.2587890625,0.383343213379351,0.2587890625
5467,182.23333333333332,1,1,1,0.0,-1.0,0.0312957763671875,0.570629914277567,0.2602386474609375,0.37988915764080816,0.2602386474609375
5468,182.26666666666668,1,1,1,0.0,-1.0,0.026433308919270832,0.5862490082534941,0.2607777913411458,0.3782746830538919,0.2607777913411458
5469,182.3,1,1,1,0.0,-1.0,0.023549397786458332,0.5925604079133637,0.2605489095052083,0.3775052501492975,0.2605489095052083
5470,182.33333333333334,1,1,1,0.0,-1.0,0.025461832682291668,0.5637624022224065,0.2597910563151042,0.3792864162986161,0.2597910563151042
5471,182.36666666666667,1,1,1,0.0,-1.0,0.027348836263020832,0.5480493487627022,0.2614542643229167,0.37690851336372644,0.2614542643229167
5472,182.4,1,1,1,0.0,-1.0,0.02899169921875,0.5317117835078989,0.2590738932291667,0.38042615084226095,0.2590738932291667
5473,182.43333333333334,1,1,1,0.0,-1.0,0.031056722005208332,0.5220666943994796,0.2594502766927083,0.38099633557453877,0.2594502766927083
5474,182.46666666666667,1,1,1,0.0,-1.0,0.0367584228515625,0.5116814356805448,0.2615915934244792,0.38185720954249835,0.2615915934244792
5475,182.5,1,1,1,0.0,-1.0,0.039388020833333336,0.5113190197872267,0.26055908203125,0.3824212012113546,0.26055908203125
5476,182.53333333333333,1,1,1,0.0,-1.0,0.036336263020833336,0.5103650815309873,0.2621358235677083,0.37863475078562314,0.2621358235677083
5477,182.56666666666666,1,1,1,0.0,-1.0,0.033742268880208336,0.5335457881777175,0.2572733561197917,0.3886178156473248,0.2572733561197917
5478,182.6,1,1,1,0.0,-1.0,0.036732991536458336,0.5779619717547829,0.2552541097005208,0.4004030122165487,0.2552541097005208
5479,182.63333333333333,1,1,1,0.0,-1.0,0.039825439453125,0.6434974539385939,0.254486083984375,0.4127902591003896,0.254486083984375
5480,182.66666666666666,1,1,1,0.0,-1.0,0.05535888671875,0.6638516572954976,0.24791463216145834,0.44566344040504924,0.24791463216145834
5481,182.7,1,1,1,0.0,-1.0,0.045405069986979164,0.7689859192328614,0.24870808919270834,0.4551073162431038,0.24870808919270834
5482,182.73333333333332,1,1,1,0.0,-1.0,0.045496622721354164,0.7942905697643408,0.24951171875,0.46377922984840864,0.24951171875
5483,182.76666666666668,1,1,1,0.0,-1.0,0.046086629231770836,0.8119606728741697,0.2528737386067708,0.4680556668559956,0.2528737386067708
5484,182.8,1,1,1,0.0,-1.0,0.045328776041666664,0.8297572643036137,0.2582194010416667,0.46887405361045764,0.2582194010416667
5485,182.83333333333334,1,1,1,0.0,-1.0,0.043650309244791664,0.8461365189806141,0.2657521565755208,0.4655804329202597,0.2657521565755208
5486,182.86666666666667,1,1,1,0.0,-1.0,0.041758219401041664,0.8602369709863423,0.2799733479817708,0.4526829188067438,0.2799733479817708
5487,182.9,1,1,1,0.0,-1.0,0.038447062174479164,0.875870622849044,0.2884928385416667,0.44621695133319983,0.2884928385416667
5488,182.93333333333334,1,1,1,0.0,-1.0,0.0347442626953125,0.8902542755019307,0.3014119466145833,0.43331774377416526,0.3014119466145833
5489,182.96666666666667,1,1,1,0.0,-1.0,0.032185872395833336,0.9005069989458476,0.3106180826822917,0.4258950423059482,0.3106180826822917
5490,183.0,1,1,1,0.0,-1.0,0.032262166341145836,0.9032253121974665,0.3240712483723958,0.4140891530875983,0.3240712483723958
5491,183.03333333333333,1,1,1,0.0,-1.0,0.0329132080078125,0.904335415777684,0.3345947265625,0.4060313865119261,0.3345947265625
5492,183.06666666666666,1,1,1,0.0,-1.0,0.033854166666666664,0.9043798176118036,0.3453318277994792,0.3974917541472727,0.3453318277994792
5493,183.1,1,1,1,0.0,-1.0,0.033238728841145836,0.9081558682991394,0.3535919189453125,0.39169226149264696,0.3535919189453125
5494,183.13333333333333,1,1,1,0.0,-1.0,0.031717936197916664,0.9137957109391053,0.3625132242838542,0.38450846748066964,0.3625132242838542
5495,183.16666666666666,1,1,1,0.0,-1.0,0.02978515625,0.9198296307989775,0.3715769449869792,0.37655558677243406,0.3715769449869792
5496,183.2,1,1,1,0.0,-1.0,0.041086832682291664,0.8927408507597174,0.3860219319661458,0.36319884550070103,0.3860219319661458
5497,183.23333333333332,1,1,1,0.0,-1.0,0.022918701171875,0.9389285982866868,0.3931630452473958,0.35724951987998366,0.3931630452473958
5498,183.26666666666668,1,1,1,0.0,-1.0,0.021458943684895832,0.9432333714065497,0.39898681640625,0.35288285296892963,0.39898681640625
5499,183.3,1,1,1,0.0,-1.0,0.0205230712890625,0.9461919239461878,0.4039815266927083,0.3494432592596865,0.4039815266927083
5500,183.33333333333334,1,1,1,0.0,-1.0,0.0198211669921875,0.9484918395593638,0.4089508056640625,0.34577043500925425,0.4089508056640625
5501,183.36666666666667,1,1,1,0.0,-1.0,0.019195556640625,0.9505196627328827,0.4135894775390625,0.34230914642874394,0.4135894775390625
5502,183.4,1,1,1,0.0,-1.0,0.018681844075520832,0.9521633110386465,0.4171803792317708,0.33965824609394973,0.4171803792317708
5503,183.43333333333334,1,1,1,0.0,-1.0,0.017161051432291668,0.9562415766078503,0.4210713704427083,0.33663920051370877,0.4210713704427083
5504,183.46666666666667,1,1,1,0.0,-1.0,0.016047159830729168,0.9592567278737214,0.4245096842447917,0.3340468217855097,0.4245096842447917
5505,183.5,1,1,1,0.0,-1.0,0.01556396484375,0.960635749372275,0.4260915120442708,0.3329940284879803,0.4260915120442708
5506,183.53333333333333,1,1,1,0.0,-1.0,0.015508015950520834,0.960886513520139,0.42791748046875,0.3318927103798938,0.42791748046875
5507,183.56666666666666,1,1,1,0.0,-1.0,0.015940348307291668,0.9599676244920967,0.4283905029296875,0.33214387928405087,0.4283905029296875
5508,183.6,1,1,1,0.0,-1.0,0.0174407958984375,0.9564186016787299,0.4287363688151042,0.3323493516604753,0.4287363688151042
5509,183.63333333333333,1,1,1,0.0,-1.0,0.018468221028645832,0.9539918757609973,0.4268697102864583,0.33450117692224196,0.4268697102864583
5510,183.66666666666666,1,1,1,0.0,-1.0,0.0196380615234375,0.9511416109927986,0.4225514729817708,0.33870349385542864,0.4225514729817708
5511,183.7,1,1,1,0.0,-1.0,0.020060221354166668,0.9500138125126409,0.4190317789713542,0.3422390762033253,0.4190317789713542
5512,183.73333333333332,1,1,1,0.0,-1.0,0.021697998046875,0.9458974136931753,0.4148305257161458,0.3461858638082921,0.4148305257161458
5513,183.76666666666668,1,1,1,0.0,-1.0,0.041437784830729164,0.8988027506628569,0.40704345703125,0.35243005792738424,0.40704345703125
5514,183.8,1,1,1,0.0,-1.0,0.027608235677083332,0.9303374295406612,0.4002278645833333,0.3583245618550443,0.4002278645833333
5515,183.83333333333334,1,1,1,0.0,-1.0,0.027811686197916668,0.9291700197318282,0.3957773844401042,0.36161478145425163,0.3957773844401042
5516,183.86666666666667,1,1,1,0.0,-1.0,0.025685628255208332,0.9335802225290601,0.3935394287109375,0.36262760651790693,0.3935394287109375
5517,183.9,1,1,1,0.0,-1.0,0.0244903564453125,0.9357376806227935,0.3901875813802083,0.36479002336477795,0.3901875813802083
5518,183.93333333333334,1,1,1,0.0,-1.0,0.022928873697916668,0.9390802650539154,0.3881734212239583,0.36646809957560084,0.3881734212239583
5519,183.96666666666667,1,1,1,0.0,-1.0,0.022913614908854168,0.9387919797934908,0.3864390055338542,0.36823313784653866,0.3864390055338542
5520,184.0,1,1,1,0.0,-1.0,0.021860758463541668,0.9413754264476899,0.3845774332682292,0.37064039577638397,0.3845774332682292
5521,184.03333333333333,1,1,1,0.0,-1.0,0.020619710286458332,0.9445588072988031,0.3856201171875,0.37003809879505506,0.3856201171875
5522,184.06666666666666,1,1,1,0.0,-1.0,0.02203369140625,0.9409917435282458,0.3858693440755208,0.3705590767362842,0.3858693440755208
5523,184.1,1,1,1,0.0,-1.0,0.0257568359375,0.9313416761942653,0.38873291015625,0.3673735685713887,0.38873291015625
5524,184.13333333333333,1,1,1,0.0,-1.0,0.025721232096354168,0.931114415688828,0.3889261881510417,0.3672481284522254,0.3889261881510417
5525,184.16666666666666,1,1,1,0.0,-1.0,0.0249786376953125,0.9328749327926464,0.3882191975911458,0.36820054821721354,0.3882191975911458
5526,184.2,1,1,1,0.0,-1.0,0.023218790690104168,0.9372901132239234,0.3906656901041667,0.3656566953509829,0.3906656901041667
5527,184.23333333333332,1,1,1,0.0,-1.0,0.023030598958333332,0.9377219306313672,0.3916015625,0.3649685590795022,0.3916015625
5528,184.26666666666668,1,1,1,0.0,-1.0,0.022883097330729168,0.9381216105304152,0.3938954671223958,0.36272952842798767,0.3938954671223958
5529,184.3,1,1,1,0.0,-1.0,0.032465616861979164,0.9136146539610146,0.3967692057291667,0.35967488771930234,0.3967692057291667
5530,184.33333333333334,1,1,1,0.0,-1.0,0.023869832356770832,0.9354427444653066,0.3976033528645833,0.3584907561093873,0.3976033528645833
5531,184.36666666666667,1,1,1,0.0,-1.0,0.025705973307291668,0.9306940888943338,0.3963724772135417,0.36006600529342975,0.3963724772135417
5532,184.4,1,1,1,0.0,-1.0,0.028528849283854168,0.9235004549582763,0.3961893717447917,0.35980353039351654,0.3961893717447917
5533,184.43333333333334,1,1,1,0.0,-1.0,0.028238932291666668,0.9241169280904316,0.3954366048177083,0.36053367025983046,0.3954366048177083
5534,184.46666666666667,1,1,1,0.0,-1.0,0.029123942057291668,0.9218124685395204,0.397186279296875,0.3585725279362554,0.397186279296875
5535,184.5,1,1,1,0.0,-1.0,0.028584798177083332,0.923177894008923,0.4001007080078125,0.35570175107092283,0.4001007080078125
5536,184.53333333333333,1,1,1,0.0,-1.0,0.02777099609375,0.9252186187416256,0.4016621907552083,0.35371251896077816,0.4016621907552083
5537,184.56666666666666,1,1,1,0.0,-1.0,0.024693806966145832,0.9328565047746663,0.4012400309244792,0.35367139734909275,0.4012400309244792
5538,184.6,1,1,1,0.0,-1.0,0.021046956380208332,0.9420717192469068,0.4027608235677083,0.3513685045747544,0.4027608235677083
5539,184.63333333333333,1,1,1,0.0,-1.0,0.0196380615234375,0.9456888994072008,0.4019622802734375,0.3524651381144862,0.4019622802734375
5540,184.66666666666666,1,1,1,0.0,-1.0,0.019490559895833332,0.9460977661501733,0.40301513671875,0.3512940313905497,0.40301513671875
5541,184.7,1,1,1,0.0,-1.0,0.019541422526041668,0.9460527223898687,0.4037068684895833,0.35077730027386056,0.4037068684895833
5542,184.73333333333332,1,1,1,0.0,-1.0,0.0195770263671875,0.9460266998600163,0.4031422932942708,0.3513948274416998,0.4031422932942708
5543,184.76666666666668,1,1,1,0.0,-1.0,0.019938151041666668,0.9451566029210212,0.4040629069010417,0.3503975534173233,0.4040629069010417
5544,184.8,1,1,1,0.0,-1.0,0.020238240559895832,0.9445047196963557,0.4055582682291667,0.34913394817719834,0.4055582682291667
5545,184.83333333333334,1,1,1,0.0,-1.0,0.020970662434895832,0.942736968592659,0.4065500895182292,0.34834316989961445,0.4065500895182292
5546,184.86666666666667,1,1,1,0.0,-1.0,0.030487060546875,0.9184077132965529,0.4093119303385417,0.3457937648867979,0.4093119303385417
5547,184.9,1,1,1,0.0,-1.0,0.021931966145833332,0.9405480935308035,0.4106190999348958,0.3446492365637444,0.4106190999348958
5548,184.93333333333334,1,1,1,0.0,-1.0,0.023737589518229168,0.9358665924544218,0.411041259765625,0.34423704345109263,0.411041259765625
5549,184.96666666666667,1,1,1,0.0,-1.0,0.029927571614583332,0.9200134679840435,0.4123636881510417,0.34304333289038175,0.4123636881510417
5550,185.0,1,1,1,0.0,-1.0,0.035151163736979164,0.9068473878072885,0.4158172607421875,0.33962880896937586,0.4158172607421875
5551,185.03333333333333,1,1,1,0.0,-1.0,0.039250691731770836,0.8966687223691023,0.4191691080729167,0.33639280673986693,0.4191691080729167
5552,185.06666666666666,1,1,1,0.0,-1.0,0.0426025390625,0.888421808013059,0.4222310384114583,0.3334302372017897,0.4222310384114583
5553,185.1,1,1,1,0.0,-1.0,0.04339599609375,0.8868271307242035,0.4256337483723958,0.3306974981607729,0.4256337483723958
5554,185.13333333333333,1,1,1,0.0,-1.0,0.039250691731770836,0.8976363290030074,0.4293060302734375,0.32823901535533984,0.4293060302734375
5555,185.16666666666666,1,1,1,0.0,-1.0,0.035380045572916664,0.9080698472639497,0.4355723063151042,0.32342645481100885,0.4355723063151042
5556,185.2,1,1,1,0.0,-1.0,0.034840901692708336,0.9104083212685621,0.4394480387369792,0.32101468142353085,0.4394480387369792
5557,185.23333333333332,1,1,1,0.0,-1.0,0.0339202880859375,0.9136864893842075,0.4441630045572917,0.3178867207433887,0.4441630045572917
5558,185.26666666666668,1,1,1,0.0,-1.0,0.034159342447916664,0.9138741669526567,0.4472910563151042,0.3155569156819618,0.4472910563151042
5559,185.3,1,1,1,0.0,-1.0,0.031763712565104164,0.9199155901483806,0.4472300211588542,0.3152431004549156,0.4472300211588542
5560,185.33333333333334,1,1,1,0.0,-1.0,0.031504313151041664,0.9207206788453,0.44830322265625,0.31442600615988897,0.44830322265625
5561,185.36666666666667,1,1,1,0.0,-1.0,0.030426025390625,0.9235667295186957,0.4493509928385417,0.313466905034317,0.4493509928385417
5562,185.4,1,1,1,0.0,-1.0,0.049082438151041664,0.8804275236675576,0.4464975992838542,0.31592692963119456,0.4464975992838542
5563,185.43333333333334,1,1,1,0.0,-1.0,0.028462727864583332,0.9283412143498877,0.4427591959635417,0.31856977236006645,0.4427591959635417
5564,185.46666666666667,1,1,1,0.0,-1.0,0.028666178385416668,0.927331197164764,0.438507080078125,0.32113532954509855,0.438507080078125
5565,185.5,1,1,1,0.0,-1.0,0.028813680013020832,0.9261983805882377,0.4340565999348958,0.3235810974363724,0.4340565999348958
5566,185.53333333333333,1,1,1,0.0,-1.0,0.028416951497395832,0.9261996378144955,0.4270222981770833,0.3282706561344326,0.4270222981770833
5567,185.56666666666666,1,1,1,0.0,-1.0,0.0297393798828125,0.9216037433548239,0.4212900797526042,0.33125461139789786,0.4212900797526042
5568,185.6,1,1,1,0.0,-1.0,0.031728108723958336,0.9148071704647385,0.411865234375,0.33771133580943075,0.411865234375
5569,185.63333333333333,1,1,1,0.0,-1.0,0.0290985107421875,0.9196109394939221,0.4017079671223958,0.34455250838560814,0.4017079671223958
5570,185.66666666666666,1,1,1,0.0,-1.0,0.026738484700520832,0.923658600210123,0.3943532307942708,0.3484235732914449,0.3943532307942708
5571,185.7,1,1,1,0.0,-1.0,0.025227864583333332,0.9255344177877332,0.3861185709635417,0.35353835351140606,0.3861185709635417
5572,185.73333333333332,1,1,1,0.0,-1.0,0.023183186848958332,0.929390977554313,0.3791859944661458,0.3578237249507492,0.3791859944661458
5573,185.76666666666668,1,1,1,0.0,-1.0,0.023096720377604168,0.9280105038358013,0.3735860188802083,0.3617304606625704,0.3735860188802083
5574,185.8,1,1,1,0.0,-1.0,0.0229339599609375,0.9274120527687277,0.3698527018229167,0.36426390576161194,0.3698527018229167
5575,185.83333333333334,1,1,1,0.0,-1.0,0.022491455078125,0.9278319693582637,0.3658345540364583,0.3675607727549911,0.3658345540364583
5576,185.86666666666667,1,1,1,0.0,-1.0,0.022074381510416668,0.9285021912593757,0.3627115885416667,0.37012415701563134,0.3627115885416667
5577,185.9,1,1,1,0.0,-1.0,0.0219879150390625,0.927981813937188,0.3609670003255208,0.3707726057196138,0.3609670003255208
5578,185.93333333333334,1,1,1,0.0,-1.0,0.0334930419921875,0.8908463201481102,0.3534647623697917,0.37600430661802803,0.3534647623697917
5579,185.96666666666667,1,1,1,0.0,-1.0,0.019190470377604168,0.9335364791499983,0.3516591389973958,0.3759353304622166,0.3516591389973958
5580,186.0,1,1,1,0.0,-1.0,0.0164642333984375,0.9412553531573057,0.3498179117838542,0.3760657625860054,0.3498179117838542
5581,186.03333333333333,1,1,1,0.0,-1.0,0.012003580729166666,0.9559798982711492,0.3488108317057292,0.3762967521517323,0.3488108317057292
5582,186.06666666666666,1,1,1,0.0,-1.0,0.011210123697916666,0.9585945696646897,0.3493601481119792,0.37563127564732196,0.3493601481119792
5583,186.1,1,1,1,0.0,-1.0,0.012135823567708334,0.9552301934034604,0.3484547932942708,0.3764148517227126,0.3484547932942708
5584,186.13333333333333,1,1,1,0.0,-1.0,0.012110392252604166,0.9551723340526621,0.3476308186848958,0.37671616979863515,0.3476308186848958
5585,186.16666666666666,1,1,1,0.0,-1.0,0.012781778971354166,0.9524185374759216,0.3469746907552083,0.3760955334710525,0.3469746907552083
5586,186.2,1,1,1,0.0,-1.0,0.011647542317708334,0.9560992758938298,0.3466847737630208,0.37543407441648413,0.3466847737630208
5587,186.23333333333332,1,1,1,0.0,-1.0,0.010625203450520834,0.9597437492059614,0.3467864990234375,0.37488574072009007,0.3467864990234375
5588,186.26666666666668,1,1,1,0.0,-1.0,0.013697306315104166,0.9485558462067004,0.3450927734375,0.3762822756331998,0.3450927734375
5589,186.3,1,1,1,0.0,-1.0,0.019622802734375,0.9278844149864744,0.3461863199869792,0.375199364973973,0.3461863199869792
5590,186.33333333333334,1,1,1,0.0,-1.0,0.0238494873046875,0.9138392923768316,0.3457234700520833,0.3752761478026324,0.3457234700520833
5591,186.36666666666667,1,1,1,0.0,-1.0,0.0257568359375,0.9073714737611391,0.3435414632161458,0.3766741625745368,0.3435414632161458
5592,186.4,1,1,1,0.0,-1.0,0.024876912434895832,0.9099495296450482,0.343048095703125,0.37635298863540917,0.343048095703125
5593,186.43333333333334,1,1,1,0.0,-1.0,0.0234527587890625,0.9144674197428501,0.3412882486979167,0.3771168336912268,0.3412882486979167
5594,186.46666666666667,1,1,1,0.0,-1.0,0.022527058919270832,0.9170538488729785,0.34002685546875,0.3773257369030152,0.34002685546875
5595,186.5,1,1,1,0.0,-1.0,0.036158243815104164,0.8694339945509312,0.3356882731119792,0.3792646247510493,0.3356882731119792
5596,186.53333333333333,1,1,1,0.0,-1.0,0.025634765625,0.9029508068540222,0.3343963623046875,0.3790160861415057,0.3343963623046875
5597,186.56666666666666,1,1,1,0.0,-1.0,0.024180094401041668,0.9073736486337349,0.3339335123697917,0.3788370807368265,0.3339335123697917
5598,186.6,1,1,1,0.0,-1.0,0.024261474609375,0.9074315738401203,0.3326975504557292,0.380489785027753,0.3326975504557292
5599,186.63333333333333,1,1,1,0.0,-1.0,0.0236968994140625,0.9101170577499733,0.331268310546875,0.3824765515120859,0.331268310546875
5600,186.66666666666666,1,1,1,0.0,-1.0,0.022562662760416668,0.9146952817699016,0.3293355305989583,0.38450791678704926,0.3293355305989583
5601,186.7,1,1,1,0.0,-1.0,0.020345052083333332,0.9230700250242309,0.3289337158203125,0.3853312540421183,0.3289337158203125
5602,186.73333333333332,1,1,1,0.0,-1.0,0.021214803059895832,0.9203581664726692,0.3280385335286458,0.385796939036959,0.3280385335286458
5603,186.76666666666668,1,1,1,0.0,-1.0,0.0209197998046875,0.9212178601761659,0.3271738688151042,0.3863299730037453,0.3271738688151042
5604,186.8,1,1,1,0.0,-1.0,0.021982828776041668,0.9177597353726232,0.3281962076822917,0.3853745129345977,0.3281962076822917
5605,186.83333333333334,1,1,1,0.0,-1.0,0.021662394205729168,0.9192738467476951,0.3291066487630208,0.3842168020590345,0.3291066487630208
5606,186.86666666666667,1,1,1,0.0,-1.0,0.021235148111979168,0.9208206134642042,0.329071044921875,0.3840902598819053,0.329071044921875
5607,186.9,1,1,1,0.0,-1.0,0.0157623291015625,0.940183895640565,0.3292083740234375,0.38319151910942173,0.3292083740234375
5608,186.93333333333334,1,1,1,0.0,-1.0,0.013254801432291666,0.9491739072251675,0.3295135498046875,0.38254371991754876,0.3295135498046875
5609,186.96666666666667,1,1,1,0.0,-1.0,0.023122151692708332,0.9132319253810666,0.32843017578125,0.3823465555742985,0.32843017578125
5610,187.0,1,1,1,0.0,-1.0,0.019556681315104168,0.925553080046493,0.3292185465494792,0.3820222122173282,0.3292185465494792
5611,187.03333333333333,1,1,1,0.0,-1.0,0.019892374674479168,0.9272829103618159,0.3361867268880208,0.3807875133952051,0.3361867268880208
5612,187.06666666666666,1,1,1,0.0,-1.0,0.014170328776041666,0.9502635030296442,0.3414713541666667,0.37881769844692714,0.3414713541666667
5613,187.1,1,1,1,0.0,-1.0,0.016459147135416668,0.9449484744767993,0.3466847737630208,0.37766626983012946,0.3466847737630208
5614,187.13333333333333,1,1,1,0.0,-1.0,0.020660400390625,0.9346736729226324,0.355010986328125,0.3735328513506169,0.355010986328125
5615,187.16666666666666,1,1,1,0.0,-1.0,0.026072184244791668,0.9221872321742894,0.3601430257161458,0.3731289762660511,0.3601430257161458
5616,187.2,1,1,1,0.0,-1.0,0.032328287760416664,0.9087369495217907,0.3627166748046875,0.375268473172918,0.3627166748046875
5617,187.23333333333332,1,1,1,0.0,-1.0,0.038152058919270836,0.8965612164477884,0.3630472819010417,0.37735259425074624,0.3630472819010417
5618,187.26666666666668,1,1,1,0.0,-1.0,0.0430145263671875,0.8855536649388797,0.36279296875,0.37710797155829223,0.36279296875
5619,187.3,1,1,1,0.0,-1.0,0.045862833658854164,0.8776755986983886,0.3645070393880208,0.37269886145962333,0.3645070393880208
5620,187.33333333333334,1,1,1,0.0,-1.0,0.046076456705729164,0.8759040647899328,0.369842529296875,0.3652035319321445,0.369842529296875
5621,187.36666666666667,1,1,1,0.0,-1.0,0.047475179036458336,0.8727708167862903,0.374053955078125,0.36166676468290004,0.374053955078125
5622,187.4,1,1,1,0.0,-1.0,0.052296956380208336,0.8633864808679786,0.3741302490234375,0.36432782432860955,0.3741302490234375
5623,187.43333333333334,1,1,1,0.0,-1.0,0.059422810872395836,0.8491784560265687,0.3779195149739583,0.3619398422578604,0.3779195149739583
5624,187.46666666666667,1,1,1,0.0,-1.0,0.06372578938802083,0.8413533008182323,0.3823903401692708,0.35835598071630903,0.3823903401692708
5625,187.5,1,1,1,0.0,-1.0,0.060526529947916664,0.8503394590580556,0.3853810628255208,0.3568819082550514,0.3853810628255208
5626,187.53333333333333,1,1,1,0.0,-1.0,0.0657806396484375,0.8399502133859191,0.3880411783854167,0.3545437348938954,0.3880411783854167
5627,187.56666666666666,1,1,1,0.0,-1.0,0.07602945963541667,0.818243305904785,0.3868764241536458,0.3551267390827218,0.3868764241536458
5628,187.6,1,1,1,0.0,-1.0,0.128082275390625,0.7115689302398602,0.3844858805338542,0.352385385130662,0.3844858805338542
5629,187.63333333333333,1,1,1,0.0,-1.0,0.062082926432291664,0.8421441120929013,0.3816782633463542,0.3516176765408495,0.3816782633463542
5630,187.66666666666666,1,1,1,0.0,-1.0,0.056131998697916664,0.8534334760723632,0.3808441162109375,0.349989416527953,0.3808441162109375
5631,187.7,1,1,1,0.0,-1.0,0.0510406494140625,0.8633916291000117,0.3776346842447917,0.35035177511868393,0.3776346842447917
5632,187.73333333333332,1,1,1,0.0,-1.0,0.0468902587890625,0.8717267675074221,0.3747507731119792,0.35147415564581624,0.3747507731119792
5633,187.76666666666668,1,1,1,0.0,-1.0,0.045811971028645836,0.8731306015327478,0.3734079996744792,0.3511834966961178,0.3734079996744792
5634,187.8,1,1,1,0.0,-1.0,0.0441741943359375,0.8761851377702186,0.3720041910807292,0.3515142830595694,0.3720041910807292
5635,187.83333333333334,1,1,1,0.0,-1.0,0.047795613606770836,0.8661189911190174,0.3696136474609375,0.3532512558703691,0.3696136474609375
5636,187.86666666666667,1,1,1,0.0,-1.0,0.055633544921875,0.8453763454902127,0.3642781575520833,0.35763198103453164,0.3642781575520833
5637,187.9,1,1,1,0.0,-1.0,0.058781941731770836,0.8344377743489173,0.3536936442057292,0.3650797130836122,0.3536936442057292
5638,187.93333333333334,1,1,1,0.0,-1.0,0.0583038330078125,0.8266910350319872,0.3300120035807292,0.3812479825294398,0.3300120035807292
5639,187.96666666666667,1,1,1,0.0,-1.0,0.0601959228515625,0.7999964949891576,0.310333251953125,0.38563601482651483,0.310333251953125
5640,188.0,1,1,1,0.0,-1.0,0.049799601236979164,0.801626407955893,0.3022410074869792,0.38052526608294956,0.3022410074869792
5641,188.03333333333333,1,1,1,0.0,-1.0,0.0351715087890625,0.8374927632074458,0.3053334554036458,0.3729323298903087,0.3053334554036458
5642,188.06666666666666,1,1,1,0.0,-1.0,0.025665283203125,0.8775432985841465,0.3115132649739583,0.37060164426022585,0.3115132649739583
5643,188.1,1,1,1,0.0,-1.0,0.029719034830729168,0.8684838546950628,0.3199208577473958,0.36668753110330193,0.3199208577473958
5644,188.13333333333333,1,1,1,0.0,-1.0,0.052388509114583336,0.8037222676392216,0.3343302408854167,0.3632604026103256,0.3343302408854167
5645,188.16666666666666,1,1,1,0.0,-1.0,0.034718831380208336,0.8725130896981621,0.3349863688151042,0.36508927022863813,0.3349863688151042
5646,188.2,1,1,1,0.0,-1.0,0.024820963541666668,0.907543640165398,0.3381093343098958,0.36204233578696976,0.3381093343098958
5647,188.23333333333332,1,1,1,0.0,-1.0,0.032572428385416664,0.8822254025193464,0.3408966064453125,0.3604406549765903,0.3408966064453125
5648,188.26666666666668,1,1,1,0.0,-1.0,0.029083251953125,0.8958348937427102,0.3442230224609375,0.35921036361426534,0.3442230224609375
5649,188.3,1,1,1,0.0,-1.0,0.024922688802083332,0.9114188186232827,0.3429616292317708,0.36253275173634086,0.3429616292317708
5650,188.33333333333334,1,1,1,0.0,-1.0,0.018834431966145832,0.9326226518920979,0.3436686197916667,0.36158964925407844,0.3436686197916667
5651,188.36666666666667,1,1,1,0.0,-1.0,0.016672770182291668,0.9398505442943561,0.3431905110677083,0.36196603377258285,0.3431905110677083
5652,188.4,1,1,1,0.0,-1.0,0.0155181884765625,0.9437680899535084,0.3430938720703125,0.36217655551696853,0.3430938720703125
5653,188.43333333333334,1,1,1,0.0,-1.0,0.01641845703125,0.9408514502938206,0.343353271484375,0.3628202903154285,0.343353271484375
5654,188.46666666666667,1,1,1,0.0,-1.0,0.023808797200520832,0.9172891854779358,0.3488667805989583,0.3598722187927583,0.3488667805989583
5655,188.5,1,1,1,0.0,-1.0,0.0362396240234375,0.8809006715889858,0.3525136311848958,0.35907001092329516,0.3525136311848958
5656,188.53333333333333,1,1,1,0.0,-1.0,0.046025594075520836,0.8564377678399947,0.3585001627604167,0.3573439490484354,0.3585001627604167
5657,188.56666666666666,1,1,1,0.0,-1.0,0.0539703369140625,0.8411656870470352,0.3648935953776042,0.356881113952372,0.3648935953776042
5658,188.6,1,1,1,0.0,-1.0,0.061823527018229164,0.8294465117606633,0.3778533935546875,0.3511082094789962,0.3778533935546875
5659,188.63333333333333,1,1,1,0.0,-1.0,0.0753936767578125,0.809206943700447,0.394683837890625,0.34502909413091293,0.394683837890625
5660,188.66666666666666,1,1,1,0.0,-1.0,0.08904012044270833,0.7948974742018422,0.4151051839192708,0.33810975500813767,0.4151051839192708
5661,188.7,1,1,1,0.0,-1.0,0.0748291015625,0.8359638632737783,0.4383290608723958,0.32760905488463626,0.4383290608723958
5662,188.73333333333332,1,1,1,0.0,-1.0,0.07601420084635417,0.841827003105545,0.4623769124348958,0.31375634718072337,0.4623769124348958
5663,188.76666666666668,1,1,1,0.0,-1.0,0.072540283203125,0.8537111375441722,0.4826609293619792,0.30291539893829,0.4826609293619792
5664,188.8,1,1,1,0.0,-1.0,0.0734710693359375,0.8559489467413752,0.4944254557291667,0.2990941147749156,0.4944254557291667
5665,188.83333333333334,1,1,1,0.0,-1.0,0.07835896809895833,0.8497826380839768,0.5009613037109375,0.2977239538420439,0.5009613037109375
5666,188.86666666666667,1,1,1,0.0,-1.0,0.07242329915364583,0.861733496260531,0.5079701741536459,0.2944237760424969,0.5079701741536459
5667,188.9,1,1,1,0.0,-1.0,0.060333251953125,0.884368325123531,0.5155436197916666,0.29142930898631114,0.5155436197916666
5668,188.93333333333334,1,1,1,0.0,-1.0,0.06632486979166667,0.8743882237053453,0.5181884765625,0.29159142057147147,0.5181884765625
5669,188.96666666666667,1,1,1,0.0,-1.0,0.055033365885416664,0.8949596131648982,0.5174458821614584,0.2935329337405186,0.5174458821614584
5670,189.0,1,1,1,0.0,-1.0,0.043706258138020836,0.9157228983520593,0.5150502522786459,0.29564008188459523,0.5150502522786459
5671,189.03333333333333,1,1,1,0.0,-1.0,0.027384440104166668,0.9462920544563072,0.5125020345052084,0.29719942825118106,0.5125020345052084
5672,189.06666666666666,1,1,1,0.0,-1.0,0.021596272786458332,0.9573675602992383,0.5169270833333334,0.29364891771860535,0.5169270833333334
5673,189.1,1,1,1,0.0,-1.0,0.0229034423828125,0.9546943450956586,0.5122172037760416,0.2946450805745231,0.5122172037760416
5674,189.13333333333333,1,1,1,0.0,-1.0,0.0272979736328125,0.9458274016660735,0.509796142578125,0.29428268048057404,0.509796142578125
5675,189.16666666666666,1,1,1,0.0,-1.0,0.042200724283854164,0.9167425100526663,0.5095316569010416,0.2909055072387631,0.5095316569010416
5676,189.2,1,1,1,0.0,-1.0,0.052007039388020836,0.8969945055227118,0.5064544677734375,0.2889787696613831,0.5064544677734375
5677,189.23333333333332,1,1,1,0.0,-1.0,0.055185953776041664,0.8889373314919083,0.498565673828125,0.2904317188268073,0.498565673828125
5678,189.26666666666668,1,1,1,0.0,-1.0,0.0538177490234375,0.8888403374710674,0.489410400390625,0.2925217067006232,0.489410400390625
5679,189.3,1,1,1,0.0,-1.0,0.052337646484375,0.8888255317051762,0.4740193684895833,0.3013373428248827,0.4740193684895833
5680,189.33333333333334,1,1,1,0.0,-1.0,0.0495758056640625,0.8918623621714012,0.4678700764973958,0.30270957192118647,0.4678700764973958
5681,189.36666666666667,1,1,1,0.0,-1.0,0.0552215576171875,0.8790218686288229,0.4573160807291667,0.3123743650926052,0.4573160807291667
5682,189.4,1,1,1,0.0,-1.0,0.06961568196614583,0.8521339274147347,0.45635986328125,0.31841035467426737,0.45635986328125
5683,189.43333333333334,1,1,1,0.0,-1.0,0.0729522705078125,0.8493706385400535,0.4688720703125,0.31155273898915864,0.4688720703125
5684,189.46666666666667,1,1,1,0.0,-1.0,0.071258544921875,0.8553546734105413,0.4819437662760417,0.3030266651561403,0.4819437662760417
5685,189.5,1,1,1,0.0,-1.0,0.063232421875,0.8718290397826749,0.4878794352213542,0.2988021202330976,0.4878794352213542
5686,189.53333333333333,1,1,1,0.0,-1.0,0.054768880208333336,0.8880491551666299,0.4866994222005208,0.29912665302546027,0.4866994222005208
5687,189.56666666666666,1,1,1,0.0,-1.0,0.0525970458984375,0.8916674863514175,0.482269287109375,0.3014755716600144,0.482269287109375
5688,189.6,1,1,1,0.0,-1.0,0.0526275634765625,0.8908163149646768,0.4810384114583333,0.3010442103238543,0.4810384114583333
5689,189.63333333333333,1,1,1,0.0,-1.0,0.060943603515625,0.8743418402841479,0.482421875,0.299902654624706,0.482421875
5690,189.66666666666666,1,1,1,0.0,-1.0,0.06791178385416667,0.8611514284881281,0.478485107421875,0.3038388332754052,0.478485107421875
5691,189.7,1,1,1,0.0,-1.0,0.06383260091145833,0.8694207409054369,0.4806365966796875,0.3033586528159373,0.4806365966796875
5692,189.73333333333332,1,1,1,0.0,-1.0,0.0539398193359375,0.8891430203469834,0.47821044921875,0.30707747540906294,0.47821044921875
5693,189.76666666666668,1,1,1,0.0,-1.0,0.043039957682291664,0.9110328937397962,0.476654052734375,0.3100086428987675,0.476654052734375
5694,189.8,1,1,1,0.0,-1.0,0.0374908447265625,0.9224667301517959,0.4781595865885417,0.3101487110959589,0.4781595865885417
5695,189.83333333333334,1,1,1,0.0,-1.0,0.041407267252604164,0.9151063107976767,0.4736887613932292,0.31509672723574167,0.4736887613932292
5696,189.86666666666667,1,1,1,0.0,-1.0,0.048131306966145836,0.9023089090879748,0.46942138671875,0.32000754989465613,0.46942138671875
5697,189.9,1,1,1,0.0,-1.0,0.049433390299479164,0.9001288002487413,0.4666239420572917,0.32372814950880463,0.4666239420572917
5698,189.93333333333334,1,1,1,0.0,-1.0,0.049652099609375,0.9001106604206395,0.4624481201171875,0.3291976829955591,0.4624481201171875
5699,189.96666666666667,1,1,1,0.0,-1.0,0.056126912434895836,0.8881736806322634,0.4608154296875,0.33117049124875103,0.4608154296875
5700,190.0,1,1,1,0.0,-1.0,0.0683135986328125,0.8652549839731307,0.45562744140625,0.3349363022749293,0.45562744140625
5701,190.03333333333333,1,1,1,0.0,-1.0,0.07004292805989583,0.8613374169298507,0.4436391194661458,0.3452082011690429,0.4436391194661458
5702,190.06666666666666,1,1,1,0.0,-1.0,0.06880696614583333,0.8629296101098392,0.4365030924479167,0.3513580040093168,0.4365030924479167
5703,190.1,1,1,1,0.0,-1.0,0.06601460774739583,0.8674626366392666,0.4284261067708333,0.3582420264083225,0.4284261067708333
5704,190.13333333333333,1,1,1,0.0,-1.0,0.060857137044270836,0.8762490106519825,0.4219614664713542,0.36276821805153836,0.4219614664713542
5705,190.16666666666666,1,1,1,0.0,-1.0,0.054499308268229164,0.8870988395099331,0.4174702962239583,0.3642225937657972,0.4174702962239583
5706,190.2,1,1,1,0.0,-1.0,0.047002156575520836,0.9000043595404364,0.4131418863932292,0.3643690382761444,0.4131418863932292
5707,190.23333333333332,1,1,1,0.0,-1.0,0.044581095377604164,0.9026808670279782,0.4058634440104167,0.3673978028463163,0.4058634440104167
5708,190.26666666666668,1,1,1,0.0,-1.0,0.044316609700520836,0.9007478307467357,0.3982391357421875,0.37042905679891236,0.3982391357421875
5709,190.3,1,1,1,0.0,-1.0,0.041849772135416664,0.9035913572522434,0.3946177164713542,0.370370858707801,0.3946177164713542
5710,190.33333333333334,1,1,1,0.0,-1.0,0.0396728515625,0.9064496407950496,0.3888346354166667,0.37344827774790423,0.3888346354166667
5711,190.36666666666667,1,1,1,0.0,-1.0,0.039194742838541664,0.9057552510938909,0.3858235677083333,0.37365109993039575,0.3858235677083333
5712,190.4,1,1,1,0.0,-1.0,0.037272135416666664,0.9087900598773864,0.38714599609375,0.3706902602426523,0.38714599609375
5713,190.43333333333334,1,1,1,0.0,-1.0,0.035664876302083336,0.9118765239714848,0.388580322265625,0.3684645946390593,0.388580322265625
5714,190.46666666666667,1,1,1,0.0,-1.0,0.032582600911458336,0.9190181161076657,0.3896484375,0.36789525376239085,0.3896484375
5715,190.5,1,1,1,0.0,-1.0,0.029652913411458332,0.9261889278798225,0.3922017415364583,0.3657994769920142,0.3922017415364583
5716,190.53333333333333,1,1,1,0.0,-1.0,0.0296783447265625,0.9264186539720205,0.396636962890625,0.362016797698374,0.396636962890625
5717,190.56666666666666,1,1,1,0.0,-1.0,0.028940836588541668,0.9284709625936296,0.3983205159505208,0.36111540148233146,0.3983205159505208
5718,190.6,1,1,1,0.0,-1.0,0.028971354166666668,0.9287367715593104,0.3990224202473958,0.36136498734069183,0.3990224202473958
5719,190.63333333333333,1,1,1,0.0,-1.0,0.030034383138020832,0.9265890530368892,0.39996337890625,0.3613407706167474,0.39996337890625
5720,190.66666666666666,1,1,1,0.0,-1.0,0.031951904296875,0.922447592779345,0.4019877115885417,0.3600009074465208,0.4019877115885417
5721,190.7,1,1,1,0.0,-1.0,0.033025105794270836,0.9202338291075824,0.4005533854166667,0.3623779266609982,0.4005533854166667
5722,190.73333333333332,1,1,1,0.0,-1.0,0.0334014892578125,0.9197061202950774,0.4014231363932292,0.3622349818350152,0.4014231363932292
5723,190.76666666666668,1,1,1,0.0,-1.0,0.034077962239583336,0.9184175645395287,0.399505615234375,0.3650148927388698,0.399505615234375
5724,190.8,1,1,1,0.0,-1.0,0.032842000325520836,0.9214308916631053,0.3962351481119792,0.36901169865894484,0.3962351481119792
5725,190.83333333333334,1,1,1,0.0,-1.0,0.032602945963541664,0.9220387426607244,0.3954111735026042,0.3702988567672959,0.3954111735026042
5726,190.86666666666667,1,1,1,0.0,-1.0,0.031468709309895836,0.924600039505844,0.3947703043619792,0.37124336413161374,0.3947703043619792
5727,190.9,1,1,1,0.0,-1.0,0.030604044596354168,0.9264791243302267,0.3934427897135417,0.37284193206670047,0.3934427897135417
5728,190.93333333333334,1,1,1,0.0,-1.0,0.0299072265625,0.9278713182080833,0.3913218180338542,0.37507547241689443,0.3913218180338542
5729,190.96666666666667,1,1,1,0.0,-1.0,0.028544108072916668,0.9307757393040346,0.3899027506510417,0.37657906940472524,0.3899027506510417
5730,191.0,1,1,1,0.0,-1.0,0.026880900065104168,0.9344055678007828,0.3895060221354167,0.3768001975584827,0.3895060221354167
5731,191.03333333333333,1,1,1,0.0,-1.0,0.025548299153645832,0.9372261607842916,0.3886617024739583,0.377524503070408,0.3886617024739583
5732,191.06666666666666,1,1,1,0.0,-1.0,0.0230712890625,0.9428043368680101,0.3871663411458333,0.3789237773876712,0.3871663411458333
5733,191.1,1,1,1,0.0,-1.0,0.021189371744791668,0.9470105043859933,0.386810302734375,0.37900586100537087,0.386810302734375
5734,191.13333333333333,1,1,1,0.0,-1.0,0.018198649088541668,0.954024454087099,0.3868408203125,0.37872103596746287,0.3868408203125
5735,191.16666666666666,1,1,1,0.0,-1.0,0.015741984049479168,0.9598903835972207,0.3870290120442708,0.37834866004686,0.3870290120442708
5736,191.2,1,1,1,0.0,-1.0,0.012212117513020834,0.968572666628674,0.3869679768880208,0.3783318660978406,0.3869679768880208
5737,191.23333333333332,1,1,1,0.0,-1.0,0.008758544921875,0.9772777011581435,0.3875732421875,0.3777596545971239,0.3875732421875
5738,191.26666666666668,1,1,1,0.0,-1.0,0.0057373046875,0.9850207608229375,0.3882497151692708,0.3772460633746769,0.3882497151692708
5739,191.3,1,1,1,0.0,-1.0,0.006617228190104167,0.982738007248594,0.3893025716145833,0.3762948198616693,0.3893025716145833
5740,191.33333333333334,1,1,1,0.0,-1.0,0.0068511962890625,0.982139967581588,0.3906656901041667,0.3750826831022629,0.3906656901041667
5741,191.36666666666667,1,1,1,0.0,-1.0,0.008280436197916666,0.9784656146816609,0.3919626871744792,0.37384425002064514,0.3919626871744792
5742,191.4,1,1,1,0.0,-1.0,0.009429931640625,0.9755173676217695,0.393585205078125,0.3721977307197625,0.393585205078125
5743,191.43333333333334,1,1,1,0.0,-1.0,0.00958251953125,0.9751285802613768,0.39605712890625,0.36975414257029354,0.39605712890625
5744,191.46666666666667,1,1,1,0.0,-1.0,0.010294596354166666,0.9732738296313668,0.3991495768229167,0.36645656967634804,0.3991495768229167
5745,191.5,1,1,1,0.0,-1.0,0.010747273763020834,0.9720597076810018,0.4016672770182292,0.36375270712923746,0.4016672770182292
5746,191.53333333333333,1,1,1,0.0,-1.0,0.011530558268229166,0.9699585364983749,0.4038848876953125,0.36115231777063683,0.4038848876953125
5747,191.56666666666666,1,1,1,0.0,-1.0,0.012044270833333334,0.968498435771574,0.4069925944010417,0.3577261542294038,0.4069925944010417
5748,191.6,1,1,1,0.0,-1.0,0.012196858723958334,0.9679276909982761,0.4119771321614583,0.3521465927741271,0.4119771321614583
5749,191.63333333333333,1,1,1,0.0,-1.0,0.0131683349609375,0.965214183612833,0.415130615234375,0.348470762881636,0.415130615234375
5750,191.66666666666666,1,1,1,0.0,-1.0,0.013585408528645834,0.9639141157441755,0.4158426920572917,0.347234148469775,0.4158426920572917
5751,191.7,1,1,1,0.0,-1.0,0.015263875325520834,0.9592826176803856,0.4177398681640625,0.3447014683094705,0.4177398681640625
5752,191.73333333333332,1,1,1,0.0,-1.0,0.015543619791666666,0.9582253180479614,0.4202524820963542,0.3416243849788619,0.4202524820963542
5753,191.76666666666668,1,1,1,0.0,-1.0,0.016103108723958332,0.9564209370072929,0.422027587890625,0.33922327520520373,0.422027587890625
5754,191.8,1,1,1,0.0,-1.0,0.017333984375,0.9527704547287048,0.4264984130859375,0.33426782095719504,0.4264984130859375
5755,191.83333333333334,1,1,1,0.0,-1.0,0.016321818033854168,0.9551821543783113,0.4311472574869792,0.329723842048767,0.4311472574869792
5756,191.86666666666667,1,1,1,0.0,-1.0,0.012852986653645834,0.9645928934811812,0.4351857503255208,0.3273998001720637,0.4351857503255208
5757,191.9,1,1,1,0.0,-1.0,0.013280232747395834,0.9638398549947071,0.4389902750651042,0.3255557289104145,0.4389902750651042
5758,191.93333333333334,1,1,1,0.0,-1.0,0.013605753580729166,0.9634117240422908,0.4431304931640625,0.32346533480287093,0.4431304931640625
5759,191.96666666666667,1,1,1,0.0,-1.0,0.0139312744140625,0.9629934597124465,0.4463297526041667,0.322265463197782,0.4463297526041667
5760,192.0,1,1,1,0.0,-1.0,0.014444986979166666,0.9621255717720735,0.44903564453125,0.3217059696582829,0.44903564453125
5761,192.03333333333333,1,1,1,0.0,-1.0,0.014745076497395834,0.9618321944313426,0.4515889485677083,0.32122816330354054,0.4515889485677083
5762,192.06666666666666,1,1,1,0.0,-1.0,0.015106201171875,0.9614024150327815,0.4532521565755208,0.32163296678129477,0.4532521565755208
5763,192.1,1,1,1,0.0,-1.0,0.01531982421875,0.9613669149182158,0.4547882080078125,0.32216214022572126,0.4547882080078125
5764,192.13333333333333,1,1,1,0.0,-1.0,0.015467325846354166,0.9615060209623716,0.45635986328125,0.3226476840472698,0.45635986328125
5765,192.16666666666666,1,1,1,0.0,-1.0,0.015034993489583334,0.9630374276940061,0.4571685791015625,0.3238094289492407,0.4571685791015625
5766,192.2,1,1,1,0.0,-1.0,0.0150909423828125,0.9633452072343411,0.4582163492838542,0.32459884319301835,0.4582163492838542
5767,192.23333333333332,1,1,1,0.0,-1.0,0.0147552490234375,0.9645685699265079,0.45965576171875,0.324964716213612,0.45965576171875
5768,192.26666666666668,1,1,1,0.0,-1.0,0.014104207356770834,0.9664719094431908,0.4614054361979167,0.3249081506229446,0.4614054361979167
5769,192.3,1,1,1,0.0,-1.0,0.0135345458984375,0.9681390430603396,0.4620157877604167,0.32580545465563404,0.4620157877604167
5770,192.33333333333334,1,1,1,0.0,-1.0,0.012288411458333334,0.9713130814604214,0.4620157877604167,0.32712210769049666,0.4620157877604167
5771,192.36666666666667,1,1,1,0.0,-1.0,0.011678059895833334,0.9729582265236222,0.462066650390625,0.3282772668431141,0.462066650390625
5772,192.4,1,1,1,0.0,-1.0,0.010350545247395834,0.9761720530912453,0.4626261393229167,0.32879031681140575,0.4626261393229167
5773,192.43333333333334,1,1,1,0.0,-1.0,0.00921630859375,0.9788752746169194,0.4631144205729167,0.32915044929394954,0.4631144205729167
5774,192.46666666666667,1,1,1,0.0,-1.0,0.008402506510416666,0.9808223238089173,0.463836669921875,0.32922872134139247,0.463836669921875
5775,192.5,1,1,1,0.0,-1.0,0.007029215494791667,0.9839890904626445,0.4642130533854167,0.329359947557142,0.4642130533854167
5776,192.53333333333333,1,1,1,0.0,-1.0,0.006886800130208333,0.9843428338888404,0.464691162109375,0.32925785533403723,0.464691162109375
5777,192.56666666666666,1,1,1,0.0,-1.0,0.00714111328125,0.9837881465506849,0.4650217692057292,0.3292063344144758,0.4650217692057292
5778,192.6,1,1,1,0.0,-1.0,0.006647745768229167,0.9849019519224355,0.4655405680338542,0.32892510813083164,0.4655405680338542
5779,192.63333333333333,1,1,1,0.0,-1.0,0.006540934244791667,0.9851471827700737,0.4660542805989583,0.3287105459596985,0.4660542805989583
5780,192.66666666666666,1,1,1,0.0,-1.0,0.006429036458333333,0.9854133408195755,0.4663848876953125,0.3287556446347163,0.4663848876953125
5781,192.7,1,1,1,0.0,-1.0,0.005594889322916667,0.9872978753197093,0.4669291178385417,0.3284456490296782,0.4669291178385417
5782,192.73333333333332,1,1,1,0.0,-1.0,0.005320231119791667,0.9879223060430253,0.4670206705729167,0.32861099969768426,0.4670206705729167
5783,192.76666666666668,1,1,1,0.0,-1.0,0.004887898763020833,0.988903273347707,0.4675801595052083,0.3283336421409075,0.4675801595052083
5784,192.8,1,1,1,0.0,-1.0,0.004343668619791667,0.9901382396582967,0.4677022298177083,0.32843101319630186,0.4677022298177083
5785,192.83333333333334,1,1,1,0.0,-1.0,0.0037129720052083335,0.9915657672364052,0.4682057698567708,0.32821418885768383,0.4682057698567708
5786,192.86666666666667,1,1,1,0.0,-1.0,0.00347900390625,0.9920962890645796,0.468353271484375,0.32826552948504506,0.468353271484375
5787,192.9,1,1,1,0.0,-1.0,0.0035502115885416665,0.9919350537232818,0.4684600830078125,0.32831240713256293,0.4684600830078125
5788,192.93333333333334,1,1,1,0.0,-1.0,0.003926595052083333,0.9910838050102974,0.46856689453125,0.32833924347440696,0.46856689453125
5789,192.96666666666667,1,1,1,0.0,-1.0,0.00396728515625,0.9909901265787269,0.4687296549479167,0.3283521118780721,0.4687296549479167
5790,193.0,1,1,1,0.0,-1.0,0.004526774088541667,0.9897236718347631,0.4685618082682292,0.3286310220214678,0.4685618082682292
5791,193.03333333333333,1,1,1,0.0,-1.0,0.0048370361328125,0.9890185660996291,0.4686533610026042,0.3286222280118086,0.4686533610026042
5792,193.06666666666666,1,1,1,0.0,-1.0,0.005340576171875,0.9878783041472006,0.4686838785807292,0.32865042516030407,0.4686838785807292
5793,193.1,1,1,1,0.0,-1.0,0.00592041015625,0.986560817287486,0.4687143961588542,0.3286090725544907,0.4687143961588542
5794,193.13333333333333,1,1,1,0.0,-1.0,0.006189982096354167,0.9859473806377028,0.4687093098958333,0.32864529231877687,0.4687093098958333
5795,193.16666666666666,1,1,1,0.0,-1.0,0.006856282552083333,0.9844361039781875,0.4686228434244792,0.3286505462736348,0.4686228434244792
5796,193.2,1,1,1,0.0,-1.0,0.0069427490234375,0.9842289967805167,0.468109130859375,0.3290240347139567,0.468109130859375
5797,193.23333333333332,1,1,1,0.0,-1.0,0.007471720377604167,0.9830252389606261,0.46759033203125,0.32933799807387243,0.46759033203125
5798,193.26666666666668,1,1,1,0.0,-1.0,0.007960001627604166,0.9819104268380769,0.4673817952473958,0.3293447112183439,0.4673817952473958
5799,193.3,1,1,1,0.0,-1.0,0.008687337239583334,0.9802584081471856,0.4672393798828125,0.32920246710091733,0.4672393798828125
5800,193.33333333333334,1,1,1,0.0,-1.0,0.0093536376953125,0.9787440639566745,0.4671427408854167,0.3290506761201545,0.4671427408854167
5801,193.36666666666667,1,1,1,0.0,-1.0,0.010172526041666666,0.9768935475759333,0.4668528238932292,0.3290776890904166,0.4668528238932292
5802,193.4,1,1,1,0.0,-1.0,0.010655721028645834,0.9757944351452144,0.4667816162109375,0.328859038168966,0.4667816162109375
5803,193.43333333333334,1,1,1,0.0,-1.0,0.011479695638020834,0.9739404951684587,0.46746826171875,0.32810997363834643,0.46746826171875
5804,193.46666666666667,1,1,1,0.0,-1.0,0.013463338216145834,0.9695152459872121,0.4681396484375,0.3274303621791977,0.4681396484375
5805,193.5,1,1,1,0.0,-1.0,0.015055338541666666,0.9660055255219122,0.4698282877604167,0.32601851530942144,0.4698282877604167
5806,193.53333333333333,1,1,1,0.0,-1.0,0.016916910807291668,0.9619605362346758,0.4724680582682292,0.3238686417985903,0.4724680582682292
5807,193.56666666666666,1,1,1,0.0,-1.0,0.019017537434895832,0.9574451970569817,0.4745330810546875,0.32242171733432684,0.4745330810546875
5808,193.6,1,1,1,0.0,-1.0,0.020299275716145832,0.9548006184355131,0.477386474609375,0.3203121493678256,0.477386474609375
5809,193.63333333333333,1,1,1,0.0,-1.0,0.0217742919921875,0.9517732558408901,0.4800669352213542,0.318446617795837,0.4800669352213542
5810,193.66666666666666,1,1,1,0.0,-1.0,0.0230255126953125,0.9492663662018631,0.4820658365885417,0.31724284424695387,0.4820658365885417
5811,193.7,1,1,1,0.0,-1.0,0.0246734619140625,0.9459794247051758,0.484832763671875,0.31550867342646716,0.484832763671875
5812,193.73333333333332,1,1,1,0.0,-1.0,0.0256500244140625,0.944178030096357,0.4875844319661458,0.3138255178585934,0.4875844319661458
5813,193.76666666666668,1,1,1,0.0,-1.0,0.0272369384765625,0.9411492415047782,0.4919331868489583,0.3108011072510077,0.4919331868489583
5814,193.8,1,1,1,0.0,-1.0,0.028920491536458332,0.9379768022972705,0.4964192708333333,0.30779613862279803,0.4964192708333333
5815,193.83333333333334,1,1,1,0.0,-1.0,0.030125935872395832,0.9358597174442125,0.5012461344401041,0.3045873420402204,0.5012461344401041
5816,193.86666666666667,1,1,1,0.0,-1.0,0.0312042236328125,0.9340460189974453,0.5074106852213541,0.3002045817414064,0.5074106852213541
5817,193.9,1,1,1,0.0,-1.0,0.033772786458333336,0.9292226501601464,0.5120188395182291,0.2973095212331455,0.5120188395182291
5818,193.93333333333334,1,1,1,0.0,-1.0,0.0349884033203125,0.9271597134596397,0.5155843098958334,0.29520250499534906,0.5155843098958334
5819,193.96666666666667,1,1,1,0.0,-1.0,0.036870320638020836,0.9237482391063552,0.5212148030598959,0.29124474539964934,0.5212148030598959
5820,194.0,1,1,1,0.0,-1.0,0.037862141927083336,0.922100734479406,0.5242411295572916,0.2894115994162325,0.5242411295572916
5821,194.03333333333333,1,1,1,0.0,-1.0,0.039377848307291664,0.9193790484730386,0.5269114176432291,0.2878257187710891,0.5269114176432291
5822,194.06666666666666,1,1,1,0.0,-1.0,0.041595458984375,0.9153411690923039,0.5307973225911459,0.2853276761194385,0.5307973225911459
5823,194.1,1,1,1,0.0,-1.0,0.0436553955078125,0.911703457313904,0.5339558919270834,0.28342486440040643,0.5339558919270834
5824,194.13333333333333,1,1,1,0.0,-1.0,0.045862833658854164,0.9077727617170659,0.5350189208984375,0.2831374556815172,0.5350189208984375
5825,194.16666666666666,1,1,1,0.0,-1.0,0.047597249348958336,0.9047480070731322,0.5375213623046875,0.28154328435359816,0.5375213623046875
5826,194.2,1,1,1,0.0,-1.0,0.048726399739583336,0.9028271993603093,0.5361582438151041,0.2830586545478435,0.5361582438151041
5827,194.23333333333332,1,1,1,0.0,-1.0,0.050298055013020836,0.9000562606268966,0.5362091064453125,0.28336846378056346,0.5362091064453125
5828,194.26666666666668,1,1,1,0.0,-1.0,0.051544189453125,0.8980126012664984,0.530731201171875,0.28870724142744003,0.530731201171875
5829,194.3,1,1,1,0.0,-1.0,0.053614298502604164,0.8945451163725491,0.52471923828125,0.2945553953368452,0.52471923828125
5830,194.33333333333334,1,1,1,0.0,-1.0,0.0568389892578125,0.8890328187420113,0.5185750325520834,0.3007310582048318,0.5185750325520834
5831,194.36666666666667,1,1,1,0.0,-1.0,0.060811360677083336,0.8822667457498501,0.5149943033854166,0.304820715535635,0.5149943033854166
5832,194.4,1,1,1,0.0,-1.0,0.06383260091145833,0.877347072646509,0.5092519124348959,0.31083056222833233,0.5092519124348959
5833,194.43333333333334,1,1,1,0.0,-1.0,0.06757609049479167,0.8711706653968437,0.5001118977864584,0.31991107952895126,0.5001118977864584
5834,194.46666666666667,1,1,1,0.0,-1.0,0.07111612955729167,0.8654350506208066,0.4896799723307292,0.33033987015282507,0.4896799723307292
5835,194.5,1,1,1,0.0,-1.0,0.07310994466145833,0.8623792835093662,0.4827728271484375,0.33741235997190044,0.4827728271484375
5836,194.53333333333333,1,1,1,0.0,-1.0,0.06994120279947917,0.8682477547864806,0.4654642740885417,0.3539107177261187,0.4654642740885417
5837,194.56666666666666,1,1,1,0.0,-1.0,0.05792236328125,0.8895920527892679,0.4453175862630208,0.3719838396924107,0.4453175862630208
5838,194.6,1,1,1,0.0,-1.0,0.0443267822265625,0.9138201421017422,0.4202219645182292,0.39319250586662285,0.4202219645182292
5839,194.63333333333333,1,1,1,0.0,-1.0,0.042577107747395836,0.9157296411492047,0.3942616780598958,0.4148869607871593,0.3942616780598958
5840,194.66666666666666,1,1,1,0.0,-1.0,0.0385284423828125,0.9215147091170601,0.3774007161458333,0.42756349038463737,0.3774007161458333
5841,194.7,1,1,1,0.0,-1.0,0.029123942057291668,0.9384410973692523,0.3644765218098958,0.4375464319494863,0.3644765218098958
5842,194.73333333333332,1,1,1,0.0,-1.0,0.024998982747395832,0.9456220840700318,0.3521169026692708,0.447697371724343,0.3521169026692708
5843,194.76666666666668,1,1,1,0.0,-1.0,0.024871826171875,0.9445409419737361,0.3417104085286458,0.45573864655329077,0.3417104085286458
5844,194.8,1,1,1,0.0,-1.0,0.024632771809895832,0.9434499331447412,0.3291880289713542,0.4659553579349185,0.3291880289713542
5845,194.83333333333334,1,1,1,0.0,-1.0,0.024968465169270832,0.940735143236076,0.3205718994140625,0.4715094854005333,0.3205718994140625
5846,194.86666666666667,1,1,1,0.0,-1.0,0.024805704752604168,0.938749384503967,0.31439208984375,0.4740129881410846,0.31439208984375
5847,194.9,1,1,1,0.0,-1.0,0.024505615234375,0.9366540208931611,0.3068898518880208,0.4778159657350963,0.3068898518880208
5848,194.93333333333334,1,1,1,0.0,-1.0,0.024576822916666668,0.9331309752125829,0.2999064127604167,0.4806752133277832,0.2999064127604167
5849,194.96666666666667,1,1,1,0.0,-1.0,0.023157755533854168,0.9331014996320699,0.3017425537109375,0.47286081671589986,0.3017425537109375
5850,195.0,1,1,1,0.0,-1.0,0.017110188802083332,0.9474760216449085,0.3031158447265625,0.46765098708035935,0.3031158447265625
5851,195.03333333333333,1,1,1,0.0,-1.0,0.014719645182291666,0.953037911009544,0.3040771484375,0.46389012251487916,0.3040771484375
5852,195.06666666666666,1,1,1,0.0,-1.0,0.013086954752604166,0.956984085739369,0.3080596923828125,0.45701894904497453,0.3080596923828125
5853,195.1,1,1,1,0.0,-1.0,0.011896769205729166,0.960149247300891,0.30474853515625,0.4601690530388023,0.30474853515625
5854,195.13333333333333,1,1,1,0.0,-1.0,0.01226806640625,0.9585953695728175,0.3008473714192708,0.46416403292674857,0.3008473714192708
5855,195.16666666666666,1,1,1,0.0,-1.0,0.0127716064453125,0.956690504265374,0.2995249430338542,0.46529338258989983,0.2995249430338542
5856,195.2,1,1,1,0.0,-1.0,0.014424641927083334,0.9511575955571088,0.3019561767578125,0.4619117887657656,0.3019561767578125
5857,195.23333333333332,1,1,1,0.0,-1.0,0.016932169596354168,0.9428221159947676,0.3046925862630208,0.4577800577519652,0.3046925862630208
5858,195.26666666666668,1,1,1,0.0,-1.0,0.020197550455729168,0.931861885686212,0.3075052897135417,0.4531980462368985,0.3075052897135417
5859,195.3,1,1,1,0.0,-1.0,0.023869832356770832,0.9192328185601712,0.3127034505208333,0.4451222499366688,0.3127034505208333
5860,195.33333333333334,1,1,1,0.0,-1.0,0.028076171875,0.9042778675873251,0.3225657145182292,0.4308253430878624,0.3225657145182292
5861,195.36666666666667,1,1,1,0.0,-1.0,0.033060709635416664,0.8854649042600564,0.3290456136067708,0.41946941848876196,0.3290456136067708
5862,195.4,1,1,1,0.0,-1.0,0.035619099934895836,0.8727382810860587,0.3354746500651042,0.40760685067558494,0.3354746500651042
5863,195.43333333333334,1,1,1,0.0,-1.0,0.035914103190104164,0.866312931155047,0.3440958658854167,0.393249566868663,0.3440958658854167
5864,195.46666666666667,1,1,1,0.0,-1.0,0.036778767903645836,0.8577381557357278,0.3520151774088542,0.37992684733999094,0.3520151774088542
5865,195.5,1,1,1,0.0,-1.0,0.0373382568359375,0.8495863182538885,0.3603261311848958,0.36636201909021343,0.3603261311848958
5866,195.53333333333333,1,1,1,0.0,-1.0,0.03790283203125,0.84109592051071,0.365509033203125,0.3566369732475338,0.365509033203125
5867,195.56666666666666,1,1,1,0.0,-1.0,0.03814697265625,0.8339996830759309,0.3709818522135417,0.34694594687628477,0.3709818522135417
5868,195.6,1,1,1,0.0,-1.0,0.036921183268229164,0.8319595205174104,0.376312255859375,0.33722054211060015,0.376312255859375
5869,195.63333333333333,1,1,1,0.0,-1.0,0.0338134765625,0.8373954146145719,0.3784535725911458,0.330880253654527,0.3784535725911458
5870,195.66666666666666,1,1,1,0.0,-1.0,0.030431111653645832,0.8443857940270096,0.3786824544270833,0.32642836330764063,0.3786824544270833
5871,195.7,1,1,1,0.0,-1.0,0.027679443359375,0.8489295910912058,0.3767496744791667,0.3240985424593722,0.3767496744791667
5872,195.73333333333332,1,1,1,0.0,-1.0,0.0250701904296875,0.8532693826934538,0.3731486002604167,0.323559504196059,0.3731486002604167
5873,195.76666666666668,1,1,1,0.0,-1.0,0.02276611328125,0.8565553049508617,0.368988037109375,0.32351277049774496,0.368988037109375
5874,195.8,1,1,1,0.0,-1.0,0.020680745442708332,0.8588686409621336,0.3636881510416667,0.32477244797547017,0.3636881510416667
5875,195.83333333333334,1,1,1,0.0,-1.0,0.0188446044921875,0.8599983323767102,0.3575642903645833,0.3268542300261526,0.3575642903645833
5876,195.86666666666667,1,1,1,0.0,-1.0,0.016947428385416668,0.8618358317796893,0.3512674967447917,0.32918892288868157,0.3512674967447917
5877,195.9,1,1,1,0.0,-1.0,0.015370686848958334,0.8615822593375679,0.3450368245442708,0.33161032203055285,0.3450368245442708
5878,195.93333333333334,1,1,1,0.0,-1.0,0.01397705078125,0.8601428007859218,0.3387705485026042,0.3343323004813553,0.3387705485026042
5879,195.96666666666667,1,1,1,0.0,-1.0,0.012598673502604166,0.8589455980277328,0.3326466878255208,0.3369927227388424,0.3326466878255208
5880,196.0,1,1,1,0.0,-1.0,0.0113983154296875,0.8559457109450581,0.3262736002604167,0.3399034935259112,0.3262736002604167
5881,196.03333333333333,1,1,1,0.0,-1.0,0.0117340087890625,0.8293212757987801,0.3187967936197917,0.3432424052892918,0.3187967936197917
5882,196.06666666666666,1,1,1,0.0,-1.0,0.008946736653645834,0.842184509719677,0.3132680257161458,0.3457817900624322,0.3132680257161458
5883,196.1,1,1,1,0.0,-1.0,0.008280436197916666,0.8314105514551833,0.3079071044921875,0.34835808216682496,0.3079071044921875
5884,196.13333333333333,1,1,1,0.0,-1.0,0.007670084635416667,0.8180708748748844,0.3029123942057292,0.3507656225611347,0.3029123942057292
5885,196.16666666666666,1,1,1,0.0,-1.0,0.007161458333333333,0.8008233433005056,0.2978566487630208,0.3532385696629837,0.2978566487630208
5886,196.2,1,1,1,0.0,-1.0,0.006245930989583333,0.7938730206445909,0.2931620279947917,0.35555654127083725,0.2931620279947917
5887,196.23333333333332,1,1,1,0.0,-1.0,0.006098429361979167,0.7591276841403365,0.2883249918619792,0.35804946829038475,0.2883249918619792
5888,196.26666666666668,1,1,1,0.0,-1.0,0.005381266276041667,0.7392469417435055,0.2834625244140625,0.36044368654772074,0.2834625244140625
5889,196.3,1,1,1,0.0,-1.0,0.004938761393229167,0.6989368792020684,0.2787221272786458,0.3627905165915304,0.2787221272786458
5890,196.33333333333334,1,1,1,0.0,-1.0,0.0038248697916666665,0.6629680947463137,0.2744089762369792,0.36388958168621754,0.2744089762369792
5891,196.36666666666667,1,1,1,0.0,-1.0,0.0022939046223958335,0.6172955468015233,0.2699686686197917,0.36573060038573557,0.2699686686197917
5892,196.4,1,1,1,0.0,-1.0,0.0012969970703125,0.5145606005515823,0.2663777669270833,0.36697071012276783,0.2663777669270833
5893,196.43333333333334,1,1,1,0.0,-1.0,0.0012105305989583333,0.4993947347005208,0.2632954915364583,0.36884608909140415,0.2632954915364583
5894,196.46666666666667,1,1,1,0.0,-1.0,0.0020243326822916665,0.5088400092207929,0.2601267496744792,0.37071907645081503,0.2601267496744792
5895,196.5,1,1,1,0.0,-1.0,0.0021464029947916665,0.5138692562719378,0.2570597330729167,0.37221722218030606,0.2570597330729167
5896,196.53333333333333,1,1,1,0.0,-1.0,0.0022633870442708335,0.5130603713817258,0.2547047932942708,0.3729368518481022,0.2547047932942708
5897,196.56666666666666,1,1,1,0.0,-1.0,0.0023651123046875,0.5072740553468156,0.2517852783203125,0.3743626318258294,0.2517852783203125
5898,196.6,1,1,1,0.0,-1.0,0.0023142496744791665,0.49884287516276044,0.24943033854166666,0.3754759747978043,0.24943033854166666
5899,196.63333333333333,1,1,1,0.0,-1.0,0.0023295084635416665,0.4988352457682292,0.24708048502604166,0.376575698926706,0.24708048502604166
5900,196.66666666666666,1,1,1,0.0,-1.0,0.00225830078125,0.508804572753043,0.24505615234375,0.3775401949005242,0.24505615234375
5901,196.7,1,1,1,0.0,-1.0,0.0022684733072916665,0.516181688350444,0.24303690592447916,0.3785307709736473,0.24303690592447916
5902,196.73333333333332,1,1,1,0.0,-1.0,0.0022023518880208335,0.5302839429920654,0.24105326334635416,0.3795329825081969,0.24105326334635416
5903,196.76666666666668,1,1,1,0.0,-1.0,0.0019887288411458335,0.5576961174356964,0.23941548665364584,0.38029225667317706,0.23941548665364584
5904,196.8,1,1,1,0.0,-1.0,0.0017598470052083333,0.5986567284710749,0.23767598470052084,0.3811922922182669,0.23767598470052084
5905,196.83333333333334,1,1,1,0.0,-1.0,0.0016886393229166667,0.626121486923503,0.23631795247395834,0.3819324492117375,0.23631795247395834
5906,196.86666666666667,1,1,1,0.0,-1.0,0.0016530354817708333,0.6412434241831855,0.23503621419270834,0.3825023368365015,0.23503621419270834
5907,196.9,1,1,1,0.0,-1.0,0.0016123453776041667,0.6575983965142507,0.23364766438802084,0.38324818797775345,0.23364766438802084
5908,196.93333333333334,1,1,1,0.0,-1.0,0.0015920003255208333,0.6669315974254266,0.232574462890625,0.38376447865444197,0.232574462890625
5909,196.96666666666667,1,1,1,0.0,-1.0,0.0016428629557291667,0.6831308155713296,0.2316436767578125,0.38424049004762423,0.2316436767578125
5910,197.0,1,1,1,0.0,-1.0,0.0016682942708333333,0.7009830917404777,0.23086039225260416,0.3846427932729066,0.23086039225260416
5911,197.03333333333333,1,1,1,0.0,-1.0,0.0017191569010416667,0.7184083687684629,0.23013814290364584,0.38495185792905384,0.23013814290364584
5912,197.06666666666666,1,1,1,0.0,-1.0,0.0015869140625,0.755455217036886,0.22949727376302084,0.3853143402091476,0.22949727376302084
5913,197.1,1,1,1,0.0,-1.0,0.0015970865885416667,0.7761885058965028,0.228912353515625,0.38560697910390085,0.228912353515625
5914,197.13333333333333,1,1,1,0.0,-1.0,0.0017496744791666667,0.7739923998532448,0.2280426025390625,0.38603155273634004,0.2280426025390625
5915,197.16666666666666,1,1,1,0.0,-1.0,0.0021870930989583335,0.7321549784541254,0.22703043619791666,0.38653789731604,0.22703043619791666
5916,197.2,1,1,1,0.0,-1.0,0.0024820963541666665,0.7147053831815338,0.22626749674479166,0.38691956555421014,0.22626749674479166
5917,197.23333333333332,1,1,1,0.0,-1.0,0.0024973551432291665,0.7361816512364914,0.2253875732421875,0.3873918783416361,0.2253875732421875
5918,197.26666666666668,1,1,1,0.0,-1.0,0.0008138020833333334,0.9067842162950303,0.22459920247395834,0.3877863964993994,0.22459920247395834
5919,197.3,1,1,1,0.0,-1.0,0.0007985432942708334,0.9173139879128942,0.22371927897135416,0.3882159376596714,0.22371927897135416
5920,197.33333333333334,1,1,1,0.0,-1.0,0.0007832845052083334,0.927978607508122,0.22283935546875,0.38865622918312254,0.22283935546875
5921,197.36666666666667,1,1,1,0.0,-1.0,0.0009816487630208333,0.9208594738648608,0.22208658854166666,0.389032896739053,0.22208658854166666
5922,197.4,1,1,1,0.0,-1.0,0.00146484375,0.8972080906477913,0.220977783203125,0.3895877212271176,0.220977783203125
5923,197.43333333333334,1,1,1,0.0,-1.0,0.0026753743489583335,0.8405066064383342,0.219940185546875,0.39011791789908207,0.219940185546875
5924,197.46666666666667,1,1,1,0.0,-1.0,0.004038492838541667,0.7932242112951173,0.219390869140625,0.39041487671734176,0.219390869140625
5925,197.5,1,1,1,0.0,-1.0,0.00555419921875,0.759814427484313,0.2192840576171875,0.3904683416320371,0.2192840576171875
5926,197.53333333333333,1,1,1,0.0,-1.0,0.007451375325520833,0.7274429420992844,0.21917215983072916,0.39055747168813715,0.21917215983072916
5927,197.56666666666666,1,1,1,0.0,-1.0,0.009908040364583334,0.6892061359859988,0.21896870930989584,0.3907145878416724,0.21896870930989584
5928,197.6,1,1,1,0.0,-1.0,0.011749267578125,0.670195279403833,0.21883646647135416,0.39084716053541846,0.21883646647135416
5929,197.63333333333333,1,1,1,0.0,-1.0,0.012995402018229166,0.6534303893355584,0.21764119466145834,0.39146863483441735,0.21764119466145834
5930,197.66666666666666,1,1,1,0.0,-1.0,0.0132293701171875,0.6346909689967917,0.21553548177083334,0.3926818494309925,0.21553548177083334
5931,197.7,1,1,1,0.0,-1.0,0.012440999348958334,0.6203180459475084,0.21306864420572916,0.39411419543598536,0.21306864420572916
5932,197.73333333333332,1,1,1,0.0,-1.0,0.0030466715494791665,0.8585767193812887,0.2118988037109375,0.3947487450576302,0.2118988037109375
5933,197.76666666666668,1,1,1,0.0,-1.0,0.006968180338541667,0.7673899733337505,0.2166748046875,0.3929786875732593,0.2166748046875
5934,197.8,1,1,1,0.0,-1.0,0.007817586263020834,0.8243384131427431,0.22313944498697916,0.3903711251950321,0.22313944498697916
5935,197.83333333333334,1,1,1,0.0,-1.0,0.009033203125,0.852222818760241,0.231231689453125,0.38659045552236704,0.231231689453125
5936,197.86666666666667,1,1,1,0.0,-1.0,0.020558675130208332,0.7906487454072106,0.248199462890625,0.3807396907814345,0.248199462890625
5937,197.9,1,1,1,0.0,-1.0,0.016398111979166668,0.8695994139997449,0.2596689860026042,0.3780366240367586,0.2596689860026042
5938,197.93333333333334,1,1,1,0.0,-1.0,0.018244425455729168,0.8819496602425507,0.2736053466796875,0.3728988485797214,0.2736053466796875
5939,197.96666666666667,1,1,1,0.0,-1.0,0.0201416015625,0.8905452574148633,0.2853291829427083,0.3714091598622545,0.2853291829427083
5940,198.0,1,1,1,0.0,-1.0,0.021357218424479168,0.8996434334130072,0.29608154296875,0.3709405294784168,0.29608154296875
5941,198.03333333333333,1,1,1,0.0,-1.0,0.024358113606770832,0.89938544145092,0.3066914876302083,0.37005377575657017,0.3066914876302083
5942,198.06666666666666,1,1,1,0.0,-1.0,0.035517374674479164,0.8693439750288723,0.310302734375,0.3737998290189484,0.310302734375
5943,198.1,1,1,1,0.0,-1.0,0.050984700520833336,0.8295257616915162,0.3157501220703125,0.3748625966226455,0.3157501220703125
5944,198.13333333333333,1,1,1,0.0,-1.0,0.060272216796875,0.8111550662743083,0.31573486328125,0.38036454230269123,0.31573486328125
5945,198.16666666666666,1,1,1,0.0,-1.0,0.07439676920572917,0.7773340169325713,0.3108876546223958,0.3867112967300201,0.3108876546223958
5946,198.2,1,1,1,0.0,-1.0,0.08738199869791667,0.7415946457880442,0.3110198974609375,0.38267232270587076,0.3110198974609375
5947,198.23333333333332,1,1,1,0.0,-1.0,0.09283447265625,0.7160058898825306,0.3065541585286458,0.37870233325285574,0.3065541585286458
5948,198.26666666666668,1,1,1,0.0,-1.0,0.07777913411458333,0.7221816107004894,0.2875162760416667,0.3785396750821928,0.2875162760416667
5949,198.3,1,1,1,0.0,-1.0,0.0765228271484375,0.7030016269595507,0.2856343587239583,0.38535004762132624,0.2856343587239583
5950,198.33333333333334,1,1,1,0.0,-1.0,0.055145263671875,0.7755611300000291,0.2778727213541667,0.3954631528208516,0.2778727213541667
5951,198.36666666666667,1,1,1,0.0,-1.0,0.057200113932291664,0.7653324061309058,0.2667032877604167,0.4073667386355212,0.2667032877604167
5952,198.4,1,1,1,0.0,-1.0,0.062347412109375,0.7407206111087463,0.2554931640625,0.41956270465852136,0.2554931640625
5953,198.43333333333334,1,1,1,0.0,-1.0,0.06534322102864583,0.7229587792355711,0.2546742757161458,0.4178301489404737,0.2546742757161458
5954,198.46666666666667,1,1,1,0.0,-1.0,0.06709798177083333,0.7072336558555011,0.2576700846354167,0.40840204489053544,0.2576700846354167
5955,198.5,1,1,1,0.0,-1.0,0.0710906982421875,0.6784070831745864,0.2563832600911458,0.40464052759304875,0.2563832600911458
5956,198.53333333333333,1,1,1,0.0,-1.0,0.07200113932291667,0.6561899198526359,0.2528228759765625,0.40355400714700934,0.2528228759765625
5957,198.56666666666666,1,1,1,0.0,-1.0,0.07126363118489583,0.6402306087441578,0.24348958333333334,0.4125679163100152,0.24348958333333334
5958,198.6,1,1,1,0.0,-1.0,0.07696533203125,0.608774054396056,0.2353668212890625,0.42337157100447487,0.2353668212890625
5959,198.63333333333333,1,1,1,0.0,-1.0,0.08015950520833333,0.5905462212974564,0.2301788330078125,0.4292694773599668,0.2301788330078125
5960,198.66666666666666,1,1,1,0.0,-1.0,0.0733795166015625,0.5982340433921207,0.22645060221354166,0.4297776010375854,0.22645060221354166
5961,198.7,1,1,1,0.0,-1.0,0.059473673502604164,0.6445971965740516,0.22187296549479166,0.43845554264416275,0.22187296549479166
5962,198.73333333333332,1,1,1,0.0,-1.0,0.060002644856770836,0.6506472114673936,0.22041829427083334,0.44404766046809363,0.22041829427083334
5963,198.76666666666668,1,1,1,0.0,-1.0,0.055206298828125,0.6815877490438313,0.22005208333333334,0.44773935010704363,0.22005208333333334
5964,198.8,1,1,1,0.0,-1.0,0.035736083984375,0.757704874819783,0.21583048502604166,0.4425921743845702,0.21583048502604166
5965,198.83333333333334,1,1,1,0.0,-1.0,0.023015340169270832,0.8157155829999293,0.21893819173177084,0.43893842304542924,0.21893819173177084
5966,198.86666666666667,1,1,1,0.0,-1.0,0.029195149739583332,0.7802851263943513,0.222320556640625,0.43645156941973356,0.222320556640625
5967,198.9,1,1,1,0.0,-1.0,0.0217437744140625,0.8292969325655848,0.22659810384114584,0.4293716084236147,0.22659810384114584
5968,198.93333333333334,1,1,1,0.0,-1.0,0.025075276692708332,0.8099299546071301,0.23240152994791666,0.42389224413594584,0.23240152994791666
5969,198.96666666666667,1,1,1,0.0,-1.0,0.024627685546875,0.8200387010418047,0.23630777994791666,0.4217280608888426,0.23630777994791666
5970,199.0,1,1,1,0.0,-1.0,0.0240631103515625,0.8290182560472157,0.23910013834635416,0.42023458750676923,0.23910013834635416
5971,199.03333333333333,1,1,1,0.0,-1.0,0.022954305013020832,0.8370932806486082,0.24181620279947916,0.41669984446162006,0.24181620279947916
5972,199.06666666666666,1,1,1,0.0,-1.0,0.0232391357421875,0.8334673437370328,0.24443562825520834,0.41316070254986914,0.24443562825520834
5973,199.1,1,1,1,0.0,-1.0,0.025746663411458332,0.8161284599556066,0.24522908528645834,0.4122314479054084,0.24522908528645834
5974,199.13333333333333,1,1,1,0.0,-1.0,0.020233154296875,0.8479814193174415,0.24574788411458334,0.41130161108063756,0.24574788411458334
5975,199.16666666666666,1,1,1,0.0,-1.0,0.0149078369140625,0.8804982506215971,0.24704488118489584,0.40822841311385893,0.24704488118489584
5976,199.2,1,1,1,0.0,-1.0,0.005696614583333333,0.9507288668842286,0.24698893229166666,0.4104900630959103,0.24698893229166666
5977,199.23333333333332,1,1,1,0.0,-1.0,0.004033406575520833,0.9658501265968864,0.24713134765625,0.4133171716615861,0.24713134765625
5978,199.26666666666668,1,1,1,0.0,-1.0,0.005269368489583333,0.9572015072567203,0.24680582682291666,0.41584487969603534,0.24680582682291666
5979,199.3,1,1,1,0.0,-1.0,0.009450276692708334,0.9282799160310395,0.246795654296875,0.4194818362443301,0.246795654296875
5980,199.33333333333334,1,1,1,0.0,-1.0,0.011118570963541666,0.9203517268423459,0.24716695149739584,0.4218387216454109,0.24716695149739584
5981,199.36666666666667,1,1,1,0.0,-1.0,0.0128173828125,0.9123036026656661,0.24764506022135416,0.42336222149706626,0.24764506022135416
5982,199.4,1,1,1,0.0,-1.0,0.0143585205078125,0.9053320871444179,0.24929300944010416,0.42265178021936955,0.24929300944010416
5983,199.43333333333334,1,1,1,0.0,-1.0,0.015767415364583332,0.8988316477567615,0.2503153483072917,0.42245757954874785,0.2503153483072917
5984,199.46666666666667,1,1,1,0.0,-1.0,0.0166015625,0.8945578562197695,0.252532958984375,0.41913874550555597,0.252532958984375
5985,199.5,1,1,1,0.0,-1.0,0.017908732096354168,0.8853200706416984,0.2536214192708333,0.41597890270303367,0.2536214192708333
5986,199.53333333333333,1,1,1,0.0,-1.0,0.018376668294270832,0.8747664812353549,0.2528737386067708,0.4106010595814856,0.2528737386067708
5987,199.56666666666666,1,1,1,0.0,-1.0,0.010676066080729166,0.9156357492433399,0.25384521484375,0.4043498519406888,0.25384521484375
5988,199.6,1,1,1,0.0,-1.0,0.002777099609375,0.9758770379322224,0.2547353108723958,0.4049777314141102,0.2547353108723958
5989,199.63333333333333,1,1,1,0.0,-1.0,0.0025889078776041665,0.977977023971833,0.2559356689453125,0.40484725268008737,0.2559356689453125
5990,199.66666666666666,1,1,1,0.0,-1.0,0.002716064453125,0.9773140417810402,0.2572377522786458,0.4044959674772322,0.2572377522786458
5991,199.7,1,1,1,0.0,-1.0,0.0026601155598958335,0.9781484916190277,0.2587839762369792,0.40388287105471893,0.2587839762369792
5992,199.73333333333332,1,1,1,0.0,-1.0,0.0028432210286458335,0.9770969278242048,0.2603403727213542,0.40334508470722485,0.2603403727213542
5993,199.76666666666668,1,1,1,0.0,-1.0,0.0029500325520833335,0.9767174675810978,0.2617899576822917,0.4030242188630038,0.2617899576822917
5994,199.8,1,1,1,0.0,-1.0,0.0031687418619791665,0.975537420837684,0.2632090250651042,0.40279189820296185,0.2632090250651042
5995,199.83333333333334,1,1,1,0.0,-1.0,0.0032450358072916665,0.9754734564465255,0.2646942138671875,0.4026591683539766,0.2646942138671875
5996,199.86666666666667,1,1,1,0.0,-1.0,0.0034281412760416665,0.9746734648491079,0.2662811279296875,0.4024424895374765,0.2662811279296875
5997,199.9,1,1,1,0.0,-1.0,0.0032145182291666665,0.9767562803129815,0.2681630452473958,0.4017597860344797,0.2681630452473958
5998,199.93333333333334,1,1,1,0.0,-1.0,0.0032806396484375,0.9767447084902781,0.2700907389322917,0.4011507788419397,0.2700907389322917
5999,199.96666666666667,1,1,1,0.0,-1.0,0.0033823649088541665,0.9765236684164834,0.2718912760416667,0.40075990520421706,0.2718912760416667
6000,200.0,1,1,1,0.0,-1.0,0.0034688313802083335,0.9764298244839575,0.2736968994140625,0.4004261606945329,0.2736968994140625
6001,200.03333333333333,1,1,1,0.0,-1.0,0.0033721923828125,0.9775165361939702,0.2758941650390625,0.3996922855069996,0.2758941650390625
6002,200.06666666666666,1,1,1,0.0,-1.0,0.0031890869140625,0.9791308489508082,0.2779947916666667,0.398977030712381,0.2779947916666667
6003,200.1,1,1,1,0.0,-1.0,0.003082275390625,0.980170204006581,0.2796986897786458,0.39861469962763985,0.2796986897786458
6004,200.13333333333333,1,1,1,0.0,-1.0,0.0031636555989583335,0.9799749751380861,0.281585693359375,0.39791228031469034,0.281585693359375
6005,200.16666666666666,1,1,1,0.0,-1.0,0.0029296875,0.9817190900769528,0.2831217447916667,0.39759494341805934,0.2831217447916667
6006,200.2,1,1,1,0.0,-1.0,0.0028177897135416665,0.9826555824575458,0.284210205078125,0.39759561962384976,0.284210205078125
6007,200.23333333333332,1,1,1,0.0,-1.0,0.0027313232421875,0.9833807603473136,0.2852681477864583,0.39739641725888863,0.2852681477864583
6008,200.26666666666668,1,1,1,0.0,-1.0,0.0023447672526041665,0.9858690869268325,0.286102294921875,0.397253983819452,0.286102294921875
6009,200.3,1,1,1,0.0,-1.0,0.0022023518880208335,0.9868340083783422,0.2866058349609375,0.3972732386312871,0.2866058349609375
6010,200.33333333333334,1,1,1,0.0,-1.0,0.0019887288411458335,0.9881933779300868,0.2869618733723958,0.3973155247574763,0.2869618733723958
6011,200.36666666666667,1,1,1,0.0,-1.0,0.0017038981119791667,0.9899419160119374,0.2872263590494792,0.397312197740978,0.2872263590494792
6012,200.4,1,1,1,0.0,-1.0,0.0015665690104166667,0.9907906546153331,0.2874755859375,0.3973250262889802,0.2874755859375
6013,200.43333333333334,1,1,1,0.0,-1.0,0.0012919108072916667,0.9924179569778853,0.2876180013020833,0.397264005641251,0.2876180013020833
6014,200.46666666666667,1,1,1,0.0,-1.0,0.0011037190755208333,0.9935295165692823,0.2877960205078125,0.39723830746744626,0.2877960205078125
6015,200.5,1,1,1,0.0,-1.0,0.0012715657552083333,0.9925704673161491,0.2881622314453125,0.3971146559393061,0.2881622314453125
6016,200.53333333333333,1,1,1,0.0,-1.0,0.0012461344401041667,0.9927480464910147,0.2887318929036458,0.3969477637497856,0.2887318929036458
6017,200.56666666666666,1,1,1,0.0,-1.0,0.0012613932291666667,0.9926935897472264,0.2892964680989583,0.3967834194750662,0.2892964680989583
6018,200.6,1,1,1,0.0,-1.0,0.0015207926432291667,0.9912447092862502,0.2899424235026042,0.3965452977685455,0.2899424235026042
6019,200.63333333333333,1,1,1,0.0,-1.0,0.0016428629557291667,0.9906148392624217,0.2904764811197917,0.39643168330111006,0.2904764811197917
6020,200.66666666666666,1,1,1,0.0,-1.0,0.0015157063802083333,0.9913931219615784,0.2908732096354167,0.3963242872755196,0.2908732096354167
6021,200.7,1,1,1,0.0,-1.0,0.0015055338541666667,0.9915077030130401,0.2910919189453125,0.3963659229050606,0.2910919189453125
6022,200.73333333333332,1,1,1,0.0,-1.0,0.00164794921875,0.9907750707709988,0.2913411458333333,0.3963549984087054,0.2913411458333333
6023,200.76666666666668,1,1,1,0.0,-1.0,0.0016886393229166667,0.9906234801463489,0.2915903727213542,0.3963564853258382,0.2915903727213542
6024,200.8,1,1,1,0.0,-1.0,0.0015818277994791667,0.9912822083207447,0.2918701171875,0.39631192753693506,0.2918701171875
6025,200.83333333333334,1,1,1,0.0,-1.0,0.0016123453776041667,0.9911830500542624,0.2922719319661458,0.396205425691208,0.2922719319661458
6026,200.86666666666667,1,1,1,0.0,-1.0,0.0016682942708333333,0.9909468985630918,0.2928619384765625,0.3960183965506334,0.2928619384765625
6027,200.9,1,1,1,0.0,-1.0,0.0015360514322916667,0.9917282152631839,0.2935994466145833,0.39571411607733464,0.2935994466145833
6028,200.93333333333334,1,1,1,0.0,-1.0,0.0015309651692708333,0.9918181010997535,0.2944183349609375,0.39539308228638326,0.2944183349609375
6029,200.96666666666667,1,1,1,0.0,-1.0,0.0015716552734375,0.9916687056200266,0.2952829996744792,0.39510964270421917,0.2952829996744792
6030,201.0,1,1,1,0.0,-1.0,0.0015055338541666667,0.9920781043334769,0.2962799072265625,0.39467489291695435,0.2962799072265625
6031,201.03333333333333,1,1,1,0.0,-1.0,0.0015614827473958333,0.9918459196876181,0.2971598307291667,0.39441565754581714,0.2971598307291667
6032,201.06666666666666,1,1,1,0.0,-1.0,0.001678466796875,0.991305478963494,0.2980448404947917,0.3940463346367708,0.2980448404947917
6033,201.1,1,1,1,0.0,-1.0,0.0018208821614583333,0.990650461920867,0.2987874348958333,0.39380104598043114,0.2987874348958333
6034,201.13333333333333,1,1,1,0.0,-1.0,0.001739501953125,0.9911326071637883,0.2993570963541667,0.3937364434539063,0.2993570963541667
6035,201.16666666666666,1,1,1,0.0,-1.0,0.0019175211588541667,0.9903187814054343,0.2999165852864583,0.3937136216707823,0.2999165852864583
6036,201.2,1,1,1,0.0,-1.0,0.0019734700520833335,0.9901331542075902,0.3003946940104167,0.39371875358443575,0.3003946940104167
6037,201.23333333333332,1,1,1,0.0,-1.0,0.0021311442057291665,0.9894541872818294,0.3006795247395833,0.39386903971100135,0.3006795247395833
6038,201.26666666666668,1,1,1,0.0,-1.0,0.0023651123046875,0.9884216985733245,0.3008677164713542,0.394106537357974,0.3008677164713542
6039,201.3,1,1,1,0.0,-1.0,0.0024058024088541665,0.9883443113199943,0.3009999593098958,0.39429581596883734,0.3009999593098958
6040,201.33333333333334,1,1,1,0.0,-1.0,0.002593994140625,0.9875674810641488,0.3014424641927083,0.3942112242159793,0.3014424641927083
6041,201.36666666666667,1,1,1,0.0,-1.0,0.0028025309244791665,0.9867330856549111,0.3018798828125,0.3941592436212979,0.3018798828125
6042,201.4,1,1,1,0.0,-1.0,0.0028076171875,0.9868631654736998,0.3024648030598958,0.3939182806634253,0.3024648030598958
6043,201.43333333333334,1,1,1,0.0,-1.0,0.0028432210286458335,0.9868583103001007,0.3029581705729167,0.3938511447772906,0.3029581705729167
6044,201.46666666666667,1,1,1,0.0,-1.0,0.003021240234375,0.9862147557100531,0.3035176595052083,0.39386916633459285,0.3035176595052083
6045,201.5,1,1,1,0.0,-1.0,0.0033467610677083335,0.9849296475530647,0.3041534423828125,0.3938929305976452,0.3041534423828125
6046,201.53333333333333,1,1,1,0.0,-1.0,0.0035044352213541665,0.9844250612556944,0.3050587972005208,0.3937037466470002,0.3050587972005208
6047,201.56666666666666,1,1,1,0.0,-1.0,0.00384521484375,0.9831754852625092,0.306243896484375,0.39338219779708006,0.306243896484375
6048,201.6,1,1,1,0.0,-1.0,0.004241943359375,0.9817249646155297,0.3073272705078125,0.3932407201732705,0.3073272705078125
6049,201.63333333333333,1,1,1,0.0,-1.0,0.004720052083333333,0.979972071134861,0.3088124593098958,0.39266863236813904,0.3088124593098958
6050,201.66666666666666,1,1,1,0.0,-1.0,0.005335489908854167,0.9777565883051669,0.3101908365885417,0.39243240442313976,0.3101908365885417
6051,201.7,1,1,1,0.0,-1.0,0.005523681640625,0.9773735159383863,0.3119150797526042,0.3918257355983839,0.3119150797526042
6052,201.73333333333332,1,1,1,0.0,-1.0,0.006418863932291667,0.9742362343710728,0.31378173828125,0.3912065978242989,0.31378173828125
6053,201.76666666666668,1,1,1,0.0,-1.0,0.006718953450520833,0.9735329911562318,0.3154246012369792,0.3909572940747275,0.3154246012369792
6054,201.8,1,1,1,0.0,-1.0,0.0067291259765625,0.9739987787881366,0.3175048828125,0.3902748521728713,0.3175048828125
6055,201.83333333333334,1,1,1,0.0,-1.0,0.006749471028645833,0.974388127850688,0.3195037841796875,0.38963255102226774,0.3195037841796875
6056,201.86666666666667,1,1,1,0.0,-1.0,0.006866455078125,0.9743676630481579,0.3212687174479167,0.38907559981940004,0.3212687174479167
6057,201.9,1,1,1,0.0,-1.0,0.007054646809895833,0.9740256195166686,0.3229573567708333,0.38847311833697257,0.3229573567708333
6058,201.93333333333334,1,1,1,0.0,-1.0,0.007486979166666667,0.9727997616408838,0.3246205647786458,0.38768833037910994,0.3246205647786458
6059,201.96666666666667,1,1,1,0.0,-1.0,0.007588704427083333,0.9726863172477692,0.3263600667317708,0.386880936255121,0.3263600667317708
6060,202.0,1,1,1,0.0,-1.0,0.007527669270833333,0.9731893979489219,0.3277689615885417,0.3862793440360029,0.3277689615885417
6061,202.03333333333333,1,1,1,0.0,-1.0,0.007537841796875,0.973387990336458,0.3288014729817708,0.38596115731574443,0.3288014729817708
6062,202.06666666666666,1,1,1,0.0,-1.0,0.00775146484375,0.9728601033738693,0.3302764892578125,0.38514636458994045,0.3302764892578125
6063,202.1,1,1,1,0.0,-1.0,0.007120768229166667,0.9752296304158317,0.3317006429036458,0.38421337541255385,0.3317006429036458
6064,202.13333333333333,1,1,1,0.0,-1.0,0.006779988606770833,0.9765657037184929,0.3330027262369792,0.3834653190285381,0.3330027262369792
6065,202.16666666666666,1,1,1,0.0,-1.0,0.006032307942708333,0.9792723714829701,0.3342132568359375,0.38272885493477615,0.3342132568359375
6066,202.2,1,1,1,0.0,-1.0,0.005767822265625,0.9803278671611734,0.3350728352864583,0.3823548413386837,0.3350728352864583
6067,202.23333333333332,1,1,1,0.0,-1.0,0.006159464518229167,0.9792046560972454,0.33636474609375,0.38164848821766506,0.33636474609375
6068,202.26666666666668,1,1,1,0.0,-1.0,0.006571451822916667,0.9780711219187508,0.3377227783203125,0.38096673902933176,0.3377227783203125
6069,202.3,1,1,1,0.0,-1.0,0.006846110026041667,0.9774243721301317,0.3389434814453125,0.38052920979662297,0.3389434814453125
6070,202.33333333333334,1,1,1,0.0,-1.0,0.007253011067708333,0.9763787064511055,0.3397165934244792,0.38053760580915796,0.3397165934244792
6071,202.36666666666667,1,1,1,0.0,-1.0,0.007898966471354166,0.974606742672123,0.3406880696614583,0.3802667308519327,0.3406880696614583
6072,202.4,1,1,1,0.0,-1.0,0.0081787109375,0.9740234906092832,0.3425852457682292,0.3788941594302231,0.3425852457682292
6073,202.43333333333334,1,1,1,0.0,-1.0,0.0086517333984375,0.9727792179250854,0.342559814453125,0.37937498957291327,0.342559814453125
6074,202.46666666666667,1,1,1,0.0,-1.0,0.0093841552734375,0.970739378234625,0.342803955078125,0.379724742387711,0.342803955078125
6075,202.5,1,1,1,0.0,-1.0,0.0092315673828125,0.9714564213192075,0.3438059488932292,0.3793527167956539,0.3438059488932292
6076,202.53333333333333,1,1,1,0.0,-1.0,0.010182698567708334,0.9688768026577714,0.3451995849609375,0.3788321238471585,0.3451995849609375
6077,202.56666666666666,1,1,1,0.0,-1.0,0.0105438232421875,0.9681673647177846,0.3458506266276042,0.37938097259331666,0.3458506266276042
6078,202.6,1,1,1,0.0,-1.0,0.010258992513020834,0.9693525331421314,0.3456776936848958,0.3807663999008391,0.3456776936848958
6079,202.63333333333333,1,1,1,0.0,-1.0,0.009272257486979166,0.9724990142803849,0.3455352783203125,0.38190365341631516,0.3455352783203125
6080,202.66666666666666,1,1,1,0.0,-1.0,0.007878621419270834,0.9767514220523856,0.3453318277994792,0.38261164775722367,0.3453318277994792
6081,202.7,1,1,1,0.0,-1.0,0.0081787109375,0.9759863826219647,0.3452707926432292,0.3829530505797589,0.3452707926432292
6082,202.73333333333332,1,1,1,0.0,-1.0,0.0086669921875,0.9746503845021433,0.3455098470052083,0.38280169437272205,0.3455098470052083
6083,202.76666666666668,1,1,1,0.0,-1.0,0.0093994140625,0.972611099758018,0.3458201090494792,0.3824036553933503,0.3458201090494792
6084,202.8,1,1,1,0.0,-1.0,0.010899861653645834,0.9684116775929856,0.345733642578125,0.3829636238189867,0.345733642578125
6085,202.83333333333334,1,1,1,0.0,-1.0,0.011876424153645834,0.9657711629224767,0.3467610677083333,0.3823082816515597,0.3467610677083333
6086,202.86666666666667,1,1,1,0.0,-1.0,0.0118560791015625,0.9659696599947383,0.3477121988932292,0.3817788523820134,0.3477121988932292
6087,202.9,1,1,1,0.0,-1.0,0.012349446614583334,0.9647605334123577,0.3485768636067708,0.3813949858149453,0.3485768636067708
6088,202.93333333333334,1,1,1,0.0,-1.0,0.0129852294921875,0.9631945249436125,0.3488260904947917,0.3820121923098651,0.3488260904947917
6089,202.96666666666667,1,1,1,0.0,-1.0,0.013509114583333334,0.9620317110763359,0.3505045572916667,0.38146179505946776,0.3505045572916667
6090,203.0,1,1,1,0.0,-1.0,0.014668782552083334,0.9592171656651535,0.3524576822916667,0.380660913556195,0.3524576822916667
6091,203.03333333333333,1,1,1,0.0,-1.0,0.015925089518229168,0.956263711937498,0.3531951904296875,0.3814009813434428,0.3531951904296875
6092,203.06666666666666,1,1,1,0.0,-1.0,0.018351236979166668,0.9503527415974158,0.3572896321614583,0.37863973357601804,0.3572896321614583
6093,203.1,1,1,1,0.0,-1.0,0.023173014322916668,0.9386353532584719,0.3585917154947917,0.3794155169159865,0.3585917154947917
6094,203.13333333333333,1,1,1,0.0,-1.0,0.028849283854166668,0.9254561610878846,0.3632405598958333,0.37689955415625365,0.3632405598958333
6095,203.16666666666666,1,1,1,0.0,-1.0,0.034912109375,0.9120931938268323,0.3678639729817708,0.3740681631195641,0.3678639729817708
6096,203.2,1,1,1,0.0,-1.0,0.041514078776041664,0.8978838116076753,0.3719736735026042,0.3715244197495192,0.3719736735026042
6097,203.23333333333332,1,1,1,0.0,-1.0,0.0456695556640625,0.8900103222524991,0.3810017903645833,0.36467089168234623,0.3810017903645833
6098,203.26666666666668,1,1,1,0.0,-1.0,0.049397786458333336,0.8846129259610362,0.396759033203125,0.3536754167508957,0.396759033203125
6099,203.3,1,1,1,0.0,-1.0,0.054656982421875,0.8770333429486299,0.4138285319010417,0.3417547271678962,0.4138285319010417
6100,203.33333333333334,1,1,1,0.0,-1.0,0.051534016927083336,0.8878117605479152,0.4335276285807292,0.33104738255201027,0.4335276285807292
6101,203.36666666666667,1,1,1,0.0,-1.0,0.06421407063802083,0.867531936872391,0.4472198486328125,0.32629717816154824,0.4472198486328125
6102,203.4,1,1,1,0.0,-1.0,0.0653533935546875,0.8690039560010745,0.4602305094401042,0.31951326323122864,0.4602305094401042
6103,203.43333333333334,1,1,1,0.0,-1.0,0.0612945556640625,0.8784188269746613,0.4619140625,0.32056026521511083,0.4619140625
6104,203.46666666666667,1,1,1,0.0,-1.0,0.06622314453125,0.8703077330371994,0.4557596842447917,0.3280943185211538,0.4557596842447917
6105,203.5,1,1,1,0.0,-1.0,0.0604705810546875,0.8808487047074358,0.4403635660807292,0.3405627298197863,0.4403635660807292
6106,203.53333333333333,1,1,1,0.0,-1.0,0.054712931315104164,0.8902537884223714,0.4261016845703125,0.3492033096660568,0.4261016845703125
6107,203.56666666666666,1,1,1,0.0,-1.0,0.0642547607421875,0.869750780422252,0.4129689534505208,0.35535569654210514,0.4129689534505208
6108,203.6,1,1,1,0.0,-1.0,0.0767669677734375,0.8411064770532901,0.38946533203125,0.36828038579385125,0.38946533203125
6109,203.63333333333333,1,1,1,0.0,-1.0,0.08729044596354167,0.8121851509984188,0.3719533284505208,0.3739864684198535,0.3719533284505208
6110,203.66666666666666,1,1,1,0.0,-1.0,0.08418782552083333,0.8080141525023037,0.3633677164713542,0.37342927505598683,0.3633677164713542
6111,203.7,1,1,1,0.0,-1.0,0.053120930989583336,0.8691458018453191,0.36151123046875,0.3726506838559644,0.36151123046875
6112,203.73333333333332,1,1,1,0.0,-1.0,0.0458984375,0.8839695660413665,0.3612569173177083,0.3697221013380465,0.3612569173177083
6113,203.76666666666668,1,1,1,0.0,-1.0,0.033345540364583336,0.9121343102711255,0.3632405598958333,0.36317949556883633,0.3632405598958333
6114,203.8,1,1,1,0.0,-1.0,0.029836018880208332,0.9226275759455393,0.3784230550130208,0.3577791243030135,0.3784230550130208
6115,203.83333333333334,1,1,1,0.0,-1.0,0.029622395833333332,0.9277969374782886,0.3988240559895833,0.3467310952006154,0.3988240559895833
6116,203.86666666666667,1,1,1,0.0,-1.0,0.030446370442708332,0.9296543636227594,0.4126129150390625,0.3420164934195118,0.4126129150390625
6117,203.9,1,1,1,0.0,-1.0,0.032267252604166664,0.9286983584954384,0.4336496988932292,0.32968513930321114,0.4336496988932292
6118,203.93333333333334,1,1,1,0.0,-1.0,0.03204345703125,0.9316996689958256,0.4478403727213542,0.323832656134846,0.4478403727213542
6119,203.96666666666667,1,1,1,0.0,-1.0,0.0322265625,0.9332660363314409,0.4667561848958333,0.3133656428418739,0.4667561848958333
6120,204.0,1,1,1,0.0,-1.0,0.036326090494791664,0.9269680361716963,0.4854838053385417,0.3038366817335618,0.4854838053385417
6121,204.03333333333333,1,1,1,0.0,-1.0,0.033045450846354164,0.9345564325142707,0.502044677734375,0.295153032948277,0.502044677734375
6122,204.06666666666666,1,1,1,0.0,-1.0,0.033106486002604164,0.9352617777537497,0.5216522216796875,0.28364483904174576,0.5216522216796875
6123,204.1,1,1,1,0.0,-1.0,0.033381144205729164,0.935225346904581,0.533447265625,0.27866207120712705,0.533447265625
6124,204.13333333333333,1,1,1,0.0,-1.0,0.034215291341145836,0.9338328503923858,0.5537618001302084,0.2661835584366386,0.5537618001302084
6125,204.16666666666666,1,1,1,0.0,-1.0,0.035481770833333336,0.9313271798426213,0.5636240641276041,0.26212746749044386,0.5636240641276041
6126,204.2,1,1,1,0.0,-1.0,0.037007649739583336,0.928017295841652,0.5806020100911459,0.25184392675180206,0.5806020100911459
6127,204.23333333333332,1,1,1,0.0,-1.0,0.036992390950520836,0.9272615959370631,0.586822509765625,0.249802513459058,0.586822509765625
6128,204.26666666666668,1,1,1,0.0,-1.0,0.038274129231770836,0.9237771043318279,0.5993398030598959,0.24233262070771744,0.5993398030598959
6129,204.3,1,1,1,0.0,-1.0,0.037602742513020836,0.9237236864389449,0.6059417724609375,0.2392170249511123,0.6059417724609375
6130,204.33333333333334,1,1,1,0.0,-1.0,0.043202718098958336,0.9110396405544583,0.6117808024088541,0.23646158212968948,0.6117808024088541
6131,204.36666666666667,1,1,1,0.0,-1.0,0.047108968098958336,0.9008516946852217,0.6257985432942709,0.22728571062803465,0.6257985432942709
6132,204.4,1,1,1,0.0,-1.0,0.0456390380859375,0.9004717957046069,0.6276804606119791,0.2271655832234935,0.6276804606119791
6133,204.43333333333334,1,1,1,0.0,-1.0,0.049173990885416664,0.8885095953010028,0.6441294352213541,0.21582790594667103,0.6441294352213541
6134,204.46666666666667,1,1,1,0.0,-1.0,0.0468292236328125,0.8882237627498046,0.6382548014322916,0.22064846358637802,0.6382548014322916
6135,204.5,1,1,1,0.0,-1.0,0.046117146809895836,0.8841767942911954,0.6496683756510416,0.2123648397997473,0.6496683756510416
6136,204.53333333333333,1,1,1,0.0,-1.0,0.044484456380208336,0.8809791138145757,0.646759033203125,0.21436416993011392,0.646759033203125
6137,204.56666666666666,1,1,1,0.0,-1.0,0.047673543294270836,0.8649313249417103,0.6496988932291666,0.2117859765553251,0.6496988932291666
6138,204.6,1,1,1,0.0,-1.0,0.0482635498046875,0.8526381778823198,0.6439768473307291,0.21530386413337727,0.6439768473307291
6139,204.63333333333333,1,1,1,0.0,-1.0,0.049006144205729164,0.8368910871625812,0.6354471842447916,0.22059844586666733,0.6354471842447916
6140,204.66666666666666,1,1,1,0.0,-1.0,0.0217132568359375,0.9193690729360189,0.6297810872395834,0.22506633610374285,0.6297810872395834
6141,204.7,1,1,1,0.0,-1.0,0.019388834635416668,0.9294416112765598,0.6248372395833334,0.2290103396841622,0.6248372395833334
6142,204.73333333333332,1,1,1,0.0,-1.0,0.017425537109375,0.9378732721294776,0.6200459798177084,0.23285092006202252,0.6200459798177084
6143,204.76666666666668,1,1,1,0.0,-1.0,0.017161051432291668,0.9405351333915036,0.6135660807291666,0.23805297580870638,0.6135660807291666
6144,204.8,1,1,1,0.0,-1.0,0.0164337158203125,0.9446443286382409,0.6072794596354166,0.2431388196521998,0.6072794596354166
6145,204.83333333333334,1,1,1,0.0,-1.0,0.016352335611979168,0.9465696902523674,0.600799560546875,0.2483981857238023,0.600799560546875
6146,204.86666666666667,1,1,1,0.0,-1.0,0.017725626627604168,0.943969189183379,0.5938313802083334,0.2540733746080971,0.5938313802083334
6147,204.9,1,1,1,0.0,-1.0,0.019200642903645832,0.941236487075203,0.5871632893880209,0.2595295767960333,0.5871632893880209
6148,204.93333333333334,1,1,1,0.0,-1.0,0.020665486653645832,0.9385940118800413,0.5803375244140625,0.26512253029541794,0.5803375244140625
6149,204.96666666666667,1,1,1,0.0,-1.0,0.0208740234375,0.9394174365647552,0.5740559895833334,0.27027454603755197,0.5740559895833334
6150,205.0,1,1,1,0.0,-1.0,0.020111083984375,0.9424029377010735,0.5697428385416666,0.27380698938775083,0.5697428385416666
6151,205.03333333333333,1,1,1,0.0,-1.0,0.01666259765625,0.9524005805919734,0.5680999755859375,0.27515278902897544,0.5680999755859375
6152,205.06666666666666,1,1,1,0.0,-1.0,0.0203857421875,0.942993277137525,0.5686187744140625,0.2748361143315943,0.5686187744140625
6153,205.1,1,1,1,0.0,-1.0,0.015146891276041666,0.9581716730571408,0.5689951578776041,0.2745974521911184,0.5689951578776041
6154,205.13333333333333,1,1,1,0.0,-1.0,0.014989217122395834,0.9593665076952347,0.5691477457682291,0.2745262246871837,0.5691477457682291
6155,205.16666666666666,1,1,1,0.0,-1.0,0.017491658528645832,0.9537442066097657,0.5669453938802084,0.2763600654038678,0.5669453938802084
6156,205.2,1,1,1,0.0,-1.0,0.01702880859375,0.9557591275182136,0.5625864664713541,0.27992916783208555,0.5625864664713541
6157,205.23333333333332,1,1,1,0.0,-1.0,0.0215911865234375,0.9451771831258856,0.5577341715494791,0.2839020940948058,0.5577341715494791
6158,205.26666666666668,1,1,1,0.0,-1.0,0.0235748291015625,0.9411223398325621,0.5588785807291666,0.2829356652850725,0.5588785807291666
6159,205.3,1,1,1,0.0,-1.0,0.0305328369140625,0.9253143096663627,0.559906005859375,0.28204470298142487,0.559906005859375
6160,205.33333333333334,1,1,1,0.0,-1.0,0.034647623697916664,0.9164484913060573,0.5579884847005209,0.2835927128093225,0.5579884847005209
6161,205.36666666666667,1,1,1,0.0,-1.0,0.042989095052083336,0.8981690025208029,0.5569661458333334,0.28438883154653344,0.5569661458333334
6162,205.4,1,1,1,0.0,-1.0,0.051966349283854164,0.8792958155602415,0.5605824788411459,0.2813447685669732,0.5605824788411459
6163,205.43333333333334,1,1,1,0.0,-1.0,0.0568695068359375,0.8696986643425884,0.5589853922526041,0.28259655569774034,0.5589853922526041
6164,205.46666666666667,1,1,1,0.0,-1.0,0.0622711181640625,0.859334019909052,0.5556538899739584,0.2852476349458599,0.5556538899739584
6165,205.5,1,1,1,0.0,-1.0,0.06390889485677083,0.85726564567379,0.5544382731119791,0.2861233617378446,0.5544382731119791
6166,205.53333333333333,1,1,1,0.0,-1.0,0.06438191731770833,0.8578013735247099,0.5498860677083334,0.2897186168397273,0.5498860677083334
6167,205.56666666666666,1,1,1,0.0,-1.0,0.0602569580078125,0.8674132423841997,0.5475006103515625,0.291580928549081,0.5475006103515625
6168,205.6,1,1,1,0.0,-1.0,0.058064778645833336,0.8728013684557681,0.5487060546875,0.29043752467464456,0.5487060546875
6169,205.63333333333333,1,1,1,0.0,-1.0,0.0568084716796875,0.8764505355146732,0.5452931722005209,0.2930532239546132,0.5452931722005209
6170,205.66666666666666,1,1,1,0.0,-1.0,0.052256266276041664,0.8867749092621923,0.5478312174479166,0.29071727846852724,0.5478312174479166
6171,205.7,1,1,1,0.0,-1.0,0.052602132161458336,0.8872828519862811,0.542327880859375,0.29495512067231594,0.542327880859375
6172,205.73333333333332,1,1,1,0.0,-1.0,0.051752726236979164,0.8902793173175457,0.5416158040364584,0.2951596388020927,0.5416158040364584
6173,205.76666666666668,1,1,1,0.0,-1.0,0.052012125651041664,0.8905960440762128,0.5405629475911459,0.2959502732747747,0.5405629475911459
6174,205.8,1,1,1,0.0,-1.0,0.053049723307291664,0.8889333961168773,0.5371602376302084,0.2986725708946828,0.5371602376302084
6175,205.83333333333334,1,1,1,0.0,-1.0,0.052266438802083336,0.8908820628060772,0.5358683268229166,0.29967318592468495,0.5358683268229166
6176,205.86666666666667,1,1,1,0.0,-1.0,0.045496622721354164,0.9045158200538591,0.537933349609375,0.2979151207045025,0.537933349609375
6177,205.9,1,1,1,0.0,-1.0,0.044530232747395836,0.9066930864834022,0.5359344482421875,0.299497579238306,0.5359344482421875
6178,205.93333333333334,1,1,1,0.0,-1.0,0.036865234375,0.9223457199734573,0.537322998046875,0.29823909218883626,0.537322998046875
6179,205.96666666666667,1,1,1,0.0,-1.0,0.034759521484375,0.9269458918647879,0.5314432779947916,0.3029463107532674,0.5314432779947916
6180,206.0,1,1,1,0.0,-1.0,0.030787150065104168,0.9355716343709358,0.5294240315755209,0.30419937554092347,0.5294240315755209
6181,206.03333333333333,1,1,1,0.0,-1.0,0.0289306640625,0.9398632851613247,0.5239105224609375,0.3084584197161916,0.5239105224609375
6182,206.06666666666666,1,1,1,0.0,-1.0,0.029195149739583332,0.9399029067989348,0.5207570393880209,0.31057123068098513,0.5207570393880209
6183,206.1,1,1,1,0.0,-1.0,0.0274200439453125,0.9438511693379826,0.5153910319010416,0.314746412819126,0.5153910319010416
6184,206.13333333333333,1,1,1,0.0,-1.0,0.027064005533854168,0.9449599753998497,0.5112711588541666,0.31761513643252315,0.5112711588541666
6185,206.16666666666666,1,1,1,0.0,-1.0,0.031097412109375,0.9376125613453044,0.50372314453125,0.3229816794686836,0.50372314453125
6186,206.2,1,1,1,0.0,-1.0,0.028472900390625,0.9432870774281823,0.4964955647786458,0.328008808222394,0.4964955647786458
6187,206.23333333333332,1,1,1,0.0,-1.0,0.025578816731770832,0.9492664898822893,0.4920756022135417,0.33073474067193853,0.4920756022135417
6188,206.26666666666668,1,1,1,0.0,-1.0,0.023030598958333332,0.9544555366957439,0.4827982584635417,0.33783317448033257,0.4827982584635417
6189,206.3,1,1,1,0.0,-1.0,0.018290201822916668,0.9638082063635811,0.4785817464192708,0.34050146676296483,0.4785817464192708
6190,206.33333333333334,1,1,1,0.0,-1.0,0.015625,0.9690777199226768,0.4750417073567708,0.3427461590260679,0.4750417073567708
6191,206.36666666666667,1,1,1,0.0,-1.0,0.012644449869791666,0.974948412286098,0.4717661539713542,0.3449266327223872,0.4717661539713542
6192,206.4,1,1,1,0.0,-1.0,0.013727823893229166,0.9728600357073263,0.4662882486979167,0.349157205900154,0.4662882486979167
6193,206.43333333333334,1,1,1,0.0,-1.0,0.010711669921875,0.9787763225862355,0.463470458984375,0.3512882531032181,0.463470458984375
6194,206.46666666666667,1,1,1,0.0,-1.0,0.0092315673828125,0.9816910674369761,0.4620208740234375,0.3521488172472327,0.4620208740234375
6195,206.5,1,1,1,0.0,-1.0,0.008885701497395834,0.9823775774013022,0.4611358642578125,0.35242319366590197,0.4611358642578125
6196,206.53333333333333,1,1,1,0.0,-1.0,0.0094451904296875,0.9812834006543358,0.4599711100260417,0.3529623962755818,0.4599711100260417
6197,206.56666666666666,1,1,1,0.0,-1.0,0.0096435546875,0.9808966040088327,0.4581247965494792,0.35426314363955824,0.4581247965494792
6198,206.6,1,1,1,0.0,-1.0,0.007715861002604167,0.9846864305245655,0.45697021484375,0.3552644756582768,0.45697021484375
6199,206.63333333333333,1,1,1,0.0,-1.0,0.0070648193359375,0.9859694672210731,0.455902099609375,0.35625501804895754,0.455902099609375
6200,206.66666666666666,1,1,1,0.0,-1.0,0.006561279296875,0.9869628936649262,0.4546000162760417,0.3574747148400542,0.4546000162760417
6201,206.7,1,1,1,0.0,-1.0,0.0039520263671875,0.9921270176333428,0.4547068277994792,0.3576413474924464,0.4547068277994792
6202,206.73333333333332,1,1,1,0.0,-1.0,0.0030975341796875,0.9938240587523083,0.4542744954427083,0.3582248243444362,0.4542744954427083
6203,206.76666666666668,1,1,1,0.0,-1.0,0.0027109781901041665,0.9945927020224739,0.4540812174479167,0.35854438628417484,0.4540812174479167
6204,206.8,1,1,1,0.0,-1.0,0.002410888671875,0.9951898186332964,0.4539235432942708,0.3588274217934924,0.4539235432942708
6205,206.83333333333334,1,1,1,0.0,-1.0,0.0024820963541666665,0.9950480954434768,0.4537506103515625,0.3590880242184202,0.4537506103515625
6206,206.86666666666667,1,1,1,0.0,-1.0,0.002349853515625,0.9953113002664544,0.45367431640625,0.3592426616936303,0.45367431640625
6207,206.9,1,1,1,0.0,-1.0,0.002471923828125,0.9950683057293725,0.453582763671875,0.35938717661670394,0.453582763671875
6208,206.93333333333334,1,1,1,0.0,-1.0,0.002716064453125,0.9945824767041382,0.4532470703125,0.3597602289580011,0.4532470703125
6209,206.96666666666667,1,1,1,0.0,-1.0,0.003082275390625,0.9938541870370592,0.452972412109375,0.3601885983038402,0.452972412109375
6210,207.0,1,1,1,0.0,-1.0,0.003326416015625,0.9933690086289317,0.4532877604166667,0.360080983202019,0.4532877604166667
6211,207.03333333333333,1,1,1,0.0,-1.0,0.0033060709635416665,0.993409455220299,0.4533843994140625,0.36021663164870255,0.4533843994140625
6212,207.06666666666666,1,1,1,0.0,-1.0,0.0029958089192708335,0.9940261261999092,0.4534810384114583,0.3602729187849525,0.4534810384114583
6213,207.1,1,1,1,0.0,-1.0,0.0028889973958333335,0.9942385009479854,0.4535064697265625,0.36043465374844164,0.4535064697265625
6214,207.13333333333333,1,1,1,0.0,-1.0,0.0028432210286458335,0.994329518793251,0.4531962076822917,0.36087947837859524,0.4531962076822917
6215,207.16666666666666,1,1,1,0.0,-1.0,0.0028177897135416665,0.9943800865767082,0.4530029296875,0.36118358067138656,0.4530029296875
6216,207.2,1,1,1,0.0,-1.0,0.0028432210286458335,0.994329483300119,0.4525400797526042,0.36173680834566213,0.4525400797526042
6217,207.23333333333332,1,1,1,0.0,-1.0,0.0030873616536458335,0.9938440170065108,0.4520619710286458,0.36222342011188763,0.4520619710286458
6218,207.26666666666668,1,1,1,0.0,-1.0,0.00299072265625,0.9940360542510934,0.45172119140625,0.36256916692829316,0.45172119140625
6219,207.3,1,1,1,0.0,-1.0,0.0027974446614583335,0.9944203228630955,0.45135498046875,0.3629075581961241,0.45135498046875
6220,207.33333333333334,1,1,1,0.0,-1.0,0.00262451171875,0.9947643030410973,0.4512583414713542,0.3630128711809651,0.4512583414713542
6221,207.36666666666667,1,1,1,0.0,-1.0,0.0026295979817708335,0.9947541843755349,0.4512532552083333,0.36306203800957315,0.4512532552083333
6222,207.4,1,1,1,0.0,-1.0,0.0024973551432291665,0.9950173389592075,0.4510396321614583,0.3632610797220405,0.4510396321614583
6223,207.43333333333334,1,1,1,0.0,-1.0,0.0024464925130208335,0.9951185487941958,0.4510955810546875,0.3632226013781465,0.4510955810546875
6224,207.46666666666667,1,1,1,0.0,-1.0,0.0028330485026041665,0.9943494237228807,0.4510294596354167,0.36331291819780936,0.4510294596354167
6225,207.5,1,1,1,0.0,-1.0,0.0028228759765625,0.9943696236088471,0.4510396321614583,0.3633341131998428,0.4510396321614583
6226,207.53333333333333,1,1,1,0.0,-1.0,0.0033315022786458335,0.9933584057655972,0.4510447184244792,0.36333137689097333,0.4510447184244792
6227,207.56666666666666,1,1,1,0.0,-1.0,0.0036061604817708335,0.9928126050308996,0.4513651529947917,0.3629991497709767,0.4513651529947917
6228,207.6,1,1,1,0.0,-1.0,0.004099527994791667,0.9918330734381744,0.4518025716145833,0.3626210944734688,0.4518025716145833
6229,207.63333333333333,1,1,1,0.0,-1.0,0.0039011637369791665,0.9922265409842075,0.4518941243489583,0.3625466871450741,0.4518941243489583
6230,207.66666666666666,1,1,1,0.0,-1.0,0.00396728515625,0.9920949579804191,0.4519755045572917,0.3624833539756067,0.4519755045572917
6231,207.7,1,1,1,0.0,-1.0,0.00360107421875,0.992821845938977,0.4513905843098958,0.3630583719287007,0.4513905843098958
6232,207.73333333333332,1,1,1,0.0,-1.0,0.0034434000651041665,0.9931347657841447,0.4512379964192708,0.363234299417307,0.4512379964192708
6233,207.76666666666668,1,1,1,0.0,-1.0,0.003448486328125,0.993124425035238,0.45062255859375,0.3638794138241885,0.45062255859375
6234,207.8,1,1,1,0.0,-1.0,0.0031687418619791665,0.9936802195086084,0.4502461751302083,0.3643534507763373,0.4502461751302083
6235,207.83333333333334,1,1,1,0.0,-1.0,0.0031483968098958335,0.9937206244032402,0.4499104817708333,0.3648188247249131,0.4499104817708333
6236,207.86666666666667,1,1,1,0.0,-1.0,0.0031992594401041665,0.9936193389329366,0.4498494466145833,0.3649914583157796,0.4498494466145833
6237,207.9,1,1,1,0.0,-1.0,0.003509521484375,0.9930025354149261,0.4498138427734375,0.36514416679537876,0.4498138427734375
6238,207.93333333333334,1,1,1,0.0,-1.0,0.004140218098958333,0.9917498674713612,0.4500376383463542,0.3650593470310727,0.4500376383463542
6239,207.96666666666667,1,1,1,0.0,-1.0,0.004643758138020833,0.9907508922947141,0.4503682454427083,0.3649135975875777,0.4503682454427083
6240,208.0,1,1,1,0.0,-1.0,0.0055694580078125,0.988917110028235,0.4501698811848958,0.3652437590005456,0.4501698811848958
6241,208.03333333333333,1,1,1,0.0,-1.0,0.005727132161458333,0.9886045513695492,0.4499969482421875,0.36554026067241363,0.4499969482421875
6242,208.06666666666666,1,1,1,0.0,-1.0,0.0066986083984375,0.9866839495179458,0.4496561686197917,0.3659807918436241,0.4496561686197917
6243,208.1,1,1,1,0.0,-1.0,0.00701904296875,0.9860507218920604,0.4501088460286458,0.36561932857421386,0.4501088460286458
6244,208.13333333333333,1,1,1,0.0,-1.0,0.00738525390625,0.9853273567706147,0.4509480794270833,0.3649443707002865,0.4509480794270833
6245,208.16666666666666,1,1,1,0.0,-1.0,0.0078887939453125,0.9843341017694417,0.4515584309895833,0.3644563631853297,0.4515584309895833
6246,208.2,1,1,1,0.0,-1.0,0.008692423502604166,0.9827506625616906,0.4519602457682292,0.3641014767471728,0.4519602457682292
6247,208.23333333333332,1,1,1,0.0,-1.0,0.009404500325520834,0.9813488325684494,0.4528350830078125,0.3632429800375967,0.4528350830078125
6248,208.26666666666668,1,1,1,0.0,-1.0,0.0101165771484375,0.9799481576209199,0.4543813069661458,0.36172558538784416,0.4543813069661458
6249,208.3,1,1,1,0.0,-1.0,0.010833740234375,0.9785402952680528,0.4564463297526042,0.35980596558841804,0.4564463297526042
6250,208.33333333333334,1,1,1,0.0,-1.0,0.010843912760416666,0.9785207547976811,0.457977294921875,0.3584905081650748,0.457977294921875
6251,208.36666666666667,1,1,1,0.0,-1.0,0.0108184814453125,0.9785727143409069,0.4587249755859375,0.3579326333721976,0.4587249755859375
6252,208.4,1,1,1,0.0,-1.0,0.011408487955729166,0.977419844252374,0.4589385986328125,0.35785158496260133,0.4589385986328125
6253,208.43333333333334,1,1,1,0.0,-1.0,0.010706583658854166,0.9787975823233549,0.4590911865234375,0.3578933582254763,0.4590911865234375
6254,208.46666666666667,1,1,1,0.0,-1.0,0.0099639892578125,0.9802571120869736,0.4595591227213542,0.3577714114056133,0.4595591227213542
6255,208.5,1,1,1,0.0,-1.0,0.0103607177734375,0.9794844070921451,0.4591420491536458,0.358642730287294,0.4591420491536458
6256,208.53333333333333,1,1,1,0.0,-1.0,0.0116424560546875,0.9769809366158405,0.4573974609375,0.360872377750473,0.4573974609375
6257,208.56666666666666,1,1,1,0.0,-1.0,0.013392130533854166,0.9735696727109915,0.4558156331380208,0.3629413975219148,0.4558156331380208
6258,208.6,1,1,1,0.0,-1.0,0.01373291015625,0.9729051311233523,0.4546356201171875,0.3644935890612867,0.4546356201171875
6259,208.63333333333333,1,1,1,0.0,-1.0,0.014994303385416666,0.9704504217660828,0.4511210123697917,0.3681475836228552,0.4511210123697917
6260,208.66666666666666,1,1,1,0.0,-1.0,0.018483479817708332,0.9636955947323043,0.4493306477864583,0.37008432969018523,0.4493306477864583
6261,208.7,1,1,1,0.0,-1.0,0.0200347900390625,0.9607097734031929,0.4477488199869792,0.37145602850697657,0.4477488199869792
6262,208.73333333333332,1,1,1,0.0,-1.0,0.022979736328125,0.9550694438250014,0.4467264811197917,0.3721181290279676,0.4467264811197917
6263,208.76666666666668,1,1,1,0.0,-1.0,0.026423136393229168,0.948512996754855,0.4476521809895833,0.3712408495436512,0.4476521809895833
6264,208.8,1,1,1,0.0,-1.0,0.025227864583333332,0.950780837082306,0.4466298421223958,0.37297026216131773,0.4466298421223958
6265,208.83333333333334,1,1,1,0.0,-1.0,0.026865641276041668,0.9476472977207671,0.4458465576171875,0.3745484183468077,0.4458465576171875
6266,208.86666666666667,1,1,1,0.0,-1.0,0.028361002604166668,0.9447833402343653,0.4476979573567708,0.3731965994671528,0.4476979573567708
6267,208.9,1,1,1,0.0,-1.0,0.0267333984375,0.9478641390617918,0.449920654296875,0.3708916722067878,0.449920654296875
6268,208.93333333333334,1,1,1,0.0,-1.0,0.0311279296875,0.9395673393916266,0.451385498046875,0.3694489008112495,0.451385498046875
6269,208.96666666666667,1,1,1,0.0,-1.0,0.0349884033203125,0.9323450781432245,0.4544474283854167,0.3661924754742267,0.4544474283854167
6270,209.0,1,1,1,0.0,-1.0,0.040781656901041664,0.9216118276778329,0.4587554931640625,0.361628186179103,0.4587554931640625
6271,209.03333333333333,1,1,1,0.0,-1.0,0.047536214192708336,0.9092403812648627,0.4606882731119792,0.3590725529864729,0.4606882731119792
6272,209.06666666666666,1,1,1,0.0,-1.0,0.052678426106770836,0.8998977842884389,0.4640604654947917,0.35470608207764004,0.4640604654947917
6273,209.1,1,1,1,0.0,-1.0,0.058924357096354164,0.8885672241792,0.4681396484375,0.3494134807167304,0.4681396484375
6274,209.13333333333333,1,1,1,0.0,-1.0,0.06846110026041667,0.8714725021775954,0.4731089274088542,0.3438608510963033,0.4731089274088542
6275,209.16666666666666,1,1,1,0.0,-1.0,0.08655802408854167,0.8401370720719984,0.4717458089192708,0.345526971165654,0.4717458089192708
6276,209.2,1,1,1,0.0,-1.0,0.11056009928385417,0.8004894452105196,0.464599609375,0.35340869795382346,0.464599609375
6277,209.23333333333332,1,1,1,0.0,-1.0,0.14132181803385416,0.7522811682527959,0.4597625732421875,0.36031465123291395,0.4597625732421875
6278,209.26666666666668,1,1,1,0.0,-1.0,0.13672892252604166,0.7593716431692015,0.4610799153645833,0.36080103462344626,0.4610799153645833
6279,209.3,1,1,1,0.0,-1.0,0.08030192057291667,0.8511538160247294,0.4635162353515625,0.35865092704675816,0.4635162353515625
6280,209.33333333333334,1,1,1,0.0,-1.0,0.10097249348958333,0.8164126012553298,0.4484965006510417,0.372028703977867,0.4484965006510417
6281,209.36666666666667,1,1,1,0.0,-1.0,0.08630879720052083,0.8409978357752312,0.4429270426432292,0.37735430684915605,0.4429270426432292
6282,209.4,1,1,1,0.0,-1.0,0.08254496256510417,0.8473773933193576,0.4315338134765625,0.3885240652575678,0.4315338134765625
6283,209.43333333333334,1,1,1,0.0,-1.0,0.08735148111979167,0.8391391240371164,0.4215342203776042,0.39877717388200873,0.4215342203776042
6284,209.46666666666667,1,1,1,0.0,-1.0,0.095794677734375,0.8248067846024998,0.4217122395833333,0.39922517094098897,0.4217122395833333
6285,209.5,1,1,1,0.0,-1.0,0.0957183837890625,0.8248762598847044,0.4203948974609375,0.40017179154468974,0.4203948974609375
6286,209.53333333333333,1,1,1,0.0,-1.0,0.08797709147135417,0.8380468458197057,0.4214121500651042,0.3982261489208446,0.4214121500651042
6287,209.56666666666666,1,1,1,0.0,-1.0,0.053253173828125,0.8987670676067072,0.4258015950520833,0.3941299798976231,0.4258015950520833
6288,209.6,1,1,1,0.0,-1.0,0.028447469075520832,0.944607222415836,0.4266866048177083,0.3931848771269645,0.4266866048177083
6289,209.63333333333333,1,1,1,0.0,-1.0,0.030497233072916668,0.9407385639648116,0.4274342854817708,0.39237610095985465,0.4274342854817708
6290,209.66666666666666,1,1,1,0.0,-1.0,0.032323201497395836,0.937304804720771,0.4267781575520833,0.392994792182486,0.4267781575520833
6291,209.7,1,1,1,0.0,-1.0,0.0340423583984375,0.9340896781992742,0.4246164957682292,0.3948639815316634,0.4246164957682292
6292,209.73333333333332,1,1,1,0.0,-1.0,0.037261962890625,0.928094662435929,0.4226430257161458,0.39676945784571727,0.4226430257161458
6293,209.76666666666668,1,1,1,0.0,-1.0,0.0382080078125,0.9263465813018421,0.4207814534505208,0.39840277976485544,0.4207814534505208
6294,209.8,1,1,1,0.0,-1.0,0.041097005208333336,0.9210151309445529,0.4215291341145833,0.39740740773231653,0.4215291341145833
6295,209.83333333333334,1,1,1,0.0,-1.0,0.042592366536458336,0.9182607524907611,0.4236653645833333,0.3955508930155501,0.4236653645833333
6296,209.86666666666667,1,1,1,0.0,-1.0,0.043512980143229164,0.9165642581601048,0.4255879720052083,0.39356396553930495,0.4255879720052083
6297,209.9,1,1,1,0.0,-1.0,0.055750528971354164,0.8943547055952559,0.4278208414713542,0.3911549281586395,0.4278208414713542
6298,209.93333333333334,1,1,1,0.0,-1.0,0.07445271809895833,0.8613878835315039,0.4335988362630208,0.385369314878689,0.4335988362630208
6299,209.96666666666667,1,1,1,0.0,-1.0,0.0697784423828125,0.8695367009720432,0.4378000895182292,0.38097498023035675,0.4378000895182292
6300,210.0,1,1,1,0.0,-1.0,0.07190958658854167,0.8658284065177255,0.4439646402994792,0.3747347988095139,0.4439646402994792
6301,210.03333333333333,1,1,1,0.0,-1.0,0.0736083984375,0.8628742075568177,0.4483795166015625,0.3701903172338207,0.4483795166015625
6302,210.06666666666666,1,1,1,0.0,-1.0,0.0725555419921875,0.8646937618139643,0.4513651529947917,0.3670583685315392,0.4513651529947917
6303,210.1,1,1,1,0.0,-1.0,0.039347330729166664,0.9242700558071473,0.4545796712239583,0.36385503860235946,0.4545796712239583
6304,210.13333333333333,1,1,1,0.0,-1.0,0.054957071940104164,0.8957920765672139,0.4637603759765625,0.3553662888116601,0.4637603759765625
6305,210.16666666666666,1,1,1,0.0,-1.0,0.055872599283854164,0.8941516291479544,0.4679361979166667,0.35148963712087267,0.4679361979166667
6306,210.2,1,1,1,0.0,-1.0,0.062230428059895836,0.8828138640054902,0.4729665120442708,0.3468053298039176,0.4729665120442708
6307,210.23333333333332,1,1,1,0.0,-1.0,0.067291259765625,0.873885052317636,0.4803314208984375,0.34000358817740417,0.4803314208984375
6308,210.26666666666668,1,1,1,0.0,-1.0,0.07125345865885417,0.8669538428434655,0.4889780680338542,0.3320782965001483,0.4889780680338542
6309,210.3,1,1,1,0.0,-1.0,0.07223002115885417,0.8652524107202468,0.4995524088541667,0.32251909961765546,0.4995524088541667
6310,210.33333333333334,1,1,1,0.0,-1.0,0.068695068359375,0.8714221902995083,0.5109303792317709,0.31236261981255675,0.5109303792317709
6311,210.36666666666667,1,1,1,0.0,-1.0,0.072296142578125,0.8651335069443374,0.519134521484375,0.3050054629737433,0.519134521484375
6312,210.4,1,1,1,0.0,-1.0,0.07837422688802083,0.8546126293611069,0.53009033203125,0.2954303767278132,0.53009033203125
6313,210.43333333333334,1,1,1,0.0,-1.0,0.08374532063802083,0.8454119451496468,0.5452880859375,0.2823859812221753,0.5452880859375
6314,210.46666666666667,1,1,1,0.0,-1.0,0.08742268880208333,0.8391618335949096,0.5600077311197916,0.27001336036650114,0.5600077311197916
6315,210.5,1,1,1,0.0,-1.0,0.09308878580729167,0.8296173285647377,0.5753835042317709,0.2574189276133698,0.5753835042317709
6316,210.53333333333333,1,1,1,0.0,-1.0,0.09988911946614583,0.8182975759788964,0.5867767333984375,0.24817621663507322,0.5867767333984375
6317,210.56666666666666,1,1,1,0.0,-1.0,0.10833231608072917,0.8044337406938364,0.5944875081380209,0.24195714733121915,0.5944875081380209
6318,210.6,1,1,1,0.0,-1.0,0.1197967529296875,0.7859512256493688,0.5992635091145834,0.23812708193773333,0.5992635091145834
6319,210.63333333333333,1,1,1,0.0,-1.0,0.12494913736979167,0.7777774108805733,0.598541259765625,0.238815707281831,0.598541259765625
6320,210.66666666666666,1,1,1,0.0,-1.0,0.10514322916666667,0.809661959266583,0.5785471598307291,0.254629153080024,0.5785471598307291
6321,210.7,1,1,1,0.0,-1.0,0.108428955078125,0.804305417600242,0.55902099609375,0.2705302264205322,0.55902099609375
6322,210.73333333333332,1,1,1,0.0,-1.0,0.09166463216145833,0.8320312717502563,0.5501302083333334,0.27800874911249474,0.5501302083333334
6323,210.76666666666668,1,1,1,0.0,-1.0,0.09299214680989583,0.8298130604020865,0.5406494140625,0.285901966586555,0.5406494140625
6324,210.8,1,1,1,0.0,-1.0,0.0966644287109375,0.8236857949088814,0.528076171875,0.2964988521381167,0.528076171875
6325,210.83333333333334,1,1,1,0.0,-1.0,0.09415181477864583,0.8278731712884095,0.5120646158854166,0.310244835338384,0.5120646158854166
6326,210.86666666666667,1,1,1,0.0,-1.0,0.09369405110677083,0.8286345918895095,0.49993896484375,0.32075680531262507,0.49993896484375
6327,210.9,1,1,1,0.0,-1.0,0.102264404296875,0.8144042269738236,0.4830830891927083,0.33569468559220045,0.4830830891927083
6328,210.93333333333334,1,1,1,0.0,-1.0,0.11153666178385417,0.7992522334609156,0.4602610270182292,0.3565890118706049,0.4602610270182292
6329,210.96666666666667,1,1,1,0.0,-1.0,0.11798095703125,0.7888629533589173,0.4358367919921875,0.37975138134475106,0.4358367919921875
6330,211.0,1,1,1,0.0,-1.0,0.1220550537109375,0.782355373244633,0.4156392415364583,0.39958427945674957,0.4156392415364583
6331,211.03333333333333,1,1,1,0.0,-1.0,0.12988789876302084,0.7699903151342615,0.3996632893880208,0.4157143072830916,0.3996632893880208
6332,211.06666666666666,1,1,1,0.0,-1.0,0.13648478190104166,0.759712664396654,0.3876190185546875,0.4282434144845384,0.3876190185546875
6333,211.1,1,1,1,0.0,-1.0,0.13267008463541666,0.7656516077680189,0.3921101888020833,0.4235618268311171,0.3921101888020833
6334,211.13333333333333,1,1,1,0.0,-1.0,0.12590535481770834,0.7762593628878223,0.41632080078125,0.3988024799702205,0.41632080078125
6335,211.16666666666666,1,1,1,0.0,-1.0,0.120086669921875,0.7855021948523815,0.4323374430338542,0.38315754572900695,0.4323374430338542
6336,211.2,1,1,1,0.0,-1.0,0.0962982177734375,0.8242736994918591,0.4401906331380208,0.37557143747394284,0.4401906331380208
6337,211.23333333333332,1,1,1,0.0,-1.0,0.09984334309895833,0.8183982408711301,0.4506937662760417,0.36541061806268293,0.4506937662760417
6338,211.26666666666668,1,1,1,0.0,-1.0,0.10107930501302083,0.8163581248737299,0.465484619140625,0.35136788665766505,0.465484619140625
6339,211.3,1,1,1,0.0,-1.0,0.10030619303385417,0.8176314139505167,0.4809010823567708,0.3368658458679174,0.4809010823567708
6340,211.33333333333334,1,1,1,0.0,-1.0,0.11060587565104167,0.8007615842598124,0.4949239095052083,0.32384773652772886,0.4949239095052083
6341,211.36666666666667,1,1,1,0.0,-1.0,0.1222381591796875,0.7820762959164087,0.5154774983723959,0.3052344439843341,0.5154774983723959
6342,211.4,1,1,1,0.0,-1.0,0.13387552897135416,0.7637588538691016,0.5462239583333334,0.2785701051326189,0.5462239583333334
6343,211.43333333333334,1,1,1,0.0,-1.0,0.1408538818359375,0.7529494787222237,0.5676727294921875,0.26052571861850465,0.5676727294921875
6344,211.46666666666667,1,1,1,0.0,-1.0,0.14027913411458334,0.7538358129050166,0.5848032633463541,0.24657229775241146,0.5848032633463541
6345,211.5,1,1,1,0.0,-1.0,0.13934834798177084,0.7552801372816026,0.5937398274739584,0.2392759962990467,0.5937398274739584
6346,211.53333333333333,1,1,1,0.0,-1.0,0.13740030924479166,0.7582914416791977,0.5932871500651041,0.23932875944441984,0.5932871500651041
6347,211.56666666666666,1,1,1,0.0,-1.0,0.14223734537760416,0.7508336055187508,0.5641682942708334,0.26219442389902753,0.5641682942708334
6348,211.6,1,1,1,0.0,-1.0,0.126068115234375,0.775996631429146,0.5509236653645834,0.27314007449764915,0.5509236653645834
6349,211.63333333333333,1,1,1,0.0,-1.0,0.09969075520833333,0.8186319600857581,0.5440419514973959,0.27871331233310587,0.5440419514973959
6350,211.66666666666666,1,1,1,0.0,-1.0,0.10254414876302083,0.8139323120753026,0.5366312662760416,0.28469309084090366,0.5366312662760416
6351,211.7,1,1,1,0.0,-1.0,0.10333760579427083,0.8126266699387504,0.5215504964192709,0.29727994255372403,0.5215504964192709
6352,211.73333333333332,1,1,1,0.0,-1.0,0.11011759440104167,0.8015482862094405,0.5071055094401041,0.30943299398997803,0.5071055094401041
6353,211.76666666666668,1,1,1,0.0,-1.0,0.122406005859375,0.7818027042826239,0.4915720621744792,0.3227772099417951,0.4915720621744792
6354,211.8,1,1,1,0.0,-1.0,0.13646443684895834,0.7597343940116839,0.4674072265625,0.3444337680553834,0.4674072265625
6355,211.83333333333334,1,1,1,0.0,-1.0,0.1504669189453125,0.7382822655971062,0.4370625813802083,0.37280177925081864,0.4370625813802083
6356,211.86666666666667,1,1,1,0.0,-1.0,0.15427144368489584,0.7325480979684086,0.4168192545572917,0.39266627859416875,0.4168192545572917
6357,211.9,1,1,1,0.0,-1.0,0.13877360026041666,0.7561522698626739,0.4012095133463542,0.40830556662985706,0.4012095133463542
6358,211.93333333333334,1,1,1,0.0,-1.0,0.14008585611979166,0.7541286525525126,0.39422607421875,0.4152317936121936,0.39422607421875
6359,211.96666666666667,1,1,1,0.0,-1.0,0.14600118001302084,0.7450611710568202,0.4073893229166667,0.4013741872121073,0.4073893229166667
6360,212.0,1,1,1,0.0,-1.0,0.15264383951822916,0.7350003805750595,0.4280548095703125,0.3805971826098136,0.4280548095703125
6361,212.03333333333333,1,1,1,0.0,-1.0,0.11082967122395833,0.8003614537295325,0.4394022623697917,0.3695978293830908,0.4394022623697917
6362,212.06666666666666,1,1,1,0.0,-1.0,0.1006927490234375,0.8169661378508835,0.4470265706380208,0.36202797324741476,0.4470265706380208
6363,212.1,1,1,1,0.0,-1.0,0.10213216145833333,0.8145945482686476,0.4539388020833333,0.35516224037341637,0.4539388020833333
6364,212.13333333333333,1,1,1,0.0,-1.0,0.10787455240885417,0.8051808774520848,0.4660898844401042,0.3433149871860578,0.4660898844401042
6365,212.16666666666666,1,1,1,0.0,-1.0,0.11803181966145833,0.7887632422945068,0.4790445963541667,0.3308462891405408,0.4790445963541667
6366,212.2,1,1,1,0.0,-1.0,0.1315155029296875,0.7674216356209573,0.4972432454427083,0.3139208155143165,0.4972432454427083
6367,212.23333333333332,1,1,1,0.0,-1.0,0.14658610026041666,0.744156531093848,0.5269114176432291,0.28744003458551304,0.5269114176432291
6368,212.26666666666668,1,1,1,0.0,-1.0,0.16059366861979166,0.7230636244192669,0.54644775390625,0.27030138068837095,0.54644775390625
6369,212.3,1,1,1,0.0,-1.0,0.14236958821614584,0.7505736565706616,0.5662587483723959,0.2539639809855335,0.5662587483723959
6370,212.33333333333334,1,1,1,0.0,-1.0,0.13350931803385416,0.7642920184123847,0.5773417154947916,0.24458970816976797,0.5773417154947916
6371,212.36666666666667,1,1,1,0.0,-1.0,0.13665771484375,0.7593980653318577,0.581207275390625,0.24085417529263675,0.581207275390625
6372,212.4,1,1,1,0.0,-1.0,0.14430745442708334,0.7476119633224969,0.5674540201822916,0.25126986181171157,0.5674540201822916
6373,212.43333333333334,1,1,1,0.0,-1.0,0.14506022135416666,0.7464753722000692,0.5484720865885416,0.26657975646396304,0.5484720865885416
6374,212.46666666666667,1,1,1,0.0,-1.0,0.10306803385416667,0.8130240517501734,0.5406646728515625,0.27282972694241003,0.5406646728515625
6375,212.5,1,1,1,0.0,-1.0,0.09050496419270833,0.8339345614574787,0.5371144612630209,0.2753692721458463,0.5371144612630209
6376,212.53333333333333,1,1,1,0.0,-1.0,0.08815511067708333,0.8378985180434239,0.5355631510416666,0.27617189017562943,0.5355631510416666
6377,212.56666666666666,1,1,1,0.0,-1.0,0.088653564453125,0.8370516074390488,0.5297037760416666,0.28063326007195927,0.5297037760416666
6378,212.6,1,1,1,0.0,-1.0,0.09296671549479167,0.8297882566965145,0.5183308919270834,0.2898766341357899,0.5183308919270834
6379,212.63333333333333,1,1,1,0.0,-1.0,0.095672607421875,0.8252580428377546,0.5069478352864584,0.2992737106150121,0.5069478352864584
6380,212.66666666666666,1,1,1,0.0,-1.0,0.09897867838541667,0.8197489670667846,0.4952138264973958,0.30917818392027185,0.4952138264973958
6381,212.7,1,1,1,0.0,-1.0,0.1025390625,0.8138531135986005,0.4777933756510417,0.3244042241745466,0.4777933756510417
6382,212.73333333333332,1,1,1,0.0,-1.0,0.10532124837239583,0.8092686674278132,0.466339111328125,0.33450507634372345,0.466339111328125
6383,212.76666666666668,1,1,1,0.0,-1.0,0.10565694173177083,0.8087105653852115,0.4515635172526042,0.34809323022313937,0.4515635172526042
6384,212.8,1,1,1,0.0,-1.0,0.085479736328125,0.8423738488604658,0.4386342366536458,0.36057930238681113,0.4386342366536458
6385,212.83333333333334,1,1,1,0.0,-1.0,0.074981689453125,0.8603935456770541,0.4257405598958333,0.3729403671674337,0.4257405598958333
6386,212.86666666666667,1,1,1,0.0,-1.0,0.07049560546875,0.868193212972671,0.4166005452473958,0.3817532325520469,0.4166005452473958
6387,212.9,1,1,1,0.0,-1.0,0.0672760009765625,0.8738297340058396,0.41162109375,0.3865014674999424,0.41162109375
6388,212.93333333333334,1,1,1,0.0,-1.0,0.06497701009114583,0.877874160688463,0.4099578857421875,0.38788504205755703,0.4099578857421875
6389,212.96666666666667,1,1,1,0.0,-1.0,0.06308492024739583,0.881213098377067,0.4103291829427083,0.3872327665200118,0.4103291829427083
6390,213.0,1,1,1,0.0,-1.0,0.060963948567708336,0.8849715249771535,0.4164937337239583,0.3807737118799184,0.4164937337239583
6391,213.03333333333333,1,1,1,0.0,-1.0,0.059224446614583336,0.888066168384259,0.4237772623697917,0.37325598616498634,0.4237772623697917
6392,213.06666666666666,1,1,1,0.0,-1.0,0.057215372721354164,0.8916511898854917,0.4328206380208333,0.3641132473718369,0.4328206380208333
6393,213.1,1,1,1,0.0,-1.0,0.0492706298828125,0.9059980263132728,0.4376017252604167,0.3597090844664437,0.4376017252604167
6394,213.13333333333333,1,1,1,0.0,-1.0,0.035222371419270836,0.9319002004714128,0.4432474772135417,0.354294828693619,0.4432474772135417
6395,213.16666666666666,1,1,1,0.0,-1.0,0.028106689453125,0.9452859535400304,0.446868896484375,0.35075152163272144,0.446868896484375
6396,213.2,1,1,1,0.0,-1.0,0.021581013997395832,0.957721816523623,0.4493865966796875,0.3481960583732336,0.4493865966796875
6397,213.23333333333332,1,1,1,0.0,-1.0,0.019297281901041668,0.9621108113905207,0.4512125651041667,0.34614564578178586,0.4512125651041667
6398,213.26666666666668,1,1,1,0.0,-1.0,0.008997599283854166,0.9821532479128429,0.451080322265625,0.34610711597286226,0.451080322265625
6399,213.3,1,1,1,0.0,-1.0,0.0075836181640625,0.9849380369051108,0.4521433512369792,0.34508591689393003,0.4521433512369792
6400,213.33333333333334,1,1,1,0.0,-1.0,0.0065460205078125,0.9869869955858563,0.453155517578125,0.34414882552928117,0.453155517578125
6401,213.36666666666667,1,1,1,0.0,-1.0,0.007471720377604167,0.9851615223164667,0.4523111979166667,0.3447152197345148,0.4523111979166667
6402,213.4,1,1,1,0.0,-1.0,0.005645751953125,0.9887679197127145,0.4528554280598958,0.3439840105124588,0.4528554280598958
6403,213.43333333333334,1,1,1,0.0,-1.0,0.005462646484375,0.9891307301475597,0.4536794026692708,0.34305940438833826,0.4536794026692708
6404,213.46666666666667,1,1,1,0.0,-1.0,0.005009969075520833,0.9900270426996531,0.4534505208333333,0.34280681283686165,0.4534505208333333
6405,213.5,1,1,1,0.0,-1.0,0.027348836263020832,0.9467175685750517,0.4473520914713542,0.3460727835075027,0.4473520914713542
6406,213.53333333333333,1,1,1,0.0,-1.0,0.040598551432291664,0.9217286016628861,0.4363149007161458,0.3520258880871197,0.4363149007161458
6407,213.56666666666666,1,1,1,0.0,-1.0,0.049585978190104164,0.9045948122111063,0.4225565592447917,0.3588701879562674,0.4225565592447917
6408,213.6,1,1,1,0.0,-1.0,0.056243896484375,0.891071574821948,0.4082692464192708,0.36497055575030696,0.4082692464192708
6409,213.63333333333333,1,1,1,0.0,-1.0,0.054417928059895836,0.8922732387901486,0.3898366292317708,0.3751829905790873,0.3898366292317708
6410,213.66666666666666,1,1,1,0.0,-1.0,0.0473785400390625,0.9032114693680637,0.3704783121744792,0.388198031586553,0.3704783121744792
6411,213.7,1,1,1,0.0,-1.0,0.0323333740234375,0.9314918819232902,0.3595326741536458,0.3958861150334544,0.3595326741536458
6412,213.73333333333332,1,1,1,0.0,-1.0,0.021296183268229168,0.9539600864958611,0.3584493001302083,0.396590990293217,0.3584493001302083
6413,213.76666666666668,1,1,1,0.0,-1.0,0.026616414388020832,0.9428568317014399,0.3593597412109375,0.3963581934750585,0.3593597412109375
6414,213.8,1,1,1,0.0,-1.0,0.0288238525390625,0.9386689893610269,0.3650970458984375,0.3922053639483257,0.3650970458984375
6415,213.83333333333334,1,1,1,0.0,-1.0,0.035227457682291664,0.9262563465055094,0.3741048177083333,0.38533955237375045,0.3741048177083333
6416,213.86666666666667,1,1,1,0.0,-1.0,0.0388946533203125,0.9196374427909195,0.3788604736328125,0.3823450836898181,0.3788604736328125
6417,213.9,1,1,1,0.0,-1.0,0.038686116536458336,0.9204654073325356,0.3783772786458333,0.3835528686964122,0.3783772786458333
6418,213.93333333333334,1,1,1,0.0,-1.0,0.033396402994791664,0.930853395567187,0.3739013671875,0.38689392404450185,0.3739013671875
6419,213.96666666666667,1,1,1,0.0,-1.0,0.0246124267578125,0.9480174494461274,0.3630320231119792,0.39456988657417963,0.3630320231119792
6420,214.0,1,1,1,0.0,-1.0,0.019866943359375,0.9571403453700295,0.3484954833984375,0.40607821258221743,0.3484954833984375
6421,214.03333333333333,1,1,1,0.0,-1.0,0.023173014322916668,0.9492080003521575,0.3315226236979167,0.4197694364627995,0.3315226236979167
6422,214.06666666666666,1,1,1,0.0,-1.0,0.022862752278645832,0.9486627100938152,0.3179168701171875,0.4301280525394867,0.3179168701171875
6423,214.1,1,1,1,0.0,-1.0,0.018488566080729168,0.9572479899009803,0.3089141845703125,0.43633408424590053,0.3089141845703125
6424,214.13333333333333,1,1,1,0.0,-1.0,0.018213907877604168,0.9569066396394128,0.2995147705078125,0.44293951050099256,0.2995147705078125
6425,214.16666666666666,1,1,1,0.0,-1.0,0.014495849609375,0.9648123049777404,0.2910257975260417,0.44992795099628463,0.2910257975260417
6426,214.2,1,1,1,0.0,-1.0,0.015126546223958334,0.9625437316404037,0.2829488118489583,0.4559298129293442,0.2829488118489583
6427,214.23333333333332,1,1,1,0.0,-1.0,0.012751261393229166,0.9676602086574675,0.27923583984375,0.4574466214955085,0.27923583984375
6428,214.26666666666668,1,1,1,0.0,-1.0,0.0147857666015625,0.9618273450752539,0.276153564453125,0.45721808141011694,0.276153564453125
6429,214.3,1,1,1,0.0,-1.0,0.014455159505208334,0.9618859768221376,0.2706654866536458,0.46123277966600573,0.2706654866536458
6430,214.33333333333334,1,1,1,0.0,-1.0,0.015782674153645832,0.9576851469803975,0.2641652425130208,0.46627124355496175,0.2641652425130208
6431,214.36666666666667,1,1,1,0.0,-1.0,0.016733805338541668,0.9542587146479564,0.2602691650390625,0.46775473654115224,0.2602691650390625
6432,214.4,1,1,1,0.0,-1.0,0.012654622395833334,0.9646453562233454,0.2595774332682292,0.4674466546513222,0.2595774332682292
6433,214.43333333333334,1,1,1,0.0,-1.0,0.0195159912109375,0.9463817794059406,0.2610270182291667,0.468349847824846,0.2610270182291667
6434,214.46666666666667,1,1,1,0.0,-1.0,0.01873779296875,0.9493188144025813,0.264984130859375,0.465922351964621,0.264984130859375
6435,214.5,1,1,1,0.0,-1.0,0.016021728515625,0.9570601258342558,0.2689615885416667,0.46280664716861564,0.2689615885416667
6436,214.53333333333333,1,1,1,0.0,-1.0,0.016759236653645832,0.9557932102375719,0.2743682861328125,0.4588351864467752,0.2743682861328125
6437,214.56666666666666,1,1,1,0.0,-1.0,0.0157470703125,0.9590859253135247,0.2764994303385417,0.45936402108107766,0.2764994303385417
6438,214.6,1,1,1,0.0,-1.0,0.020350138346354168,0.9482569493520436,0.27874755859375,0.4588676266777604,0.27874755859375
6439,214.63333333333333,1,1,1,0.0,-1.0,0.021240234375,0.9468085617493927,0.282440185546875,0.457390136307227,0.282440185546875
6440,214.66666666666666,1,1,1,0.0,-1.0,0.020701090494791668,0.9488630475157205,0.2880503336588542,0.4533944564115982,0.2880503336588542
6441,214.7,1,1,1,0.0,-1.0,0.018895467122395832,0.9537332781974224,0.2924092610677083,0.45018466837845134,0.2924092610677083
6442,214.73333333333332,1,1,1,0.0,-1.0,0.0180206298828125,0.9564538405608571,0.2979278564453125,0.4462316466506946,0.2979278564453125
6443,214.76666666666668,1,1,1,0.0,-1.0,0.018346150716145832,0.9562575800365366,0.3005421956380208,0.4458315003337523,0.3005421956380208
6444,214.8,1,1,1,0.0,-1.0,0.018890380859375,0.9555312651166736,0.3036397298177083,0.4446801984162474,0.3036397298177083
6445,214.83333333333334,1,1,1,0.0,-1.0,0.020497639973958332,0.952362452818255,0.3091328938802083,0.4404070793643511,0.3091328938802083
6446,214.86666666666667,1,1,1,0.0,-1.0,0.026641845703125,0.9392004935872902,0.3174235026041667,0.43342758025761896,0.3174235026041667
6447,214.9,1,1,1,0.0,-1.0,0.027374267578125,0.9382787403120014,0.324005126953125,0.42773949425600305,0.324005126953125
6448,214.93333333333334,1,1,1,0.0,-1.0,0.034174601236979164,0.9243412247200391,0.3294219970703125,0.42428472349378266,0.3294219970703125
6449,214.96666666666667,1,1,1,0.0,-1.0,0.038431803385416664,0.9162256956445745,0.3361714680989583,0.41924260546139935,0.3361714680989583
6450,215.0,1,1,1,0.0,-1.0,0.0438079833984375,0.905964143753627,0.3449656168619792,0.41188987380758446,0.3449656168619792
6451,215.03333333333333,1,1,1,0.0,-1.0,0.053070068359375,0.8885524140292539,0.3548838297526042,0.4044243092153193,0.3548838297526042
6452,215.06666666666666,1,1,1,0.0,-1.0,0.06508890787760417,0.8668685481141429,0.3636016845703125,0.3989484319579463,0.3636016845703125
6453,215.1,1,1,1,0.0,-1.0,0.07566324869791667,0.8489945056573739,0.3772125244140625,0.3886193103578628,0.3772125244140625
6454,215.13333333333333,1,1,1,0.0,-1.0,0.09602864583333333,0.8151831243517873,0.3933919270833333,0.37797346281577193,0.3933919270833333
6455,215.16666666666666,1,1,1,0.0,-1.0,0.13305155436197916,0.757653906764809,0.417144775390625,0.36289187487472907,0.417144775390625
6456,215.2,1,1,1,0.0,-1.0,0.15027872721354166,0.735455038324264,0.4317118326822917,0.3586128579460363,0.4317118326822917
6457,215.23333333333332,1,1,1,0.0,-1.0,0.14345296223958334,0.7485796588302995,0.4465128580729167,0.3524917238916714,0.4465128580729167
6458,215.26666666666668,1,1,1,0.0,-1.0,0.13023885091145834,0.7694257245890306,0.4653676350911458,0.3421192696460258,0.4653676350911458
6459,215.3,1,1,1,0.0,-1.0,0.11249796549479167,0.7962972525038585,0.4829813639322917,0.3309231284057045,0.4829813639322917
6460,215.33333333333334,1,1,1,0.0,-1.0,0.0984039306640625,0.8169279587851683,0.5064137776692709,0.31488788971961346,0.5064137776692709
6461,215.36666666666667,1,1,1,0.0,-1.0,0.08329264322916667,0.8377793149624304,0.5426839192708334,0.2893666003581179,0.5426839192708334
6462,215.4,1,1,1,0.0,-1.0,0.07861328125,0.8365265106803899,0.5860392252604166,0.25821752955151783,0.5860392252604166
6463,215.43333333333334,1,1,1,0.0,-1.0,0.0819854736328125,0.8147822191318227,0.627166748046875,0.2284830914598905,0.627166748046875
6464,215.46666666666667,1,1,1,0.0,-1.0,0.0741119384765625,0.8129351348832465,0.6604868570963541,0.20445174536927152,0.6604868570963541
6465,215.5,1,1,1,0.0,-1.0,0.0423583984375,0.8715391737039325,0.6943613688151041,0.1800529698197677,0.6943613688151041
6466,215.53333333333333,1,1,1,0.0,-1.0,0.037801106770833336,0.8637848341975152,0.7240397135416666,0.1586852896069445,0.7240397135416666
6467,215.56666666666666,1,1,1,0.0,-1.0,0.036677042643229164,0.8398232592058046,0.7409261067708334,0.14588540416251977,0.7409261067708334
6468,215.6,1,1,1,0.0,-1.0,0.032704671223958336,0.8179617325117694,0.7544911702473959,0.13515449921193481,0.7544911702473959
6469,215.63333333333333,1,1,1,0.0,-1.0,0.12095133463541667,0.5781184312271608,0.7426249186197916,0.14691630231557953,0.7426249186197916
6470,215.66666666666666,1,1,1,0.0,-1.0,0.17436726888020834,0.6033325177570633,0.6794281005859375,0.1897636379247768,0.6794281005859375
6471,215.7,1,1,1,0.0,-1.0,0.0807647705078125,0.8188421695189345,0.674346923828125,0.1925332983671985,0.674346923828125
6472,215.73333333333332,1,1,1,0.0,-1.0,0.021433512369791668,0.948571119311634,0.6781667073567709,0.19016151228346576,0.6781667073567709
6473,215.76666666666668,1,1,1,0.0,-1.0,0.040395100911458336,0.9035303893810672,0.6886342366536459,0.18336255404861165,0.6886342366536459
6474,215.8,1,1,1,0.0,-1.0,0.049280802408854164,0.8804904146306882,0.7057444254557291,0.1718586634342178,0.7057444254557291
6475,215.83333333333334,1,1,1,0.0,-1.0,0.06914774576822917,0.8382306916887128,0.7198638916015625,0.16167863460183396,0.7198638916015625
6476,215.86666666666667,1,1,1,0.0,-1.0,0.0695343017578125,0.8443440550488421,0.7183583577473959,0.16157126982097855,0.7183583577473959
6477,215.9,1,1,1,0.0,-1.0,0.06274922688802083,0.8655776929890979,0.7082570393880209,0.1661657468661089,0.7082570393880209
6478,215.93333333333334,1,1,1,0.0,-1.0,0.052602132161458336,0.8916509852602238,0.6893259684244791,0.17600616284137305,0.6893259684244791
6479,215.96666666666667,1,1,1,0.0,-1.0,0.048502604166666664,0.903383615266474,0.6642913818359375,0.18974751206712645,0.6642913818359375
6480,216.0,1,1,1,0.0,-1.0,0.06615193684895833,0.8727160042207618,0.6368560791015625,0.20876076745388358,0.6368560791015625
6481,216.03333333333333,1,1,1,0.0,-1.0,0.09158833821614583,0.8270838450562442,0.6197102864583334,0.22519789862622536,0.6197102864583334
6482,216.06666666666666,1,1,1,0.0,-1.0,0.08141581217447917,0.8409248015167439,0.6123199462890625,0.23416617633339692,0.6123199462890625
6483,216.1,1,1,1,0.0,-1.0,0.0701904296875,0.8563784517577013,0.614288330078125,0.23520970890953535,0.614288330078125
6484,216.13333333333333,1,1,1,0.0,-1.0,0.0598907470703125,0.8708720114482655,0.6213480631510416,0.23149237295085198,0.6213480631510416
6485,216.16666666666666,1,1,1,0.0,-1.0,0.050654093424479164,0.88473074899685,0.6286519368489584,0.22696037986417794,0.6286519368489584
6486,216.2,1,1,1,0.0,-1.0,0.041392008463541664,0.9007224530412465,0.6426035563151041,0.217078057873884,0.6426035563151041
6487,216.23333333333332,1,1,1,0.0,-1.0,0.030217488606770832,0.9237635703513616,0.6476999918619791,0.21357168838689278,0.6476999918619791
6488,216.26666666666668,1,1,1,0.0,-1.0,0.021311442057291668,0.9441032301138719,0.6544087727864584,0.2087687719423979,0.6544087727864584
6489,216.3,1,1,1,0.0,-1.0,0.010284423828125,0.9720981586069182,0.6567840576171875,0.20707500419274893,0.6567840576171875
6490,216.33333333333334,1,1,1,0.0,-1.0,0.00518798828125,0.9857361440015134,0.6567840576171875,0.20707410553814992,0.6567840576171875
6491,216.36666666666667,1,1,1,0.0,-1.0,0.0074310302734375,0.979623699923156,0.6578114827473959,0.2063383185299439,0.6578114827473959
6492,216.4,1,1,1,0.0,-1.0,0.010584513346354166,0.9709634385566561,0.6603240966796875,0.204534904459811,0.6603240966796875
6493,216.43333333333334,1,1,1,0.0,-1.0,0.012461344401041666,0.965607664176633,0.6631418863932291,0.2025187581224906,0.6631418863932291
6494,216.46666666666667,1,1,1,0.0,-1.0,0.014322916666666666,0.960124778339768,0.6667531331380209,0.19993137258185817,0.6667531331380209
6495,216.5,1,1,1,0.0,-1.0,0.0148773193359375,0.9580148338180989,0.6703948974609375,0.19732148629982035,0.6703948974609375
6496,216.53333333333333,1,1,1,0.0,-1.0,0.014551798502604166,0.9582609102495183,0.6741892496744791,0.19459557198215072,0.6741892496744791
6497,216.56666666666666,1,1,1,0.0,-1.0,0.014027913411458334,0.9589955529547661,0.6782175699869791,0.19169693026832973,0.6782175699869791
6498,216.6,1,1,1,0.0,-1.0,0.013448079427083334,0.9600029928460825,0.6805826822916666,0.18998380836918993,0.6805826822916666
6499,216.63333333333333,1,1,1,0.0,-1.0,0.013025919596354166,0.9608054427393955,0.6801350911458334,0.1902768942353728,0.6801350911458334
6500,216.66666666666666,1,1,1,0.0,-1.0,0.013615926106770834,0.9588296316235028,0.6791330973307291,0.1909709070996547,0.6791330973307291
6501,216.7,1,1,1,0.0,-1.0,0.013712565104166666,0.9584161354234287,0.6786346435546875,0.19132217151107672,0.6786346435546875
6502,216.73333333333332,1,1,1,0.0,-1.0,0.013417561848958334,0.9592370377078621,0.6769460042317709,0.192524379285214,0.6769460042317709
6503,216.76666666666668,1,1,1,0.0,-1.0,0.014704386393229166,0.9554008821220803,0.6756998697916666,0.19340842000584701,0.6756998697916666
6504,216.8,1,1,1,0.0,-1.0,0.015116373697916666,0.9540931656488632,0.6739654541015625,0.19463967122818662,0.6739654541015625
6505,216.83333333333334,1,1,1,0.0,-1.0,0.014734903971354166,0.9551652027537587,0.6714986165364584,0.1963994202858173,0.6714986165364584
6506,216.86666666666667,1,1,1,0.0,-1.0,0.013753255208333334,0.9581410173803742,0.6677144368489584,0.19913300808887618,0.6677144368489584
6507,216.9,1,1,1,0.0,-1.0,0.0129852294921875,0.9608317466501086,0.661376953125,0.20375373278651293,0.661376953125
6508,216.93333333333334,1,1,1,0.0,-1.0,0.018798828125,0.9456296697904469,0.6482340494791666,0.21341789288377544,0.6482340494791666
6509,216.96666666666667,1,1,1,0.0,-1.0,0.034210205078125,0.9094190476788144,0.6252797444661459,0.23038001973110261,0.6252797444661459
6510,217.0,1,1,1,0.0,-1.0,0.062103271484375,0.8564960052208184,0.5814666748046875,0.26289400923912326,0.5814666748046875
6511,217.03333333333333,1,1,1,0.0,-1.0,0.08328755696614583,0.8302749431998264,0.530731201171875,0.2999770446137403,0.530731201171875
6512,217.06666666666666,1,1,1,0.0,-1.0,0.1029815673828125,0.8090919318391503,0.4730275472005208,0.3394049670470612,0.4730275472005208
6513,217.1,1,1,1,0.0,-1.0,0.17670186360677084,0.6971848129677456,0.3854420979817708,0.38802029277906436,0.3854420979817708
6514,217.13333333333333,1,1,1,0.0,-1.0,0.24819437662760416,0.5174884530419542,0.2982889811197917,0.37913486459604323,0.2982889811197917
6515,217.16666666666666,1,1,1,0.0,-1.0,0.1162109375,0.44189453125,0.2218475341796875,0.38907623291015625,0.2218475341796875
6516,217.2,1,1,1,0.0,-1.0,0.0,1.0,0.221710205078125,0.3891448974609375,0.221710205078125
6517,217.23333333333332,1,1,1,0.0,-1.0,0.0,1.0,0.2214202880859375,0.38928985595703125,0.2214202880859375
6518,217.26666666666668,1,1,1,0.0,-1.0,0.0,1.0,0.22106424967447916,0.38946787516276044,0.22106424967447916
6519,217.3,1,1,1,0.0,-1.0,0.0,1.0,0.22052001953125,0.389739990234375,0.22052001953125
6520,217.33333333333334,1,1,1,0.0,-1.0,0.0,1.0,0.21993509928385416,0.39003245035807294,0.21993509928385416
6521,217.36666666666667,1,1,1,0.0,-1.0,0.0,1.0,0.2194061279296875,0.39029693603515625,0.2194061279296875
6522,217.4,1,1,1,0.0,-1.0,0.0,1.0,0.2189178466796875,0.39054107666015625,0.2189178466796875
6523,217.43333333333334,1,1,1,0.0,-1.0,0.0,1.0,0.21843465169270834,0.3907826741536458,0.21843465169270834
6524,217.46666666666667,1,1,1,0.0,-1.0,0.0,1.0,0.21809895833333334,0.3909505208333333,0.21809895833333334
6525,217.5,1,1,1,0.0,-1.0,0.0,1.0,0.21788533528645834,0.3910573323567708,0.21788533528645834
6526,217.53333333333333,1,1,1,0.0,-1.0,0.0,1.0,0.2176666259765625,0.39116668701171875,0.2176666259765625
6527,217.56666666666666,1,1,1,0.0,-1.0,0.0,1.0,0.21758015950520834,0.3912099202473958,0.21758015950520834
6528,217.6,1,1,1,0.0,-1.0,0.0,1.0,0.21756490071614584,0.39121754964192706,0.21756490071614584
6529,217.63333333333333,1,1,1,0.0,-1.0,0.0,1.0,0.21744791666666666,0.3912760416666667,0.21744791666666666
6530,217.66666666666666,1,1,1,0.0,-1.0,0.0,1.0,0.21746826171875,0.391265869140625,0.21746826171875
6531,217.7,1,1,1,0.0,-1.0,0.0,1.0,0.21743265787760416,0.39128367106119794,0.21743265787760416
6532,217.73333333333332,1,1,1,0.0,-1.0,0.0,1.0,0.21739705403645834,0.3913014729817708,0.21739705403645834
6533,217.76666666666668,1,1,1,0.0,-1.0,0.0,1.0,0.21742757161458334,0.3912862141927083,0.21742757161458334
6534,217.8,1,1,1,0.0,-1.0,0.0,1.0,0.21742757161458334,0.3912862141927083,0.21742757161458334
6535,217.83333333333334,1,1,1,0.0,-1.0,0.0,1.0,0.21756998697916666,0.3912150065104167,0.21756998697916666
6536,217.86666666666667,1,1,1,0.0,-1.0,0.0,1.0,0.21773274739583334,0.3911336263020833,0.21773274739583334
6537,217.9,1,1,1,0.0,-1.0,0.0,1.0,0.21784464518229166,0.3910776774088542,0.21784464518229166
6538,217.93333333333334,1,1,1,0.0,-1.0,0.0,1.0,0.218109130859375,0.3909454345703125,0.218109130859375
6539,217.96666666666667,1,1,1,0.0,-1.0,0.0,1.0,0.218292236328125,0.3908538818359375,0.218292236328125
6540,218.0,1,1,1,0.0,-1.0,0.0,1.0,0.21856180826822916,0.39071909586588544,0.21856180826822916
6541,218.03333333333333,1,1,1,0.0,-1.0,0.0,1.0,0.21876017252604166,0.3906199137369792,0.21876017252604166
6542,218.06666666666666,1,1,1,0.0,-1.0,0.0,1.0,0.218841552734375,0.3905792236328125,0.218841552734375
6543,218.1,1,1,1,0.0,-1.0,0.0,1.0,0.21886698404947916,0.39056650797526044,0.21886698404947916
6544,218.13333333333333,1,1,1,0.0,-1.0,0.0,1.0,0.21875,0.390625,0.21875
6545,218.16666666666666,1,1,1,0.0,-1.0,0.0,1.0,0.21854146321614584,0.39072926839192706,0.21854146321614584
6546,218.2,1,1,1,0.0,-1.0,0.0,1.0,0.21805318196614584,0.39097340901692706,0.21805318196614584
6547,218.23333333333332,1,1,1,0.0,-1.0,0.0,1.0,0.21741231282552084,0.39129384358723956,0.21741231282552084
6548,218.26666666666668,1,1,1,0.0,-1.0,0.0,1.0,0.2166595458984375,0.39167022705078125,0.2166595458984375
6549,218.3,1,1,1,0.0,-1.0,0.0,1.0,0.21593221028645834,0.3920338948567708,0.21593221028645834
6550,218.33333333333334,1,1,1,0.0,-1.0,0.0,1.0,0.21512858072916666,0.3924357096354167,0.21512858072916666
6551,218.36666666666667,1,1,1,0.0,-1.0,0.0,1.0,0.21430460611979166,0.3928476969401042,0.21430460611979166
6552,218.4,1,1,1,0.0,-1.0,0.0,1.0,0.2134552001953125,0.39327239990234375,0.2134552001953125
6553,218.43333333333334,1,1,1,0.0,-1.0,0.0,1.0,0.21263631184895834,0.3936818440755208,0.21263631184895834
6554,218.46666666666667,1,1,1,0.0,-1.0,0.0,1.0,0.21194966634114584,0.39402516682942706,0.21194966634114584
6555,218.5,1,1,1,0.0,-1.0,0.0,1.0,0.21143086751302084,0.39428456624348956,0.21143086751302084
6556,218.53333333333333,1,1,1,0.0,-1.0,0.0,1.0,0.21091206868489584,0.39454396565755206,0.21091206868489584
6557,218.56666666666666,1,1,1,0.0,-1.0,0.0,1.0,0.210479736328125,0.3947601318359375,0.210479736328125
6558,218.6,1,1,1,0.0,-1.0,0.0,1.0,0.210174560546875,0.3949127197265625,0.210174560546875
6559,218.63333333333333,1,1,1,0.0,-1.0,0.0,1.0,0.21001688639322916,0.39499155680338544,0.21001688639322916
6560,218.66666666666666,1,1,1,0.0,-1.0,0.0,1.0,0.20990498860677084,0.39504750569661456,0.20990498860677084
6561,218.7,1,1,1,0.0,-1.0,0.0,1.0,0.209869384765625,0.3950653076171875,0.209869384765625
6562,218.73333333333332,1,1,1,0.0,-1.0,0.0,1.0,0.209869384765625,0.3950653076171875,0.209869384765625
6563,218.76666666666668,1,1,1,0.0,-1.0,0.0,1.0,0.20992533365885416,0.39503733317057294,0.20992533365885416
6564,218.8,1,1,1,0.0,-1.0,0.0,1.0,0.2100830078125,0.39495849609375,0.2100830078125
6565,218.83333333333334,1,1,1,0.0,-1.0,0.0,1.0,0.21015421549479166,0.3949228922526042,0.21015421549479166
6566,218.86666666666667,1,1,1,0.0,-1.0,0.0,1.0,0.21029154459635416,0.39485422770182294,0.21029154459635416
6567,218.9,1,1,1,0.0,-1.0,0.0,1.0,0.21051025390625,0.394744873046875,0.21051025390625
6568,218.93333333333334,1,1,1,0.0,-1.0,0.0,1.0,0.21080525716145834,0.3945973714192708,0.21080525716145834
6569,218.96666666666667,1,1,1,0.0,-1.0,0.0,1.0,0.21123758951822916,0.39438120524088544,0.21123758951822916
6570,219.0,1,1,1,0.0,-1.0,0.0,1.0,0.21162923177083334,0.3941853841145833,0.21162923177083334
6571,219.03333333333333,1,1,1,0.0,-1.0,0.0,1.0,0.21207682291666666,0.3939615885416667,0.21207682291666666
6572,219.06666666666666,1,1,1,0.0,-1.0,0.0,1.0,0.21246846516927084,0.39376576741536456,0.21246846516927084
